ClienteID,Genero,Jubilado,Socio,Dependientes,Permanencia,ServicioTelefonico,LineasMultiples,InternetService,SeguridadOnline,RespaldoOnline,ProteccionDispositivos,TechSupport,StreamingTV,StreamingMovies,Contrato,Facturacion,MetodoPago,CargoMensual,TotalCargos,Abandono
QM-5876,Femenino,0,Si,Si,23,Si,No,No,No internet service,No internet service,No internet service,No internet service,No internet service,No internet service,One year,No,Deposito bancario,20.05,415.1,No
AX-2277,Femenino,0,No,No,32,Si,No,No,No internet service,No internet service,No internet service,No internet service,No internet service,No internet service,One year,No,Transferencia Bancaria,19.75,624.15,No
JT-9442,Femenino,0,No,No,11,Si,No,No,No internet service,No internet service,No internet service,No internet service,No internet service,No internet service,One year,No,Tarjeta de Credito,20.05,237.7,No
PH-0979,Masculino,0,Si,Si,69,Si,Si,Fiber optic,No,No,Si,No,Si,Si,Month-to-month,Si,Tarjeta de Credito,99.45,7007.6,Si
SV-3067,Femenino,0,Si,No,68,Si,No,DSL,Si,No,No,Si,No,No,One year,No,Transferencia Bancaria,55.9,3848.8,No
GP-5495,Masculino,0,No,No,20,Si,No,No,No internet service,No internet service,No internet service,No internet service,No internet service,No internet service,Two year,Si,Deposito bancario,19.7,419.4,No
BP-7606,Masculino,0,No,No,72,Si,No,No,No internet service,No internet service,No internet service,No internet service,No internet service,No internet service,Two year,Si,Tarjeta de Credito,19.8,1468.75,No
DR-4742,Masculino,0,Si,Si,60,Si,Si,Fiber optic,Si,No,Si,No,Si,No,One year,Si,Transferencia Bancaria,95.4,5812,No
KL-0111,Masculino,1,Si,Si,32,Si,No,Fiber optic,No,Si,No,No,Si,Si,Month-to-month,Si,Deposito bancario,93.95,2861.45,No
VH-4800,Femenino,0,No,No,1,Si,No,No,No internet service,No internet service,No internet service,No internet service,No internet service,No internet service,Month-to-month,Si,Deposito bancario,19.9,19.9,Si
CH-7989,Masculino,0,No,No,1,Si,No,No,No internet service,No internet service,No internet service,No internet service,No internet service,No internet service,Month-to-month,Si,Deposito bancario,19.6,19.6,Si
GD-0334,Masculino,1,No,No,3,Si,Si,Fiber optic,No,Si,No,No,No,No,Month-to-month,Si,Cheque,81.35,233.7,Si
NC-4163,Femenino,0,Si,No,46,Si,Si,No,No internet service,No internet service,No internet service,No internet service,No internet service,No internet service,One year,Si,Transferencia Bancaria,24.45,1066.15,No
AO-5233,Femenino,0,Si,No,29,Si,Si,Fiber optic,No,No,No,No,No,No,Month-to-month,Si,Cheque,74.95,2149.05,No
EJ-5973,Masculino,0,No,No,51,Si,Si,Fiber optic,No,Si,Si,Si,No,No,Month-to-month,Si,Cheque,87.35,4473,No
DB-1996,Femenino,1,Si,No,48,Si,No,Fiber optic,No,No,No,No,No,No,Month-to-month,Si,Transferencia Bancaria,70.65,3545.05,No
VC-7916,Femenino,0,Si,Si,16,Si,No,Fiber optic,No,Si,No,No,No,No,Month-to-month,No,Transferencia Bancaria,73.25,1195.75,No
GE-4686,Masculino,0,Si,No,70,Si,Si,Fiber optic,No,Si,Si,Si,No,Si,Two year,Si,Transferencia Bancaria,98.7,6858.9,No
QY-5249,Femenino,0,Si,Si,40,Si,Si,No,No internet service,No internet service,No internet service,No internet service,No internet service,No internet service,Two year,Si,Deposito bancario,24.8,1024.7,No
SK-0578,Femenino,0,Si,Si,22,Si,No,Fiber optic,No,Si,No,No,No,Si,Month-to-month,No,Cheque,83.3,1845.9,Si
NE-5564,Femenino,1,No,No,1,Si,No,Fiber optic,No,No,Si,No,No,No,Month-to-month,Si,Transferencia Bancaria,75.3,75.3,Si
FA-2233,Femenino,0,Si,Si,5,Si,Si,No,No internet service,No internet service,No internet service,No internet service,No internet service,No internet service,Month-to-month,Si,Deposito bancario,24.3,132.25,No
IY-5605,Femenino,0,No,No,7,Si,No,Fiber optic,No,No,No,No,No,No,Month-to-month,Si,Transferencia Bancaria,69.85,515.45,No
ZT-7663,Masculino,0,No,Si,29,Si,Si,Fiber optic,No,Si,Si,Si,No,Si,One year,No,Tarjeta de Credito,100.55,2830.45,No
TB-3935,Masculino,0,Si,Si,44,Si,Si,No,No internet service,No internet service,No internet service,No internet service,No internet service,No internet service,One year,No,Deposito bancario,25.7,1110.5,No
BK-8111,Femenino,0,No,No,10,No,No Servicio Telef nico,DSL,Si,Si,Si,No,No,No,Month-to-month,No,Transferencia Bancaria,40.7,449.3,No
SI-2055,Femenino,1,Si,No,55,Si,Si,DSL,No,No,No,No,No,No,Month-to-month,No,Transferencia Bancaria,51.65,2838.55,No
ML-2806,Masculino,1,Si,No,52,Si,Si,Fiber optic,No,Si,Si,No,Si,Si,One year,Si,Transferencia Bancaria,105.1,5376.4,No
DK-8734,Femenino,0,Si,Si,10,Si,Si,Fiber optic,No,No,No,No,No,Si,Month-to-month,No,Cheque,85.95,858.6,No
PN-4360,Masculino,0,No,No,18,Si,Si,Fiber optic,No,No,No,No,No,No,Month-to-month,Si,Transferencia Bancaria,75.6,1395.05,No
ON-6152,Femenino,0,Si,No,68,Si,Si,DSL,Si,No,No,Si,No,No,One year,No,Transferencia Bancaria,58.25,3975.7,No
ZG-9063,Femenino,0,Si,Si,61,Si,No,No,No internet service,No internet service,No internet service,No internet service,No internet service,No internet service,Month-to-month,Si,Deposito bancario,19.4,1182.55,Si
HV-7781,Femenino,0,Si,Si,72,No,No Servicio Telef nico,DSL,Si,Si,Si,Si,Si,Si,Two year,Si,Tarjeta de Credito,65.2,4784.45,No
UA-2181,Masculino,0,No,No,2,Si,No,DSL,Si,No,Si,No,No,No,Month-to-month,No,Cheque,53.45,119.5,No
LO-2957,Masculino,0,No,No,12,Si,No,DSL,No,No,No,No,No,No,Month-to-month,Si,Transferencia Bancaria,45.4,518.9,Si
NJ-6048,Masculino,0,Si,No,41,Si,No,No,No internet service,No internet service,No internet service,No internet service,No internet service,No internet service,Two year,Si,Cheque,19.75,899.45,No
SL-2320,Femenino,0,No,No,26,No,No Servicio Telef nico,DSL,No,No,Si,Si,Si,No,Month-to-month,Si,Tarjeta de Credito,44.45,1183.8,No
UR-4980,Masculino,0,Si,No,36,Si,No,No,No internet service,No internet service,No internet service,No internet service,No internet service,No internet service,One year,No,Transferencia Bancaria,20.85,720.05,No
KF-4376,Masculino,0,Si,Si,72,Si,Si,Fiber optic,Si,Si,Si,Si,Si,Si,Two year,Si,Tarjeta de Credito,114.05,8468.2,No
VL-5886,Masculino,0,Si,No,35,Si,Si,Fiber optic,No,No,No,Si,No,Si,Month-to-month,Si,Transferencia Bancaria,89.85,3161.2,No
AM-3577,Masculino,0,No,No,1,Si,No,DSL,No,No,Si,Si,No,No,Month-to-month,No,Deposito bancario,55.05,55.05,No
WL-0771,Femenino,0,Si,Si,16,Si,Si,Fiber optic,Si,No,Si,Si,Si,Si,Month-to-month,Si,Cheque,112.95,1882.55,No
RK-5628,Femenino,1,No,No,49,Si,Si,Fiber optic,Si,No,No,No,Si,Si,Month-to-month,No,Tarjeta de Credito,101.55,5070.4,No
TB-0206,Femenino,0,Si,No,54,Si,Si,Fiber optic,Si,Si,Si,Si,Si,Si,One year,Si,Deposito bancario,114.65,6049.5,No
FT-2937,Femenino,0,No,Si,18,Si,Si,DSL,Si,No,No,No,No,Si,Month-to-month,No,Cheque,64.8,1166.7,No
FM-1910,Femenino,0,Si,No,36,Si,No,Fiber optic,No,No,No,No,No,Si,Month-to-month,No,Cheque,80.4,2937.65,No
XU-7752,Femenino,0,No,No,60,Si,Si,Fiber optic,No,Si,Si,No,Si,Si,Month-to-month,Si,Cheque,105.9,6396.45,Si
PF-4110,Femenino,0,No,No,1,Si,No,Fiber optic,No,No,No,No,No,No,Month-to-month,No,Deposito bancario,69.55,69.55,Si
OC-0732,Femenino,0,Si,Si,52,Si,Si,No,No internet service,No internet service,No internet service,No internet service,No internet service,No internet service,Two year,Si,Transferencia Bancaria,25.05,1270.25,No
MS-5168,Masculino,0,Si,Si,8,Si,No,Fiber optic,No,No,Si,No,Si,Si,Month-to-month,Si,Cheque,94.75,759.55,No
ES-1090,Masculino,0,Si,Si,72,Si,No,Fiber optic,Si,Si,No,Si,Si,Si,Two year,No,Transferencia Bancaria,105.5,7611.55,No
PL-8592,Femenino,0,No,No,64,Si,Si,No,No internet service,No internet service,No internet service,No internet service,No internet service,No internet service,One year,No,Deposito bancario,24.7,1642.75,No
WR-5760,Femenino,1,No,No,22,Si,No,DSL,Si,No,Si,Si,No,Si,Month-to-month,Si,Deposito bancario,69.75,1545.4,No
GE-8847,Masculino,0,Si,No,60,No,No Servicio Telef nico,DSL,No,Si,Si,Si,Si,Si,Month-to-month,Si,Transferencia Bancaria,60.2,3582.4,No
LT-0256,Femenino,0,Si,Si,28,Si,No,Fiber optic,No,No,No,No,No,Si,Month-to-month,Si,Cheque,81.05,2227.1,Si
FC-4785,Femenino,0,Si,No,61,Si,Si,No,No internet service,No internet service,No internet service,No internet service,No internet service,No internet service,Two year,No,Deposito bancario,24.4,1417.9,No
ND-8313,Femenino,0,No,No,24,Si,Si,Fiber optic,No,Si,Si,No,Si,Si,Month-to-month,Si,Cheque,104.15,2494.65,No
CU-5149,Masculino,0,Si,Si,28,Si,No,Fiber optic,No,Si,Si,Si,Si,No,One year,No,Transferencia Bancaria,92.9,2768.35,No
KO-0942,Femenino,0,Si,Si,30,Si,No,DSL,No,Si,Si,Si,Si,Si,Two year,No,Transferencia Bancaria,80.8,2369.3,No
CL-4237,Masculino,0,Si,No,2,Si,No,No,No internet service,No internet service,No internet service,No internet service,No internet service,No internet service,Month-to-month,No,Deposito bancario,20,38,No
VO-1452,Masculino,0,No,No,1,Si,Si,Fiber optic,No,No,No,No,No,No,Month-to-month,Si,Cheque,75.1,75.1,No
UM-4719,Masculino,0,No,Si,6,Si,No,No,No internet service,No internet service,No internet service,No internet service,No internet service,No internet service,Month-to-month,No,Deposito bancario,19.65,100.9,No
VB-6614,Femenino,0,Si,No,24,Si,No,DSL,No,Si,No,No,Si,Si,Month-to-month,Si,Transferencia Bancaria,69.45,1614.05,No
TK-0880,Masculino,0,Si,Si,4,Si,Si,Fiber optic,No,No,Si,No,Si,Si,Month-to-month,No,Cheque,101.15,385.9,Si
VB-3811,Masculino,0,No,No,7,Si,Si,Fiber optic,No,Si,No,No,Si,Si,Month-to-month,Si,Cheque,99.8,673.25,Si
BK-1480,Masculino,1,Si,No,72,Si,Si,Fiber optic,Si,Si,Si,Si,Si,Si,Two year,Si,Transferencia Bancaria,116.05,8404.9,No
XA-2996,Masculino,0,No,No,70,No,No Servicio Telef nico,DSL,No,No,No,Si,No,Si,Two year,Si,Deposito bancario,40.05,2799.75,No
AX-9076,Masculino,1,Si,No,64,Si,Si,Fiber optic,No,No,Si,Si,Si,Si,Two year,No,Cheque,102.1,6538.45,No
XQ-5968,Masculino,0,Si,Si,72,Si,Si,Fiber optic,No,Si,No,No,Si,No,One year,Si,Cheque,89.7,6588.95,No
RA-8896,Femenino,0,No,Si,44,Si,No,No,No internet service,No internet service,No internet service,No internet service,No internet service,No internet service,Two year,No,Deposito bancario,19.9,868.1,No
UH-4640,Femenino,0,Si,Si,13,Si,No,DSL,No,No,No,No,No,Si,Month-to-month,No,Cheque,55.95,734.35,Si
IK-4933,Femenino,1,No,No,17,Si,No,No,No internet service,No internet service,No internet service,No internet service,No internet service,No internet service,One year,No,Deposito bancario,20.65,330.6,No
EK-3583,Masculino,0,No,No,1,Si,No,DSL,No,No,No,No,No,Si,Month-to-month,Si,Cheque,55,55,Si
BC-1304,Masculino,0,Si,No,9,Si,No,DSL,No,No,Si,No,Si,Si,Month-to-month,Si,Deposito bancario,70.05,564.4,No
PV-4104,Masculino,0,Si,No,24,Si,No,DSL,Si,No,No,Si,No,No,Month-to-month,No,Deposito bancario,53.6,1315.35,No
AP-9399,Femenino,0,Si,Si,1,Si,No,Fiber optic,No,Si,No,No,No,No,Month-to-month,Si,Cheque,74.7,74.7,Si
KM-2359,Masculino,0,No,No,24,Si,Si,Fiber optic,No,Si,No,No,No,No,Month-to-month,Si,Cheque,80.25,1861.5,Si
DD-3780,Masculino,1,Si,Si,35,Si,No,DSL,No,Si,No,Si,Si,Si,Month-to-month,Si,Cheque,76.05,2747.2,No
ED-4431,Femenino,0,Si,Si,7,Si,No,DSL,Si,Si,Si,Si,Si,No,Month-to-month,Si,Cheque,75.7,554.05,No
JA-0306,Masculino,0,No,No,5,Si,No,Fiber optic,No,No,No,Si,Si,Si,Month-to-month,Si,Cheque,96.1,453.4,Si
HW-6227,Femenino,0,No,Si,15,Si,No,Fiber optic,No,No,No,No,No,No,Month-to-month,No,Transferencia Bancaria,69,994.8,Si
LG-0486,Masculino,0,Si,Si,11,Si,No,No,No internet service,No internet service,No internet service,No internet service,No internet service,No internet service,Two year,No,Deposito bancario,19.65,225.75,No
BE-0447,Femenino,0,Si,No,48,No,No Servicio Telef nico,DSL,Si,No,Si,No,No,Si,Month-to-month,Si,Transferencia Bancaria,45.3,2145,Si
SS-4612,Femenino,1,No,No,20,Si,No,Fiber optic,No,No,No,No,No,Si,Month-to-month,Si,Cheque,81.45,1671.6,No
MQ-5168,Femenino,0,Si,No,72,Si,Si,Fiber optic,No,Si,Si,Si,Si,Si,One year,Si,Transferencia Bancaria,108.5,8003.8,No
XI-5949,Femenino,0,Si,Si,8,Si,No,Fiber optic,No,Si,No,No,Si,No,Month-to-month,Si,Cheque,83.55,680.05,Si
HL-7971,Masculino,0,Si,Si,72,Si,Si,Fiber optic,No,No,No,No,No,Si,Two year,Si,Tarjeta de Credito,84.5,6130.85,No
AZ-9094,Femenino,0,No,No,15,Si,Si,Fiber optic,No,Si,No,No,Si,Si,Month-to-month,Si,Cheque,100.15,1415,No
JP-3649,Masculino,0,No,No,72,Si,Si,DSL,No,Si,Si,Si,Si,Si,Two year,Si,Transferencia Bancaria,88.6,6201.95,No
LV-4472,Femenino,0,Si,Si,0,No,No Servicio Telef nico,DSL,Si,No,Si,Si,Si,No,Two year,Si,Transferencia Bancaria,52.55, ,No
JU-8372,Masculino,0,No,Si,1,Si,Si,Fiber optic,No,No,No,No,No,No,Month-to-month,Si,Cheque,74.35,74.35,Si
CT-3552,Masculino,0,Si,Si,63,Si,Si,Fiber optic,No,Si,Si,No,Si,Si,Two year,Si,Transferencia Bancaria,104.8,6597.25,No
YS-6778,Femenino,0,No,No,2,Si,No,DSL,No,Si,No,No,Si,No,Month-to-month,Si,Cheque,59,114.15,No
EO-0388,Femenino,0,Si,No,2,Si,No,Fiber optic,Si,No,No,No,No,No,Month-to-month,Si,Cheque,74.4,139.4,Si
OZ-5756,Masculino,1,Si,No,61,Si,Si,DSL,No,Si,No,No,No,Si,One year,No,Transferencia Bancaria,64.05,3902.6,No
JP-6579,Masculino,0,No,No,1,Si,No,No,No internet service,No internet service,No internet service,No internet service,No internet service,No internet service,Month-to-month,No,Deposito bancario,20.4,20.4,No
OT-8205,Masculino,0,No,No,22,No,No Servicio Telef nico,DSL,No,Si,Si,No,No,Si,One year,Si,Transferencia Bancaria,43.75,903.6,Si
BS-4134,Masculino,0,Si,No,28,Si,No,DSL,Si,Si,No,Si,No,No,Month-to-month,No,Deposito bancario,60.9,1785.65,No
SP-0505,Femenino,0,Si,No,70,Si,No,No,No internet service,No internet service,No internet service,No internet service,No internet service,No internet service,Two year,No,Transferencia Bancaria,19.8,1397.65,No
VD-6235,Femenino,1,No,No,5,No,No Servicio Telef nico,DSL,No,Si,No,No,No,No,Month-to-month,No,Cheque,28.45,131.05,Si
YK-7783,Femenino,0,No,No,12,Si,Si,Fiber optic,Si,Si,Si,No,No,Si,Month-to-month,Si,Transferencia Bancaria,99.7,1238.45,Si
YM-4374,Masculino,0,No,No,34,Si,Si,Fiber optic,Si,Si,Si,Si,Si,Si,One year,No,Tarjeta de Credito,116.25,3899.05,No
CX-4513,Femenino,1,Si,No,71,Si,Si,Fiber optic,Si,No,No,No,No,No,Two year,Si,Tarjeta de Credito,80.7,5676,No
HH-3957,Femenino,0,Si,Si,70,Si,Si,DSL,Si,No,No,No,No,Si,One year,No,Transferencia Bancaria,65.2,4543.15,No
XO-7803,Femenino,0,Si,Si,52,Si,No,Fiber optic,Si,No,Si,Si,No,No,Month-to-month,Si,Transferencia Bancaria,84.05,4326.8,No
YE-5736,Masculino,0,No,Si,69,Si,Si,DSL,Si,Si,Si,Si,Si,No,Two year,Si,Tarjeta de Credito,79.45,5502.55,No
CE-5609,Femenino,1,No,No,20,Si,Si,Fiber optic,No,Si,Si,No,No,Si,Month-to-month,Si,Cheque,94.1,1782.4,Si
FJ-8981,Masculino,0,No,Si,11,Si,Si,Fiber optic,No,No,Si,No,No,No,Month-to-month,Si,Deposito bancario,78,851.8,No
HK-7218,Masculino,0,Si,No,2,Si,No,Fiber optic,No,No,No,Si,Si,Si,Month-to-month,Si,Cheque,94.2,167.5,Si
QR-4636,Femenino,0,Si,Si,6,Si,Si,Fiber optic,No,No,No,Si,No,No,Month-to-month,Si,Cheque,80.5,502.85,Si
LM-1135,Femenino,0,No,No,1,Si,No,No,No internet service,No internet service,No internet service,No internet service,No internet service,No internet service,Month-to-month,No,Deposito bancario,19.85,19.85,No
MU-4332,Masculino,1,Si,Si,20,Si,No,Fiber optic,Si,No,Si,Si,No,Si,One year,No,Tarjeta de Credito,94.3,1818.3,No
SF-8535,Masculino,0,No,No,61,Si,Si,Fiber optic,Si,No,Si,No,Si,Si,Month-to-month,Si,Cheque,106.45,6300.15,No
VK-5956,Femenino,1,Si,No,5,Si,Si,Fiber optic,No,No,No,No,No,No,Month-to-month,Si,Cheque,74.35,334.8,Si
HD-8677,Femenino,0,No,No,56,Si,Si,Fiber optic,No,Si,No,Si,Si,Si,Month-to-month,Si,Transferencia Bancaria,105.45,5916.95,No
MR-2475,Masculino,0,No,No,30,Si,Si,Fiber optic,Si,Si,Si,Si,No,No,Month-to-month,Si,Tarjeta de Credito,95,2852.4,No
GH-9412,Masculino,0,No,No,40,Si,Si,Fiber optic,No,No,Si,Si,Si,Si,Month-to-month,No,Transferencia Bancaria,104.8,4131.95,Si
AB-3482,Femenino,0,No,No,28,Si,No,DSL,Si,No,No,Si,No,No,One year,No,Deposito bancario,54.3,1546.3,No
LX-6705,Femenino,1,Si,No,5,Si,No,Fiber optic,No,No,No,No,No,No,Month-to-month,No,Cheque,70.05,302.6,No
ZE-0257,Femenino,1,Si,No,27,Si,No,Fiber optic,Si,No,No,No,No,No,Month-to-month,Si,Transferencia Bancaria,75.2,1929.35,Si
GQ-7531,Masculino,0,No,No,12,Si,No,No,No internet service,No internet service,No internet service,No internet service,No internet service,No internet service,Month-to-month,No,Tarjeta de Credito,20.05,265.45,No
IT-5174,Masculino,0,Si,Si,67,Si,Si,Fiber optic,No,Si,Si,No,Si,Si,One year,Si,Cheque,105.4,6989.45,No
CY-4109,Masculino,1,Si,No,29,Si,Si,DSL,No,No,No,No,No,No,Month-to-month,Si,Cheque,51.6,1442,No
XW-0913,Masculino,0,Si,Si,55,Si,Si,Fiber optic,No,No,No,No,No,Si,Month-to-month,No,Transferencia Bancaria,85.5,4713.4,No
UY-6825,Femenino,0,No,No,23,Si,Si,Fiber optic,No,No,No,No,No,No,Month-to-month,No,Transferencia Bancaria,75.6,1758.6,Si
MV-8397,Masculino,0,Si,No,34,Si,Si,Fiber optic,No,No,Si,No,Si,Si,Month-to-month,Si,Cheque,100.05,3480,Si
EB-0750,Masculino,0,No,No,52,Si,No,Fiber optic,Si,No,Si,No,Si,No,One year,No,Cheque,91.25,4738.3,No
CI-8606,Masculino,1,Si,Si,72,Si,Si,Fiber optic,Si,Si,Si,Si,Si,Si,Two year,Si,Tarjeta de Credito,115.75,8399.15,No
DP-3571,Masculino,0,Si,Si,58,Si,Si,Fiber optic,No,Si,No,Si,Si,No,One year,Si,Tarjeta de Credito,94.7,5430.35,No
GN-7601,Masculino,0,Si,Si,35,Si,No,No,No internet service,No internet service,No internet service,No internet service,No internet service,No internet service,Two year,No,Deposito bancario,19.6,686.95,No
OB-0356,Femenino,1,No,No,56,Si,Si,Fiber optic,No,Si,Si,Si,Si,No,Two year,Si,Transferencia Bancaria,99.9,5706.3,No
NI-8067,Femenino,0,Si,Si,24,Si,No,No,No internet service,No internet service,No internet service,No internet service,No internet service,No internet service,Two year,Si,Tarjeta de Credito,21.1,490.65,No
GY-1403,Masculino,0,Si,Si,70,Si,No,No,No internet service,No internet service,No internet service,No internet service,No internet service,No internet service,Two year,No,Tarjeta de Credito,20.05,1360.25,No
XT-4234,Masculino,0,No,No,2,Si,No,Fiber optic,No,No,No,No,Si,No,Month-to-month,Si,Cheque,79.95,174.45,No
VQ-1297,Masculino,1,Si,Si,68,Si,Si,Fiber optic,No,No,Si,Si,Si,Si,One year,Si,Tarjeta de Credito,107.15,7379.8,No
IZ-9282,Femenino,0,No,No,1,Si,Si,Fiber optic,No,No,No,No,No,Si,Month-to-month,Si,Cheque,85,85,Si
CA-5348,Masculino,0,No,No,12,Si,Si,Fiber optic,No,No,Si,No,Si,No,Month-to-month,Si,Cheque,89.55,1021.75,No
HJ-0621,Femenino,0,Si,No,63,Si,Si,Fiber optic,No,Si,No,No,No,No,Month-to-month,Si,Transferencia Bancaria,81.55,5029.05,No
QV-5844,Femenino,0,Si,Si,33,Si,No,DSL,Si,Si,Si,No,No,No,One year,Si,Deposito bancario,58.45,1955.4,No
IA-8905,Femenino,0,Si,No,69,Si,No,Fiber optic,No,Si,No,No,Si,Si,One year,Si,Tarjeta de Credito,95.65,6744.2,No
ME-5394,Femenino,0,Si,Si,60,Si,No,DSL,No,Si,Si,Si,Si,Si,Two year,Si,Transferencia Bancaria,80.6,4946.7,No
QN-6859,Femenino,0,Si,Si,72,Si,Si,Fiber optic,Si,Si,Si,Si,Si,Si,Two year,Si,Transferencia Bancaria,113.1,8248.5,No
LF-2782,Femenino,0,No,No,11,Si,Si,DSL,No,No,No,No,No,Si,Month-to-month,Si,Deposito bancario,58.95,601.6,No
IK-2866,Femenino,0,No,No,1,Si,No,No,No internet service,No internet service,No internet service,No internet service,No internet service,No internet service,Month-to-month,No,Deposito bancario,19.55,19.55,No
JP-1342,Masculino,0,No,No,10,Si,Si,Fiber optic,No,No,No,No,Si,No,Month-to-month,Si,Transferencia Bancaria,86.05,834.1,Si
NT-2817,Masculino,0,No,No,13,No,No Servicio Telef nico,DSL,Si,No,No,Si,Si,No,Month-to-month,Si,Tarjeta de Credito,45.55,597,Si
AZ-7129,Masculino,0,Si,Si,34,Si,No,Fiber optic,No,No,No,No,No,Si,One year,Si,Transferencia Bancaria,78.95,2647.2,No
IJ-6986,Masculino,0,Si,Si,39,Si,No,Fiber optic,No,Si,No,No,Si,No,Month-to-month,Si,Deposito bancario,86.3,3266,Si
PP-2560,Femenino,0,No,No,65,Si,Si,Fiber optic,No,Si,No,Si,Si,Si,One year,Si,Transferencia Bancaria,105.05,6744.25,No
MQ-4676,Masculino,1,Si,No,50,Si,Si,Fiber optic,Si,Si,Si,No,Si,No,One year,Si,Transferencia Bancaria,101.9,5265.5,No
EA-8138,Masculino,0,No,No,15,Si,No,No,No internet service,No internet service,No internet service,No internet service,No internet service,No internet service,Month-to-month,No,Deposito bancario,19.75,311.6,No
HY-3580,Masculino,0,Si,Si,72,Si,Si,Fiber optic,Si,Si,Si,No,Si,Si,Two year,Si,Transferencia Bancaria,110.3,7966.9,No
HN-1352,Femenino,0,Si,Si,72,Si,Si,Fiber optic,Si,Si,Si,Si,Si,Si,Two year,Si,Transferencia Bancaria,115.6,8220.4,No
PU-2075,Masculino,0,Si,Si,55,Si,No,No,No internet service,No internet service,No internet service,No internet service,No internet service,No internet service,Two year,No,Transferencia Bancaria,19.35,1153.25,No
FE-1982,Femenino,0,Si,Si,23,Si,Si,No,No internet service,No internet service,No internet service,No internet service,No internet service,No internet service,Two year,Si,Tarjeta de Credito,25.6,514.75,No
GA-5301,Masculino,0,No,No,32,Si,Si,Fiber optic,No,Si,No,No,No,No,Month-to-month,Si,Transferencia Bancaria,80.35,2596.15,Si
KA-5791,Femenino,0,Si,Si,56,Si,Si,DSL,Si,No,Si,No,No,Si,One year,Si,Transferencia Bancaria,68.75,3808,No
VB-2654,Femenino,0,No,No,1,Si,No,No,No internet service,No internet service,No internet service,No internet service,No internet service,No internet service,Month-to-month,No,Transferencia Bancaria,19.9,19.9,No
HY-1154,Masculino,0,No,No,38,Si,No,DSL,Si,Si,No,Si,Si,No,One year,No,Deposito bancario,70.6,2708.2,No
XW-2501,Masculino,0,No,No,11,Si,No,Fiber optic,No,No,No,No,No,No,Month-to-month,No,Cheque,70.2,760.05,No
UV-3716,Masculino,0,No,No,1,Si,No,DSL,No,No,No,Si,No,No,Month-to-month,Si,Cheque,49.3,49.3,No
AB-6815,Masculino,0,Si,No,56,Si,Si,Fiber optic,No,Si,No,Si,Si,Si,One year,Si,Cheque,107.25,6033.3,No
EO-7343,Masculino,0,Si,No,3,Si,Si,No,No internet service,No internet service,No internet service,No internet service,No internet service,No internet service,Month-to-month,Si,Deposito bancario,23.6,89.05,No
SF-3701,Masculino,0,Si,Si,7,Si,No,DSL,Si,No,No,No,Si,Si,Month-to-month,No,Tarjeta de Credito,69.7,516.15,No
LI-6103,Masculino,0,Si,Si,59,Si,Si,Fiber optic,No,No,Si,No,Si,Si,Two year,Si,Tarjeta de Credito,99.5,5861.75,No
VE-7319,Masculino,0,No,No,7,Si,No,DSL,No,No,Si,Si,Si,No,Month-to-month,No,Transferencia Bancaria,64.3,445.95,No
NE-5846,Masculino,0,Si,Si,71,Si,No,DSL,Si,No,Si,Si,No,Si,Two year,Si,Tarjeta de Credito,70.85,4973.4,No
QI-6967,Masculino,0,Si,Si,15,Si,No,Fiber optic,Si,No,No,Si,Si,Si,One year,No,Cheque,101.9,1667.25,No
RF-5781,Masculino,0,Si,No,71,Si,Si,DSL,Si,Si,No,Si,Si,No,Two year,No,Tarjeta de Credito,73.5,5357.75,No
YA-0939,Femenino,0,No,No,35,Si,Si,Fiber optic,No,No,Si,No,Si,Si,Month-to-month,Si,Cheque,100.25,3527.6,Si
IV-0308,Femenino,0,No,No,11,No,No Servicio Telef nico,DSL,No,Si,Si,Si,No,No,One year,Si,Tarjeta de Credito,40.4,422.6,No
LS-7293,Femenino,0,Si,Si,60,Si,No,No,No internet service,No internet service,No internet service,No internet service,No internet service,No internet service,Two year,Si,Tarjeta de Credito,19.25,1103.25,No
WC-7025,Masculino,1,No,No,47,Si,Si,DSL,No,Si,No,Si,No,No,Two year,No,Transferencia Bancaria,59.6,2754,No
JY-5756,Femenino,0,No,No,11,Si,No,DSL,No,No,Si,Si,No,Si,One year,No,Tarjeta de Credito,64.9,697.25,No
FD-4710,Masculino,0,Si,No,56,Si,Si,Fiber optic,No,Si,No,No,Si,Si,One year,No,Tarjeta de Credito,100.3,5614.45,Si
RE-6030,Femenino,1,Si,No,28,Si,Si,Fiber optic,No,Si,Si,Si,Si,Si,Month-to-month,Si,Cheque,110.85,3204.4,No
LI-9548,Masculino,0,Si,No,61,Si,No,DSL,Si,Si,No,Si,Si,Si,Two year,Si,Deposito bancario,81.05,4747.65,No
LJ-5150,Masculino,0,Si,Si,31,Si,Si,Fiber optic,Si,No,Si,No,Si,No,One year,No,Transferencia Bancaria,98.05,3082.1,No
RK-8270,Masculino,0,No,No,9,Si,No,Fiber optic,No,No,No,No,No,No,Month-to-month,Si,Cheque,70.5,597.9,No
YR-6522,Masculino,1,Si,No,35,Si,Si,Fiber optic,Si,Si,No,No,No,Si,Month-to-month,Si,Cheque,94.55,3365.4,No
LY-2640,Masculino,0,No,No,2,Si,No,No,No internet service,No internet service,No internet service,No internet service,No internet service,No internet service,Month-to-month,Si,Deposito bancario,19.65,38.8,No
VK-1218,Femenino,0,Si,Si,12,Si,No,No,No internet service,No internet service,No internet service,No internet service,No internet service,No internet service,Month-to-month,No,Deposito bancario,19,233.55,Si
FH-3627,Femenino,0,No,No,1,Si,No,Fiber optic,Si,No,No,No,No,No,Month-to-month,No,Deposito bancario,75.3,75.3,Si
TC-2865,Femenino,1,No,No,4,Si,Si,Fiber optic,No,No,Si,No,Si,No,Month-to-month,Si,Cheque,89.2,346.2,Si
BM-1423,Femenino,0,Si,Si,1,Si,No,No,No internet service,No internet service,No internet service,No internet service,No internet service,No internet service,Month-to-month,Si,Deposito bancario,19,19,No
DI-2393,Femenino,0,No,No,3,Si,No,No,No internet service,No internet service,No internet service,No internet service,No internet service,No internet service,Month-to-month,Si,Deposito bancario,20,61.7,No
EB-5192,Femenino,1,No,No,1,Si,Si,Fiber optic,No,No,No,No,Si,No,Month-to-month,Si,Cheque,85.7,85.7,Si
KN-4568,Masculino,0,No,No,52,Si,No,DSL,Si,Si,No,No,Si,No,Two year,Si,Tarjeta de Credito,63.25,3342.45,No
IM-8752,Masculino,0,Si,Si,5,Si,No,No,No internet service,No internet service,No internet service,No internet service,No internet service,No internet service,One year,No,Deposito bancario,20.1,85.1,No
LA-0742,Masculino,0,Si,No,72,Si,Si,Fiber optic,Si,Si,Si,No,No,Si,Two year,Si,Cheque,99.15,7422.1,No
LA-0795,Masculino,0,Si,Si,71,Si,Si,DSL,Si,Si,Si,Si,Si,Si,Two year,No,Cheque,90.4,6668.05,No
OL-0619,Masculino,0,Si,No,72,Si,Si,Fiber optic,Si,No,Si,Si,Si,Si,Two year,Si,Tarjeta de Credito,111.9,8071.05,No
ID-5512,Masculino,0,Si,Si,46,Si,Si,No,No internet service,No internet service,No internet service,No internet service,No internet service,No internet service,One year,No,Cheque,24.9,1174.8,No
SP-0459,Masculino,0,Si,Si,63,Si,Si,DSL,Si,Si,Si,No,Si,Si,Two year,No,Tarjeta de Credito,83.5,5435,No
BQ-0215,Masculino,0,No,No,30,Si,No,Fiber optic,Si,Si,Si,No,No,No,Month-to-month,Si,Tarjeta de Credito,84.3,2438.6,No
ZV-9244,Masculino,0,No,No,1,Si,No,DSL,No,No,No,No,No,No,Month-to-month,No,Deposito bancario,45.6,45.6,No
SY-0719,Femenino,0,No,No,12,Si,Si,DSL,Si,No,Si,Si,No,No,Month-to-month,Si,Deposito bancario,61.65,713.75,Si
EU-8208,Masculino,0,No,No,16,No,No Servicio Telef nico,DSL,Si,Si,Si,Si,Si,No,Two year,No,Deposito bancario,54.85,916.15,No
MI-5172,Masculino,0,No,No,4,Si,Si,DSL,No,No,No,Si,No,Si,Month-to-month,No,Deposito bancario,65.55,237.2,No
RC-1710,Masculino,0,Si,No,51,Si,Si,Fiber optic,No,Si,No,No,No,Si,One year,Si,Tarjeta de Credito,90.35,4614.55,No
FI-0374,Masculino,0,Si,No,65,Si,No,No,No internet service,No internet service,No internet service,No internet service,No internet service,No internet service,Two year,Si,Tarjeta de Credito,20.4,1414.45,No
SU-5839,Masculino,0,No,No,16,Si,No,Fiber optic,No,No,No,Si,No,No,Month-to-month,Si,Tarjeta de Credito,74.55,1170.5,No
ZX-5173,Masculino,0,No,No,2,Si,No,No,No internet service,No internet service,No internet service,No internet service,No internet service,No internet service,One year,No,Deposito bancario,19.95,47.7,No
AD-1096,Femenino,0,Si,Si,66,Si,Si,Fiber optic,No,No,No,No,No,No,One year,Si,Transferencia Bancaria,74.25,4859.25,No
MC-2001,Masculino,0,No,No,46,Si,Si,Fiber optic,No,Si,Si,Si,Si,Si,Two year,No,Cheque,108.65,4903.2,No
GJ-2731,Femenino,0,No,No,32,Si,Si,Fiber optic,Si,No,Si,Si,Si,Si,One year,Si,Transferencia Bancaria,109.55,3608,No
BE-4723,Masculino,0,Si,No,72,Si,Si,DSL,Si,No,Si,Si,Si,Si,Two year,No,Tarjeta de Credito,86.65,6094.25,No
NK-6516,Masculino,0,Si,Si,38,Si,No,DSL,Si,No,Si,Si,Si,Si,Two year,No,Tarjeta de Credito,81,3084.9,No
OA-8672,Masculino,0,No,Si,51,Si,No,DSL,No,No,No,Si,No,No,One year,No,Tarjeta de Credito,47.85,2356.75,No
DM-8207,Masculino,0,Si,Si,72,Si,Si,Fiber optic,Si,Si,Si,Si,Si,Si,Two year,No,Transferencia Bancaria,114.55,8306.05,No
SN-3419,Femenino,1,Si,No,65,Si,Si,Fiber optic,Si,No,Si,No,Si,Si,Month-to-month,No,Transferencia Bancaria,105.25,6786.4,Si
CP-6543,Masculino,0,Si,Si,9,No,No Servicio Telef nico,DSL,No,Si,No,No,No,No,Month-to-month,Si,Cheque,29.95,248.95,Si
OX-4765,Femenino,0,Si,Si,9,Si,No,DSL,Si,Si,Si,Si,No,No,Month-to-month,No,Deposito bancario,65,663.05,Si
ET-2804,Masculino,0,No,Si,66,Si,No,No,No internet service,No internet service,No internet service,No internet service,No internet service,No internet service,Two year,No,Deposito bancario,20.55,1357.1,No
VR-6689,Femenino,1,No,No,44,Si,Si,Fiber optic,Si,Si,Si,No,Si,Si,One year,Si,Tarjeta de Credito,109.8,4860.35,No
GI-7138,Masculino,0,No,No,50,Si,Si,DSL,No,No,Si,Si,No,Si,Two year,No,Transferencia Bancaria,69.5,3418.2,No
ZS-9396,Femenino,0,No,No,15,Si,Si,DSL,No,No,No,No,No,No,Month-to-month,No,Deposito bancario,48.85,631.4,No
KE-6464,Masculino,0,No,No,8,No,No Servicio Telef nico,DSL,No,No,No,No,No,No,Month-to-month,Si,Tarjeta de Credito,25.25,186.3,No
MJ-7134,Femenino,1,No,No,66,Si,Si,Fiber optic,No,No,Si,Si,Si,Si,One year,Si,Tarjeta de Credito,102.85,6976.75,No
CA-5240,Femenino,0,No,No,57,Si,Si,Fiber optic,Si,Si,No,Si,No,No,Month-to-month,Si,Transferencia Bancaria,87.55,4884.85,No
II-4059,Femenino,0,No,No,7,Si,Si,Fiber optic,No,Si,No,No,No,No,Month-to-month,Si,Transferencia Bancaria,78.55,522.95,No
JV-4881,Masculino,1,Si,Si,10,No,No Servicio Telef nico,DSL,No,No,No,No,No,Si,Month-to-month,Si,Transferencia Bancaria,34.55,362.6,No
UX-0516,Femenino,0,No,No,62,Si,Si,Fiber optic,Si,Si,Si,No,No,No,One year,Si,Cheque,92.05,5755.8,No
BQ-4851,Masculino,0,Si,Si,40,Si,No,Fiber optic,No,No,Si,No,Si,No,One year,Si,Cheque,85.05,3355.65,No
HK-5148,Femenino,0,No,No,20,Si,No,No,No internet service,No internet service,No internet service,No internet service,No internet service,No internet service,Two year,No,Deposito bancario,19.7,406.95,No
IR-1009,Femenino,0,No,No,7,Si,No,No,No internet service,No internet service,No internet service,No internet service,No internet service,No internet service,Month-to-month,No,Transferencia Bancaria,20,137.6,Si
CM-3003,Femenino,0,Si,No,25,Si,No,Fiber optic,No,No,No,Si,Si,Si,Month-to-month,Si,Cheque,95.15,2395.7,No
IB-5016,Masculino,0,Si,No,23,Si,Si,Fiber optic,No,Si,Si,No,No,No,Month-to-month,No,Cheque,84.25,1968.1,No
UC-6797,Femenino,1,Si,No,66,Si,Si,Fiber optic,No,Si,Si,No,Si,Si,One year,No,Tarjeta de Credito,104.6,6819.45,No
DT-2469,Femenino,1,No,No,72,Si,Si,Fiber optic,No,Si,Si,Si,Si,Si,Two year,No,Cheque,111.65,7943.45,No
YG-4554,Masculino,1,Si,No,49,Si,Si,Fiber optic,No,Si,No,No,No,Si,Month-to-month,No,Tarjeta de Credito,90.05,4547.25,Si
BA-5099,Masculino,1,Si,Si,43,Si,Si,Fiber optic,No,Si,Si,Si,Si,Si,Month-to-month,Si,Transferencia Bancaria,110.75,4687.9,Si
KG-9931,Femenino,0,Si,No,46,Si,Si,DSL,Si,No,No,No,No,No,Month-to-month,No,Transferencia Bancaria,55,2473.95,No
KW-1775,Masculino,0,Si,Si,72,Si,Si,DSL,Si,Si,Si,Si,Si,Si,Two year,No,Tarjeta de Credito,89.85,6562.9,No
VI-7665,Masculino,0,No,No,10,Si,No,No,No internet service,No internet service,No internet service,No internet service,No internet service,No internet service,One year,No,Deposito bancario,20.35,176.3,No
TP-9411,Femenino,0,No,No,40,No,No Servicio Telef nico,DSL,Si,No,No,Si,Si,Si,One year,Si,Transferencia Bancaria,54.55,2236.2,No
RM-7207,Femenino,0,Si,Si,65,Si,Si,Fiber optic,No,Si,Si,No,Si,Si,Month-to-month,Si,Cheque,105.5,6985.65,Si
ML-7954,Masculino,0,No,No,31,Si,No,Fiber optic,No,No,Si,Si,Si,Si,Two year,No,Transferencia Bancaria,99.45,3109.9,No
DD-2077,Femenino,0,Si,No,68,Si,Si,DSL,Si,Si,Si,Si,No,No,Two year,No,Tarjeta de Credito,70.9,4911.35,No
EH-4913,Masculino,1,Si,Si,56,Si,Si,Fiber optic,Si,No,Si,No,Si,Si,One year,Si,Transferencia Bancaria,104.55,5794.65,Si
IE-0195,Masculino,0,Si,No,10,Si,Si,Fiber optic,No,No,No,No,No,Si,Month-to-month,Si,Cheque,85.25,855.3,Si
BO-9574,Masculino,0,Si,Si,68,Si,Si,No,No internet service,No internet service,No internet service,No internet service,No internet service,No internet service,Two year,No,Transferencia Bancaria,25.4,1620.2,No
TM-4580,Femenino,0,Si,Si,43,Si,No,DSL,No,No,No,No,Si,No,Month-to-month,No,Cheque,56.15,2499.3,Si
ET-0970,Masculino,0,No,No,1,Si,No,Fiber optic,No,No,No,No,Si,Si,Month-to-month,Si,Cheque,89.55,89.55,Si
XA-4908,Femenino,1,No,No,49,Si,No,Fiber optic,No,Si,Si,No,No,Si,One year,Si,Transferencia Bancaria,89.85,4287.2,No
VL-8404,Femenino,0,Si,Si,15,Si,Si,No,No internet service,No internet service,No internet service,No internet service,No internet service,No internet service,Month-to-month,Si,Cheque,25.25,394.85,No
ER-1626,Masculino,1,Si,No,20,Si,Si,Fiber optic,No,No,No,No,Si,Si,Month-to-month,Si,Cheque,94.55,1899.65,Si
HJ-0887,Masculino,0,No,No,1,Si,No,DSL,No,No,No,No,No,No,Month-to-month,Si,Deposito bancario,45.7,45.7,Si
IP-2391,Masculino,0,Si,Si,50,Si,Si,DSL,No,No,Si,Si,Si,No,One year,Si,Cheque,69.65,3442.15,No
PD-5644,Femenino,1,No,No,2,Si,Si,Fiber optic,No,Si,No,No,No,Si,Month-to-month,No,Cheque,89.5,161.5,Si
GW-3509,Masculino,1,No,No,24,Si,No,Fiber optic,No,No,No,No,No,No,Month-to-month,No,Tarjeta de Credito,70,1732.6,No
AN-9576,Femenino,0,No,No,3,Si,No,Fiber optic,No,No,No,No,No,No,Month-to-month,Si,Transferencia Bancaria,69.55,222.3,Si
BA-2024,Femenino,0,No,No,1,Si,No,Fiber optic,No,No,Si,No,No,No,Month-to-month,Si,Deposito bancario,74.6,74.6,Si
BZ-5845,Masculino,0,Si,Si,35,Si,No,No,No internet service,No internet service,No internet service,No internet service,No internet service,No internet service,Two year,No,Deposito bancario,20.1,655.3,No
UK-1140,Femenino,0,No,No,17,Si,Si,No,No internet service,No internet service,No internet service,No internet service,No internet service,No internet service,Month-to-month,No,Deposito bancario,24.8,475.25,No
AM-4160,Femenino,1,No,No,8,Si,No,No,No internet service,No internet service,No internet service,No internet service,No internet service,No internet service,Month-to-month,No,Cheque,19.65,164.3,Si
SN-5183,Masculino,0,No,No,10,Si,No,Fiber optic,No,No,No,Si,Si,Si,Month-to-month,Si,Tarjeta de Credito,95.1,865.1,No
PN-8100,Masculino,0,Si,Si,68,Si,Si,DSL,Si,Si,Si,Si,Si,Si,Two year,Si,Tarjeta de Credito,88.85,6132.7,No
LA-7838,Masculino,0,Si,No,45,Si,No,DSL,Si,Si,Si,No,Si,Si,One year,No,Transferencia Bancaria,78.8,3597.5,No
JC-4464,Masculino,0,Si,Si,2,Si,No,No,No internet service,No internet service,No internet service,No internet service,No internet service,No internet service,One year,No,Deposito bancario,19.85,35.9,Si
JV-2085,Masculino,0,Si,No,37,Si,No,No,No internet service,No internet service,No internet service,No internet service,No internet service,No internet service,Month-to-month,No,Transferencia Bancaria,20.35,697.65,No
VD-5650,Femenino,0,No,No,4,No,No Servicio Telef nico,DSL,No,No,No,No,No,No,Month-to-month,Si,Deposito bancario,24.25,96.05,Si
WA-8095,Femenino,0,No,No,10,Si,No,DSL,No,No,No,No,No,No,Month-to-month,No,Deposito bancario,45.25,428.7,No
ZK-3030,Masculino,0,No,No,1,Si,No,No,No internet service,No internet service,No internet service,No internet service,No internet service,No internet service,Month-to-month,No,Deposito bancario,20.05,20.05,No
FL-9565,Masculino,0,Si,Si,65,Si,Si,DSL,Si,Si,No,No,No,Si,Two year,Si,Deposito bancario,69.55,4459.15,No
OG-8755,Femenino,0,Si,Si,57,Si,No,No,No internet service,No internet service,No internet service,No internet service,No internet service,No internet service,Two year,No,Transferencia Bancaria,19.5,1167.6,No
VE-2800,Femenino,0,No,No,3,Si,No,Fiber optic,No,No,Si,No,No,No,Month-to-month,Si,Deposito bancario,74.75,238.1,No
GW-7538,Femenino,0,No,No,2,Si,No,Fiber optic,No,No,No,No,No,No,Month-to-month,No,Cheque,69.65,145.15,Si
RJ-5533,Masculino,0,No,No,49,No,No Servicio Telef nico,DSL,No,No,Si,No,No,No,Month-to-month,Si,Transferencia Bancaria,30.2,1453.1,No
CV-3859,Femenino,0,No,No,4,Si,No,DSL,No,No,No,No,No,No,Month-to-month,No,Deposito bancario,45.65,191.05,Si
JH-0214,Femenino,0,Si,No,70,No,No Servicio Telef nico,DSL,No,Si,Si,Si,Si,Si,Two year,No,Transferencia Bancaria,57.8,4039.3,No
MH-5642,Femenino,0,Si,Si,53,Si,No,No,No internet service,No internet service,No internet service,No internet service,No internet service,No internet service,One year,Si,Transferencia Bancaria,19.85,1039.45,No
FV-3088,Masculino,0,Si,Si,53,Si,Si,No,No internet service,No internet service,No internet service,No internet service,No internet service,No internet service,Two year,No,Tarjeta de Credito,25.55,1336.1,No
HD-3276,Femenino,0,No,No,1,Si,Si,Fiber optic,No,No,No,No,No,No,Month-to-month,Si,Deposito bancario,75.05,75.05,Si
GD-9092,Masculino,0,No,No,22,Si,Si,No,No internet service,No internet service,No internet service,No internet service,No internet service,No internet service,Month-to-month,Si,Tarjeta de Credito,24.85,493.4,No
HS-0823,Masculino,1,No,No,52,No,No Servicio Telef nico,DSL,No,Si,No,No,Si,Si,Month-to-month,Si,Cheque,49.15,2550.9,Si
OW-3729,Masculino,1,No,No,65,Si,Si,Fiber optic,Si,No,Si,Si,Si,Si,Two year,Si,Cheque,110.35,7246.15,No
AA-2324,Femenino,0,No,No,48,Si,Si,No,No internet service,No internet service,No internet service,No internet service,No internet service,No internet service,One year,No,Transferencia Bancaria,24.55,1203.95,No
GA-0822,Femenino,0,No,No,2,No,No Servicio Telef nico,DSL,No,No,No,No,No,Si,Month-to-month,Si,Cheque,34.7,62.25,Si
IF-5760,Masculino,0,No,No,3,Si,Si,Fiber optic,No,Si,Si,No,Si,Si,Month-to-month,No,Deposito bancario,107.95,313.6,No
UW-2826,Masculino,0,Si,No,45,Si,Si,Fiber optic,No,Si,No,No,No,No,Month-to-month,No,Transferencia Bancaria,81.4,3775.85,No
PW-1448,Masculino,0,Si,Si,1,Si,No,Fiber optic,No,No,No,No,No,Si,Month-to-month,No,Cheque,80,80,Si
IW-7501,Femenino,0,Si,Si,61,Si,No,DSL,No,No,Si,Si,Si,Si,Two year,Si,Transferencia Bancaria,73.8,4616.05,No
TR-4957,Masculino,0,No,No,3,Si,No,DSL,Si,No,No,Si,Si,No,Month-to-month,Si,Tarjeta de Credito,64.4,195.65,No
LJ-7251,Femenino,1,No,No,40,Si,Si,Fiber optic,No,No,Si,Si,Si,Si,One year,Si,Tarjeta de Credito,103.75,4188.4,No
MN-8040,Femenino,0,No,No,1,Si,No,Fiber optic,No,No,No,No,No,No,Month-to-month,No,Deposito bancario,71.1,71.1,No
HB-1536,Femenino,0,No,No,1,Si,No,DSL,No,No,No,Si,No,No,Month-to-month,Si,Cheque,49.9,49.9,No
FP-5313,Masculino,0,No,No,51,Si,Si,No,No internet service,No internet service,No internet service,No internet service,No internet service,No internet service,One year,Si,Transferencia Bancaria,24.6,1266.4,No
DK-0067,Masculino,1,No,No,2,Si,No,DSL,Si,No,No,No,No,No,Month-to-month,Si,Cheque,49.25,91.1,Si
FK-0946,Masculino,0,No,No,52,No,No Servicio Telef nico,DSL,No,Si,No,No,No,No,One year,No,Deposito bancario,30.1,1623.4,No
YV-5076,Masculino,0,No,No,51,Si,Si,Fiber optic,No,No,No,No,No,Si,Month-to-month,No,Transferencia Bancaria,83.4,4149.45,No
CO-8262,Masculino,0,No,No,1,Si,No,No,No internet service,No internet service,No internet service,No internet service,No internet service,No internet service,Month-to-month,Si,Deposito bancario,20.45,20.45,No
JO-6663,Masculino,0,Si,Si,31,Si,Si,DSL,Si,Si,No,Si,No,Si,One year,Si,Transferencia Bancaria,75.25,2344.5,No
QJ-9620,Masculino,0,No,Si,47,Si,No,No,No internet service,No internet service,No internet service,No internet service,No internet service,No internet service,One year,No,Tarjeta de Credito,20.55,1013.05,No
YD-2276,Femenino,0,No,No,3,Si,Si,Fiber optic,No,No,No,No,No,No,Month-to-month,Si,Tarjeta de Credito,75.1,270.7,Si
KE-2682,Femenino,1,No,No,22,Si,No,No,No internet service,No internet service,No internet service,No internet service,No internet service,No internet service,One year,Si,Deposito bancario,20.05,417,No
JZ-2480,Femenino,0,Si,No,1,Si,No,No,No internet service,No internet service,No internet service,No internet service,No internet service,No internet service,Month-to-month,Si,Deposito bancario,20.65,20.65,No
XZ-0078,Masculino,0,Si,No,72,Si,Si,DSL,No,Si,Si,Si,Si,Si,Two year,Si,Transferencia Bancaria,85.15,6316.2,No
NP-5896,Masculino,0,Si,Si,3,Si,No,DSL,No,No,Si,No,No,No,Month-to-month,Si,Cheque,50.15,168.15,Si
HY-9978,Masculino,1,Si,Si,47,Si,No,Fiber optic,No,Si,No,No,Si,No,One year,Si,Transferencia Bancaria,84.95,4018.05,No
QI-8338,Masculino,0,Si,Si,72,Si,Si,DSL,Si,No,Si,Si,No,No,Two year,Si,Tarjeta de Credito,66.5,4811.6,No
LN-1525,Masculino,0,Si,Si,66,Si,Si,DSL,No,No,Si,No,Si,No,Two year,Si,Transferencia Bancaria,63.3,4189.7,No
TR-9450,Masculino,0,No,No,35,Si,Si,Fiber optic,No,No,No,No,Si,No,Month-to-month,No,Cheque,83.15,2848.45,No
GK-1766,Masculino,0,No,No,29,Si,Si,Fiber optic,No,No,No,No,No,Si,Month-to-month,Si,Cheque,84.9,2516.2,No
LB-6942,Femenino,0,No,No,2,Si,No,No,No internet service,No internet service,No internet service,No internet service,No internet service,No internet service,Month-to-month,Si,Deposito bancario,20.55,33.6,No
TW-1456,Masculino,0,No,No,4,Si,No,DSL,No,Si,No,No,No,No,Month-to-month,No,Deposito bancario,49.25,208.45,No
VB-7133,Femenino,0,No,No,25,Si,No,Fiber optic,Si,Si,No,No,No,No,Month-to-month,Si,Transferencia Bancaria,79.85,2015.35,Si
ZY-7596,Femenino,0,No,No,65,Si,No,DSL,Si,Si,No,Si,No,No,Two year,Si,Deposito bancario,59.6,3739.8,No
UT-8329,Masculino,1,No,No,27,Si,Si,Fiber optic,No,Si,No,Si,Si,Si,One year,Si,Transferencia Bancaria,104.65,2964,No
WJ-3014,Masculino,0,Si,No,29,Si,No,Fiber optic,No,No,Si,No,No,No,Month-to-month,Si,Tarjeta de Credito,75.3,2263.4,No
YJ-3347,Masculino,0,Si,Si,29,Si,Si,DSL,No,Si,Si,No,Si,Si,Month-to-month,No,Tarjeta de Credito,80.1,2211.8,No
QF-1029,Masculino,0,No,No,1,Si,No,No,No internet service,No internet service,No internet service,No internet service,No internet service,No internet service,Month-to-month,No,Deposito bancario,19.55,19.55,Si
DM-7929,Femenino,0,Si,No,20,Si,No,Fiber optic,No,No,Si,Si,No,No,Month-to-month,Si,Deposito bancario,81,1683.7,No
JA-9661,Femenino,0,No,No,58,Si,Si,No,No internet service,No internet service,No internet service,No internet service,No internet service,No internet service,Two year,Si,Tarjeta de Credito,24.7,1519,No
KY-5433,Femenino,0,No,Si,14,Si,Si,Fiber optic,Si,No,No,Si,No,No,Month-to-month,Si,Deposito bancario,86,1164.05,No
KF-4312,Masculino,0,Si,No,72,Si,Si,No,No internet service,No internet service,No internet service,No internet service,No internet service,No internet service,Two year,No,Deposito bancario,25.4,1710.9,No
TP-5575,Masculino,0,No,No,46,Si,Si,Fiber optic,Si,No,No,No,Si,No,Month-to-month,Si,Tarjeta de Credito,89.15,4245.55,No
IG-0114,Femenino,0,Si,No,71,No,No Servicio Telef nico,DSL,No,Si,Si,Si,Si,Si,Two year,No,Transferencia Bancaria,58.25,4145.9,No
AE-9944,Masculino,0,No,No,32,Si,Si,Fiber optic,No,No,No,No,No,Si,Month-to-month,Si,Transferencia Bancaria,85.65,2664.3,No
AR-1853,Femenino,0,No,No,26,No,No Servicio Telef nico,DSL,No,No,Si,No,Si,Si,Month-to-month,Si,Tarjeta de Credito,50.35,1277.5,No
OM-6952,Masculino,1,Si,No,68,Si,Si,Fiber optic,No,No,Si,No,No,No,Month-to-month,Si,Tarjeta de Credito,80.35,5589.3,No
LU-4697,Masculino,0,Si,Si,2,Si,No,No,No internet service,No internet service,No internet service,No internet service,No internet service,No internet service,One year,No,Deposito bancario,20.2,34.75,No
VG-8434,Masculino,0,Si,Si,61,Si,No,No,No internet service,No internet service,No internet service,No internet service,No internet service,No internet service,Two year,No,Tarjeta de Credito,20.55,1305.95,No
YS-4952,Femenino,0,Si,Si,4,Si,Si,Fiber optic,No,No,No,No,No,Si,Month-to-month,Si,Cheque,85.95,381.3,Si
AG-1589,Masculino,0,No,No,3,Si,No,DSL,No,No,No,No,No,No,Month-to-month,Si,Cheque,45.35,141.5,Si
IR-5244,Masculino,1,Si,No,33,Si,Si,Fiber optic,No,No,No,No,Si,Si,Month-to-month,Si,Cheque,94.5,3105.55,Si
YM-6549,Masculino,1,Si,No,9,Si,No,No,No internet service,No internet service,No internet service,No internet service,No internet service,No internet service,Month-to-month,Si,Deposito bancario,21.25,204.55,No
HK-4950,Femenino,0,No,No,22,Si,Si,No,No internet service,No internet service,No internet service,No internet service,No internet service,No internet service,Two year,No,Deposito bancario,26.25,605.9,No
OB-6786,Femenino,0,Si,Si,5,Si,No,Fiber optic,No,No,No,No,Si,No,Month-to-month,Si,Cheque,80.85,356.1,No
EI-2684,Femenino,1,No,No,30,Si,Si,Fiber optic,Si,Si,Si,No,No,No,Month-to-month,No,Tarjeta de Credito,91.7,2758.15,Si
JM-2753,Masculino,0,No,No,65,Si,Si,DSL,No,Si,Si,Si,No,Si,Two year,Si,Tarjeta de Credito,74.2,4805.65,No
GT-6439,Femenino,0,No,No,45,Si,Si,Fiber optic,No,No,Si,Si,No,No,Month-to-month,Si,Cheque,87.25,3941.7,Si
YO-6621,Masculino,0,No,No,5,Si,No,No,No internet service,No internet service,No internet service,No internet service,No internet service,No internet service,Month-to-month,No,Deposito bancario,20.35,92.75,No
JW-1216,Masculino,0,Si,Si,25,Si,No,Fiber optic,No,Si,No,No,No,No,Month-to-month,Si,Cheque,75.5,1901.05,No
GH-7564,Femenino,0,Si,Si,72,Si,Si,Fiber optic,Si,No,No,No,No,No,Two year,No,Transferencia Bancaria,79.05,5730.7,No
NO-1173,Femenino,0,Si,No,27,Si,Si,Fiber optic,No,No,Si,No,No,Si,Month-to-month,No,Transferencia Bancaria,90.15,2423.4,No
EH-7595,Masculino,0,Si,Si,32,No,No Servicio Telef nico,DSL,No,No,Si,No,Si,Si,Month-to-month,No,Tarjeta de Credito,50.6,1653.45,No
ZE-6647,Femenino,0,No,No,30,Si,Si,Fiber optic,No,Si,Si,Si,Si,Si,One year,No,Tarjeta de Credito,110.45,3327.05,No
NP-2521,Masculino,0,Si,No,70,Si,No,Fiber optic,Si,Si,Si,Si,No,Si,Two year,No,Tarjeta de Credito,101,7085.5,No
TV-1307,Masculino,1,No,No,42,Si,Si,Fiber optic,No,Si,No,No,No,No,Month-to-month,Si,Transferencia Bancaria,79.35,3344.1,No
MI-7503,Femenino,1,Si,No,72,Si,Si,DSL,Si,Si,Si,Si,Si,Si,Two year,Si,Transferencia Bancaria,89.85,6697.35,No
MH-4381,Femenino,0,No,No,47,Si,Si,DSL,Si,No,Si,Si,No,No,Two year,Si,Deposito bancario,65,2879.9,No
JH-6923,Femenino,0,No,No,2,Si,No,Fiber optic,Si,No,Si,No,No,No,Month-to-month,Si,Cheque,80.45,137.1,No
WV-5138,Masculino,0,No,No,10,Si,Si,Fiber optic,Si,No,No,No,Si,Si,Month-to-month,No,Cheque,98.55,1008.55,Si
PP-4018,Femenino,0,Si,Si,61,Si,Si,No,No internet service,No internet service,No internet service,No internet service,No internet service,No internet service,Two year,Si,Deposito bancario,24.1,1551.6,No
FJ-1635,Femenino,0,No,No,5,Si,No,DSL,No,No,No,No,No,No,Month-to-month,Si,Tarjeta de Credito,44.05,202.15,No
AJ-2499,Femenino,1,Si,No,72,Si,Si,Fiber optic,No,Si,Si,Si,Si,Si,Two year,Si,Tarjeta de Credito,110.8,7882.25,No
EL-6919,Masculino,1,Si,Si,72,Si,Si,Fiber optic,Si,Si,Si,Si,Si,Si,Two year,Si,Transferencia Bancaria,114.95,8196.4,No
HR-3966,Femenino,1,No,No,3,Si,No,Fiber optic,No,No,Si,No,No,No,Month-to-month,No,Deposito bancario,75.05,202.9,No
JW-6425,Masculino,0,Si,No,48,Si,No,No,No internet service,No internet service,No internet service,No internet service,No internet service,No internet service,Two year,No,Deposito bancario,19.25,855.1,No
IG-8405,Femenino,0,No,No,63,Si,No,Fiber optic,No,No,Si,Si,Si,No,One year,Si,Tarjeta de Credito,90.05,5817,No
IV-8224,Femenino,0,No,No,27,Si,No,DSL,Si,Si,No,No,No,No,Month-to-month,Si,Deposito bancario,56.7,1652.95,No
LG-9477,Masculino,0,Si,Si,70,Si,No,DSL,Si,Si,Si,No,Si,Si,Two year,Si,Tarjeta de Credito,80.15,5600.15,No
RS-1410,Masculino,0,Si,Si,7,Si,No,DSL,Si,No,Si,Si,No,Si,Month-to-month,Si,Tarjeta de Credito,71.35,515.75,No
CZ-3115,Masculino,0,No,Si,0,Si,No,No,No internet service,No internet service,No internet service,No internet service,No internet service,No internet service,Two year,No,Deposito bancario,20.25, ,No
IV-0139,Femenino,0,Si,No,2,Si,No,Fiber optic,Si,Si,No,No,Si,No,Month-to-month,No,Cheque,90.35,190.5,No
VL-6683,Masculino,1,No,No,20,Si,Si,Fiber optic,No,No,Si,No,Si,Si,Month-to-month,Si,Cheque,98.55,1842.8,Si
DB-5730,Masculino,0,No,No,66,Si,No,No,No internet service,No internet service,No internet service,No internet service,No internet service,No internet service,Two year,No,Transferencia Bancaria,19.7,1253.8,No
FN-0030,Femenino,0,No,No,3,Si,No,No,No internet service,No internet service,No internet service,No internet service,No internet service,No internet service,Month-to-month,No,Deposito bancario,19.85,57.2,No
WW-2189,Femenino,0,No,Si,15,Si,No,Fiber optic,No,Si,No,No,No,Si,Month-to-month,Si,Transferencia Bancaria,85.9,1269.55,Si
FJ-5684,Femenino,0,Si,Si,72,Si,Si,Fiber optic,Si,Si,No,Si,No,No,Two year,Si,Transferencia Bancaria,90.35,6563.4,No
GU-4013,Masculino,0,No,No,1,Si,No,No,No internet service,No internet service,No internet service,No internet service,No internet service,No internet service,Month-to-month,No,Deposito bancario,20.8,20.8,No
IG-1894,Femenino,0,No,No,22,Si,No,Fiber optic,No,No,No,No,Si,Si,Month-to-month,No,Cheque,89.25,1907.85,Si
PO-7379,Masculino,0,Si,No,3,Si,No,Fiber optic,No,No,No,No,No,No,Month-to-month,Si,Cheque,70.3,208.85,Si
NZ-1266,Femenino,0,Si,Si,72,Si,Si,DSL,Si,No,Si,Si,No,No,Two year,No,Transferencia Bancaria,66.85,4758.8,No
FF-7969,Masculino,0,Si,Si,65,Si,No,No,No internet service,No internet service,No internet service,No internet service,No internet service,No internet service,Two year,No,Deposito bancario,19.9,1292.6,No
DH-4718,Femenino,0,No,No,11,No,No Servicio Telef nico,DSL,No,No,No,No,Si,No,Month-to-month,Si,Deposito bancario,35.8,363.15,No
WL-5175,Masculino,0,No,No,22,Si,Si,Fiber optic,No,Si,No,No,No,No,Month-to-month,Si,Deposito bancario,78.85,1600.25,No
OM-7817,Masculino,0,No,No,14,Si,No,No,No internet service,No internet service,No internet service,No internet service,No internet service,No internet service,One year,No,Transferencia Bancaria,20.4,275.7,No
SK-8728,Masculino,0,No,No,41,Si,No,Fiber optic,No,No,No,Si,No,No,Month-to-month,Si,Cheque,74.25,3089.1,No
NY-3137,Masculino,0,Si,No,17,Si,No,DSL,Si,Si,No,No,No,Si,One year,No,Deposito bancario,64.8,1175.6,No
DZ-7706,Masculino,0,No,No,11,Si,No,No,No internet service,No internet service,No internet service,No internet service,No internet service,No internet service,Month-to-month,Si,Tarjeta de Credito,20.45,237.3,No
HF-0236,Masculino,0,No,No,15,Si,Si,Fiber optic,No,No,No,No,Si,Si,Month-to-month,Si,Cheque,93.35,1444.65,Si
AQ-3900,Femenino,0,No,No,1,Si,No,No,No internet service,No internet service,No internet service,No internet service,No internet service,No internet service,Month-to-month,No,Deposito bancario,19.9,19.9,Si
PO-5842,Femenino,0,Si,No,5,Si,No,Fiber optic,Si,No,Si,No,No,Si,Month-to-month,Si,Deposito bancario,88.9,454.15,Si
XJ-2037,Masculino,0,Si,No,33,Si,No,Fiber optic,No,No,Si,No,Si,Si,One year,Si,Cheque,95.8,3036.75,Si
RL-8823,Femenino,0,Si,No,72,Si,Si,Fiber optic,Si,Si,Si,No,Si,Si,Two year,Si,Tarjeta de Credito,110.65,8065.65,No
SQ-9505,Femenino,0,Si,Si,3,No,No Servicio Telef nico,DSL,No,Si,No,No,No,Si,Month-to-month,No,Deposito bancario,40.3,92.5,No
OX-7314,Masculino,0,No,No,2,Si,Si,Fiber optic,No,Si,No,No,No,No,Month-to-month,Si,Cheque,82,184.65,Si
CK-3758,Femenino,0,Si,No,59,Si,Si,Fiber optic,Si,Si,Si,Si,No,Si,One year,Si,Tarjeta de Credito,107,6152.3,No
CH-0322,Masculino,0,No,No,2,Si,No,DSL,No,No,No,No,No,No,Month-to-month,No,Cheque,45.35,89.5,Si
CF-5676,Masculino,0,Si,Si,71,Si,No,DSL,No,Si,No,Si,Si,Si,Two year,Si,Tarjeta de Credito,73.35,5154.5,No
AF-7521,Femenino,0,Si,Si,5,Si,No,DSL,No,No,No,No,No,No,Month-to-month,No,Deposito bancario,44.8,220.45,No
IN-0285,Masculino,0,Si,Si,27,Si,No,DSL,Si,Si,No,No,No,No,Month-to-month,Si,Tarjeta de Credito,54.75,1510.3,No
DV-4678,Femenino,0,No,No,1,Si,No,DSL,No,No,No,Si,No,No,Month-to-month,Si,Cheque,52.2,52.2,Si
CN-5125,Masculino,0,No,Si,63,No,No Servicio Telef nico,DSL,Si,Si,No,Si,No,No,One year,Si,Transferencia Bancaria,40.6,2588.95,No
IF-0691,Femenino,1,No,No,46,Si,Si,Fiber optic,Si,Si,Si,No,Si,Si,One year,Si,Cheque,110,4874.8,Si
LT-4992,Masculino,0,Si,Si,72,Si,Si,DSL,Si,No,No,No,No,No,Two year,No,Transferencia Bancaria,55.3,3983.6,No
OU-2202,Femenino,0,Si,No,34,Si,Si,DSL,Si,No,No,Si,No,No,Month-to-month,Si,Transferencia Bancaria,60.85,2003.6,No
BD-0810,Femenino,0,Si,Si,24,Si,Si,DSL,Si,Si,No,No,Si,Si,One year,No,Cheque,78.4,1832.4,No
LF-0229,Masculino,0,No,No,72,Si,Si,DSL,Si,Si,Si,Si,No,No,Two year,No,Transferencia Bancaria,69.65,4908.25,No
ZQ-7131,Femenino,0,Si,Si,60,No,No Servicio Telef nico,DSL,Si,No,Si,Si,Si,Si,Two year,No,Tarjeta de Credito,59.85,3590.2,No
ZH-3442,Masculino,0,No,No,68,Si,Si,DSL,Si,Si,Si,No,No,Si,One year,Si,Tarjeta de Credito,76.9,5023,No
CV-5726,Femenino,0,Si,Si,8,Si,No,No,No internet service,No internet service,No internet service,No internet service,No internet service,No internet service,Two year,Si,Deposito bancario,19.85,146.6,No
EL-9871,Femenino,0,No,Si,34,Si,No,DSL,Si,No,Si,Si,Si,No,Two year,No,Tarjeta de Credito,67.65,2339.3,No
GA-4257,Femenino,0,No,No,6,No,No Servicio Telef nico,DSL,No,No,No,No,Si,Si,Month-to-month,No,Tarjeta de Credito,45,298.7,No
WX-5173,Masculino,0,Si,No,2,Si,No,DSL,No,Si,No,Si,No,Si,Month-to-month,Si,Deposito bancario,64.2,143.65,No
OB-2040,Masculino,0,No,No,31,Si,Si,Fiber optic,No,No,No,Si,No,No,One year,No,Tarjeta de Credito,81.7,2548.65,No
ZH-6286,Femenino,0,Si,Si,20,Si,Si,No,No internet service,No internet service,No internet service,No internet service,No internet service,No internet service,Month-to-month,Si,Transferencia Bancaria,25.55,507.4,No
XH-3807,Femenino,0,Si,Si,1,Si,No,No,No internet service,No internet service,No internet service,No internet service,No internet service,No internet service,Month-to-month,No,Cheque,20,20,No
JW-3009,Masculino,0,No,No,62,Si,Si,Fiber optic,No,No,Si,No,Si,Si,One year,Si,Cheque,96.75,6125.4,Si
RQ-5671,Femenino,1,Si,No,70,Si,Si,Fiber optic,No,No,No,No,No,No,Two year,Si,Tarjeta de Credito,75.65,5411.4,No
GA-1450,Femenino,0,No,No,10,Si,Si,Fiber optic,No,No,No,Si,Si,Si,Month-to-month,Si,Cheque,98.5,1058.25,Si
AX-8859,Masculino,0,Si,Si,39,Si,Si,No,No internet service,No internet service,No internet service,No internet service,No internet service,No internet service,Two year,Si,Deposito bancario,23.8,903.8,No
AK-3174,Femenino,0,Si,No,46,Si,No,DSL,No,Si,No,Si,Si,No,Two year,Si,Tarjeta de Credito,64.2,3009.5,No
BK-3138,Masculino,0,No,No,6,Si,No,Fiber optic,No,Si,No,No,Si,No,Month-to-month,Si,Cheque,85.35,489.45,Si
PJ-9926,Femenino,0,Si,Si,72,Si,Si,DSL,No,No,Si,No,Si,Si,Two year,Si,Transferencia Bancaria,76.8,5468.45,No
DF-7382,Masculino,0,No,No,18,Si,No,DSL,No,No,Si,Si,No,No,Month-to-month,No,Tarjeta de Credito,55.2,1058.1,No
NY-2798,Masculino,0,Si,No,71,Si,Si,Fiber optic,Si,No,Si,Si,Si,Si,Two year,Si,Tarjeta de Credito,108.55,7616,No
DT-4289,Masculino,0,Si,No,40,Si,Si,Fiber optic,No,Si,No,No,Si,Si,Month-to-month,Si,Cheque,101.3,4113.1,Si
TQ-1820,Masculino,0,No,No,1,Si,No,Fiber optic,No,No,No,No,No,No,Month-to-month,Si,Cheque,69.55,69.55,Si
JA-2239,Masculino,0,No,No,58,Si,Si,Fiber optic,No,Si,Si,No,Si,Si,One year,Si,Transferencia Bancaria,103.25,6017.65,Si
RU-4853,Masculino,0,No,No,70,Si,Si,Fiber optic,Si,No,No,Si,Si,Si,Two year,Si,Tarjeta de Credito,104,7250.15,Si
TD-8098,Femenino,0,Si,No,42,Si,Si,No,No internet service,No internet service,No internet service,No internet service,No internet service,No internet service,Two year,No,Cheque,25.25,1108.2,No
GA-3551,Masculino,0,Si,Si,34,No,No Servicio Telef nico,DSL,Si,No,No,No,No,No,One year,No,Transferencia Bancaria,30.4,938.65,No
NK-4785,Masculino,1,No,No,5,Si,No,No,No internet service,No internet service,No internet service,No internet service,No internet service,No internet service,Month-to-month,No,Transferencia Bancaria,20.05,94.15,No
NV-3196,Femenino,0,No,No,25,Si,Si,Fiber optic,No,No,No,No,Si,No,Month-to-month,Si,Deposito bancario,84.6,2088.05,No
YD-6275,Femenino,0,No,No,2,Si,No,Fiber optic,No,No,Si,No,No,Si,Month-to-month,Si,Deposito bancario,86.2,178.7,Si
IH-0036,Femenino,0,Si,Si,55,Si,No,Fiber optic,No,Si,Si,Si,Si,Si,One year,Si,Transferencia Bancaria,103.7,5656.75,No
TF-0115,Masculino,0,Si,No,21,Si,Si,Fiber optic,No,Si,Si,Si,Si,Si,Month-to-month,Si,Cheque,111.2,2317.1,Si
EG-4178,Masculino,0,Si,No,70,Si,Si,Fiber optic,Si,Si,No,Si,No,No,Two year,Si,Tarjeta de Credito,88,5986.45,No
TI-4220,Femenino,0,Si,No,61,Si,Si,Fiber optic,No,No,Si,Si,Si,Si,Month-to-month,Si,Cheque,106.35,6751.35,No
YK-5318,Masculino,0,Si,Si,43,Si,No,DSL,Si,No,Si,Si,Si,Si,Two year,Si,Tarjeta de Credito,79.15,3566.6,No
TZ-7975,Masculino,0,No,No,47,Si,Si,Fiber optic,No,Si,Si,No,Si,Si,One year,Si,Cheque,103.1,4889.3,No
QV-0295,Masculino,0,No,No,5,Si,No,DSL,No,No,Si,Si,Si,No,Month-to-month,Si,Tarjeta de Credito,63.95,318.1,No
BS-4335,Femenino,0,No,No,62,Si,Si,No,No internet service,No internet service,No internet service,No internet service,No internet service,No internet service,Two year,Si,Tarjeta de Credito,25.8,1563.95,No
QY-2311,Femenino,0,Si,Si,16,Si,No,Fiber optic,No,Si,Si,No,Si,No,Month-to-month,Si,Tarjeta de Credito,89.45,1430.25,Si
AH-3643,Masculino,1,Si,No,7,Si,Si,Fiber optic,No,No,No,No,Si,Si,Month-to-month,Si,Transferencia Bancaria,95.6,644.35,Si
JR-9146,Femenino,0,Si,Si,14,Si,Si,No,No internet service,No internet service,No internet service,No internet service,No internet service,No internet service,Month-to-month,No,Deposito bancario,25.55,372.45,No
OW-3104,Masculino,0,Si,Si,60,Si,No,Fiber optic,No,Si,Si,No,Si,No,One year,No,Cheque,90.95,5453.4,Si
II-5337,Masculino,0,Si,Si,34,No,No Servicio Telef nico,DSL,No,No,Si,Si,Si,No,Month-to-month,Si,Cheque,44.85,1442.6,No
BW-9101,Femenino,0,Si,No,50,Si,Si,Fiber optic,Si,Si,No,Si,Si,Si,One year,No,Cheque,108.55,5610.7,Si
VB-9650,Masculino,0,Si,Si,38,Si,Si,No,No internet service,No internet service,No internet service,No internet service,No internet service,No internet service,Two year,No,Tarjeta de Credito,25.05,963.95,No
EA-3487,Femenino,0,Si,Si,70,Si,No,DSL,Si,Si,Si,Si,No,Si,One year,No,Tarjeta de Credito,74.1,5222.3,No
TG-2672,Femenino,0,Si,Si,37,Si,Si,Fiber optic,No,Si,No,No,Si,No,Month-to-month,Si,Cheque,88.8,3340.55,No
ZJ-9231,Femenino,1,No,No,4,Si,No,Fiber optic,No,No,No,No,Si,No,Month-to-month,Si,Cheque,78.85,292.8,Si
WA-4250,Masculino,1,Si,Si,60,Si,Si,Fiber optic,Si,Si,No,No,No,Si,Month-to-month,Si,Cheque,93.25,5774.55,No
WM-8184,Masculino,0,Si,Si,62,Si,No,DSL,Si,No,Si,Si,No,Si,One year,No,Tarjeta de Credito,71.4,4487.3,No
SS-6982,Masculino,0,No,No,1,Si,No,DSL,No,No,No,No,No,No,Month-to-month,No,Deposito bancario,44.4,44.4,Si
QZ-6092,Masculino,0,No,No,36,Si,No,DSL,Si,No,Si,Si,Si,Si,Month-to-month,Si,Tarjeta de Credito,79.2,2854.95,No
LA-4625,Masculino,0,No,No,44,Si,No,No,No internet service,No internet service,No internet service,No internet service,No internet service,No internet service,Two year,No,Tarjeta de Credito,20.4,905.55,No
BM-0727,Femenino,1,No,No,55,Si,Si,Fiber optic,No,No,Si,No,Si,Si,One year,Si,Cheque,100,5509.3,Si
BZ-0392,Femenino,0,Si,No,72,Si,Si,Fiber optic,Si,No,Si,No,Si,Si,Two year,Si,Tarjeta de Credito,105,7589.8,No
ZA-1038,Femenino,0,Si,Si,12,Si,No,No,No internet service,No internet service,No internet service,No internet service,No internet service,No internet service,One year,No,Transferencia Bancaria,19.8,229.6,Si
NN-6549,Femenino,0,No,No,13,No,No Servicio Telef nico,DSL,Si,No,No,No,No,No,Month-to-month,Si,Transferencia Bancaria,30.85,394.1,No
ZT-3027,Masculino,0,No,No,1,Si,No,Fiber optic,No,No,No,No,Si,Si,Month-to-month,Si,Cheque,89.9,89.9,Si
OH-0422,Femenino,0,Si,Si,15,Si,No,No,No internet service,No internet service,No internet service,No internet service,No internet service,No internet service,One year,No,Deposito bancario,20.55,295.95,No
HI-6916,Femenino,0,No,No,65,Si,No,DSL,Si,Si,Si,Si,Si,Si,Two year,Si,Transferencia Bancaria,84.85,5459.2,No
ES-2316,Femenino,0,Si,Si,12,No,No Servicio Telef nico,DSL,Si,No,No,Si,No,No,One year,No,Tarjeta de Credito,33.15,444.75,No
OG-9778,Masculino,0,Si,No,72,Si,Si,DSL,Si,Si,Si,Si,Si,Si,Two year,Si,Tarjeta de Credito,92,6782.15,No
OF-7408,Femenino,0,Si,Si,72,Si,Si,DSL,Si,Si,Si,Si,Si,Si,Two year,No,Tarjeta de Credito,89.8,6510.45,No
TC-6007,Femenino,0,Si,Si,72,Si,Si,Fiber optic,Si,Si,Si,Si,Si,Si,Two year,Si,Transferencia Bancaria,115.8,8476.5,No
NK-2252,Masculino,0,No,Si,52,Si,Si,DSL,Si,Si,No,Si,Si,Si,Two year,Si,Deposito bancario,85.15,4461.85,No
IG-8713,Masculino,0,No,No,2,Si,Si,No,No internet service,No internet service,No internet service,No internet service,No internet service,No internet service,Month-to-month,No,Deposito bancario,24.85,62,No
TV-7905,Femenino,0,No,No,5,Si,No,DSL,Si,No,No,Si,Si,No,Month-to-month,Si,Cheque,64.35,352.65,No
PK-7695,Femenino,0,No,No,68,Si,No,No,No internet service,No internet service,No internet service,No internet service,No internet service,No internet service,Two year,No,Tarjeta de Credito,20.5,1424.9,No
BC-2382,Femenino,0,No,Si,62,Si,Si,Fiber optic,No,No,Si,No,Si,Si,One year,Si,Cheque,100.15,6413.65,Si
UU-8374,Masculino,0,No,No,72,Si,Si,DSL,Si,Si,No,Si,Si,Si,Two year,No,Tarjeta de Credito,86.05,6309.65,No
NH-2207,Masculino,0,No,No,1,Si,No,DSL,No,Si,No,No,No,No,Month-to-month,No,Cheque,50.8,50.8,Si
DF-3224,Femenino,0,Si,No,66,Si,Si,Fiber optic,Si,Si,No,Si,No,No,One year,No,Cheque,89,5898.6,No
PM-5275,Masculino,0,Si,Si,72,No,No Servicio Telef nico,DSL,Si,Si,Si,Si,Si,Si,Two year,Si,Tarjeta de Credito,64.8,4719.75,No
UX-4795,Masculino,0,No,No,26,Si,No,No,No internet service,No internet service,No internet service,No internet service,No internet service,No internet service,One year,No,Tarjeta de Credito,19.8,457.3,No
IQ-9777,Masculino,0,Si,Si,64,Si,Si,Fiber optic,Si,No,Si,No,No,Si,Two year,No,Transferencia Bancaria,93.4,5822.3,No
MU-0947,Masculino,1,Si,No,20,Si,No,Fiber optic,No,Si,No,No,No,No,Month-to-month,Si,Cheque,73.65,1463.5,Si
HK-9944,Femenino,0,No,No,3,Si,No,Fiber optic,No,Si,No,No,Si,Si,Month-to-month,Si,Cheque,95.1,307.4,Si
MM-4124,Masculino,0,No,No,22,Si,Si,Fiber optic,No,No,No,No,Si,Si,Month-to-month,Si,Tarjeta de Credito,94.65,2104.55,Si
SH-3671,Masculino,0,Si,No,4,Si,No,Fiber optic,No,No,Si,Si,No,No,Month-to-month,Si,Deposito bancario,80.6,319.15,Si
MO-0979,Masculino,0,Si,No,62,No,No Servicio Telef nico,DSL,No,No,No,Si,Si,No,Two year,Si,Transferencia Bancaria,39,2337.45,No
IS-2732,Femenino,0,No,No,5,Si,No,No,No internet service,No internet service,No internet service,No internet service,No internet service,No internet service,Month-to-month,Si,Deposito bancario,20.5,104.3,No
QK-3313,Masculino,0,Si,No,59,Si,Si,Fiber optic,No,No,No,No,No,Si,One year,No,Cheque,85.55,5084.65,Si
XW-0323,Masculino,0,No,Si,3,Si,Si,No,No internet service,No internet service,No internet service,No internet service,No internet service,No internet service,Two year,Si,Deposito bancario,26.4,121.25,No
OT-1937,Femenino,0,Si,No,72,Si,Si,Fiber optic,Si,No,Si,Si,Si,No,Two year,Si,Transferencia Bancaria,98.2,7015.9,No
LG-1573,Masculino,0,Si,Si,57,Si,No,Fiber optic,No,Si,Si,No,Si,Si,One year,Si,Tarjeta de Credito,97.55,5598,No
VU-1764,Masculino,0,No,Si,66,Si,No,No,No internet service,No internet service,No internet service,No internet service,No internet service,No internet service,Two year,No,Tarjeta de Credito,19.95,1269.1,No
WX-5073,Femenino,0,No,No,60,No,No Servicio Telef nico,DSL,No,Si,No,No,Si,Si,Month-to-month,Si,Cheque,50.8,3027.4,Si
ZB-4713,Masculino,0,No,Si,45,Si,Si,Fiber optic,No,No,Si,No,Si,Si,Two year,No,Transferencia Bancaria,99.7,4634.35,No
GB-3050,Femenino,0,No,No,3,No,No Servicio Telef nico,DSL,No,No,No,No,Si,No,Month-to-month,Si,Tarjeta de Credito,34.8,113.95,No
MD-0207,Femenino,0,No,No,15,Si,No,Fiber optic,Si,No,Si,Si,Si,Si,Month-to-month,No,Cheque,105.1,1582.75,Si
AE-7876,Femenino,0,No,Si,51,No,No Servicio Telef nico,DSL,Si,No,Si,Si,Si,Si,One year,No,Transferencia Bancaria,60.15,3077,No
HL-7945,Femenino,0,No,No,60,Si,Si,DSL,Si,No,Si,Si,No,No,One year,No,Cheque,64.75,4039.5,No
VN-9342,Masculino,0,No,No,33,Si,Si,DSL,No,Si,No,No,No,No,Month-to-month,Si,Transferencia Bancaria,54.65,1665.2,No
KI-9851,Masculino,0,No,No,10,Si,No,Fiber optic,Si,Si,Si,Si,Si,Si,Month-to-month,Si,Cheque,110.1,1043.3,Si
BR-3523,Masculino,1,No,No,26,Si,No,No,No internet service,No internet service,No internet service,No internet service,No internet service,No internet service,One year,No,Tarjeta de Credito,19.3,504.2,No
BL-3908,Femenino,0,No,No,6,Si,No,Fiber optic,No,No,Si,No,No,Si,Month-to-month,No,Cheque,83.9,497.55,Si
NP-3199,Femenino,0,Si,No,67,Si,Si,Fiber optic,Si,No,Si,Si,Si,Si,One year,Si,Cheque,111.25,7511.65,No
PT-5170,Femenino,0,Si,Si,49,No,No Servicio Telef nico,DSL,Si,No,No,Si,No,No,One year,Si,Tarjeta de Credito,35.8,1782,No
NJ-4661,Masculino,0,No,No,1,Si,No,No,No internet service,No internet service,No internet service,No internet service,No internet service,No internet service,Month-to-month,Si,Deposito bancario,20.05,20.05,No
AG-2123,Femenino,1,No,No,7,Si,No,Fiber optic,No,No,Si,No,Si,No,Month-to-month,Si,Cheque,84.35,609.65,No
YM-1258,Femenino,1,No,No,27,Si,Si,Fiber optic,Si,Si,Si,No,Si,Si,One year,Si,Transferencia Bancaria,110.5,2857.6,No
LU-0048,Masculino,0,Si,Si,37,Si,No,Fiber optic,No,No,No,No,Si,Si,One year,No,Tarjeta de Credito,91.2,3247.55,No
MY-7549,Femenino,0,Si,Si,63,Si,Si,Fiber optic,Si,Si,Si,No,Si,No,Month-to-month,Si,Cheque,100.55,6215.35,Si
IG-5898,Masculino,0,Si,Si,31,Si,Si,Fiber optic,Si,No,Si,Si,No,No,Month-to-month,No,Cheque,89.3,2823,No
RV-3804,Masculino,0,Si,Si,50,Si,Si,Fiber optic,No,Si,Si,No,Si,Si,Month-to-month,Si,Transferencia Bancaria,103.85,5017.9,Si
WJ-6259,Masculino,1,No,No,32,Si,Si,Fiber optic,No,No,Si,No,No,No,Month-to-month,Si,Tarjeta de Credito,81.1,2619.25,No
LU-9227,Femenino,0,No,No,1,No,No Servicio Telef nico,DSL,No,No,No,No,No,No,Month-to-month,No,Cheque,24.6,24.6,Si
EA-7997,Femenino,0,Si,No,63,Si,Si,Fiber optic,No,No,No,Si,No,No,One year,Si,Tarjeta de Credito,81.2,4965.1,No
KO-0730,Masculino,0,No,No,30,Si,Si,Fiber optic,Si,Si,No,No,No,Si,Month-to-month,Si,Tarjeta de Credito,94.3,2679.7,No
SK-8975,Masculino,0,Si,No,71,Si,Si,Fiber optic,Si,Si,Si,Si,Si,Si,Two year,Si,Transferencia Bancaria,116.1,8310.55,No
RL-0678,Femenino,0,No,No,53,Si,Si,Fiber optic,No,Si,Si,No,Si,Si,Two year,No,Cheque,105.55,5682.25,No
MU-4315,Femenino,0,No,No,12,Si,No,Fiber optic,Si,No,No,Si,Si,Si,Month-to-month,Si,Transferencia Bancaria,98.9,1120.95,Si
FP-2267,Masculino,0,Si,No,50,Si,Si,Fiber optic,Si,Si,No,No,No,Si,Month-to-month,Si,Tarjeta de Credito,94.4,4914.9,No
GE-1051,Femenino,0,No,No,2,Si,No,No,No internet service,No internet service,No internet service,No internet service,No internet service,No internet service,Month-to-month,No,Deposito bancario,19.5,27.55,No
YW-9734,Femenino,0,No,No,9,Si,Si,Fiber optic,No,No,Si,No,Si,Si,Month-to-month,No,Tarjeta de Credito,98.3,923.5,Si
BD-2719,Masculino,0,No,No,17,Si,No,Fiber optic,Si,No,No,No,Si,Si,Month-to-month,No,Cheque,93.85,1625.65,Si
MV-5285,Femenino,0,Si,No,56,Si,No,Fiber optic,Si,Si,Si,No,Si,Si,One year,Si,Tarjeta de Credito,105.6,6068.65,No
DJ-0379,Masculino,0,Si,Si,67,Si,No,DSL,Si,Si,Si,No,Si,Si,Two year,No,Tarjeta de Credito,81.35,5398.6,No
LK-0781,Masculino,1,No,No,9,Si,Si,Fiber optic,No,No,Si,No,Si,Si,Month-to-month,Si,Cheque,100.5,918.6,Si
QD-5543,Masculino,0,No,No,4,Si,No,DSL,No,No,No,No,Si,No,Month-to-month,Si,Cheque,56.4,234.85,No
RB-0297,Masculino,0,No,No,19,Si,No,DSL,No,Si,No,Si,No,Si,One year,Si,Transferencia Bancaria,65.35,1231.85,No
PH-4694,Femenino,0,No,Si,8,Si,No,No,No internet service,No internet service,No internet service,No internet service,No internet service,No internet service,Month-to-month,No,Deposito bancario,19.95,170.9,No
JK-0835,Femenino,0,No,No,71,Si,Si,Fiber optic,No,Si,Si,Si,Si,Si,Two year,Si,Cheque,111.25,7984.15,No
UB-1907,Masculino,1,No,No,10,Si,No,Fiber optic,No,Si,No,No,No,No,Month-to-month,Si,Cheque,72.85,688.65,Si
SM-7508,Femenino,1,No,No,15,Si,Si,Fiber optic,No,Si,No,No,Si,No,Month-to-month,No,Tarjeta de Credito,89,1288.3,No
YI-3865,Masculino,0,Si,Si,72,Si,Si,Fiber optic,Si,No,Si,No,Si,Si,One year,Si,Transferencia Bancaria,106.1,7848.5,No
BQ-5993,Masculino,0,No,No,12,Si,No,No,No internet service,No internet service,No internet service,No internet service,No internet service,No internet service,One year,No,Tarjeta de Credito,20.05,267,No
RU-6024,Masculino,0,Si,Si,72,Si,Si,No,No internet service,No internet service,No internet service,No internet service,No internet service,No internet service,Two year,Si,Transferencia Bancaria,25.2,1798.9,No
EE-6513,Masculino,1,Si,No,1,Si,Si,Fiber optic,No,No,No,No,No,No,Month-to-month,Si,Cheque,73.55,73.55,Si
CJ-3956,Femenino,1,No,No,23,Si,No,Fiber optic,Si,No,No,No,No,No,Month-to-month,Si,Transferencia Bancaria,75.4,1643.55,No
WW-4079,Masculino,0,No,No,72,No,No Servicio Telef nico,DSL,Si,Si,Si,Si,Si,Si,Two year,Si,Transferencia Bancaria,65.55,4807.45,No
BO-6103,Femenino,0,No,No,26,Si,Si,Fiber optic,No,No,Si,No,No,No,Month-to-month,Si,Cheque,80.7,2193,No
TG-5149,Femenino,0,No,No,21,Si,No,Fiber optic,No,Si,Si,Si,Si,Si,One year,Si,Deposito bancario,104.55,2239.4,No
WN-7471,Masculino,0,Si,No,60,Si,Si,No,No internet service,No internet service,No internet service,No internet service,No internet service,No internet service,One year,No,Transferencia Bancaria,24.15,1505.9,No
DB-8942,Masculino,0,No,No,12,Si,No,No,No internet service,No internet service,No internet service,No internet service,No internet service,No internet service,Month-to-month,No,Deposito bancario,20.45,255.35,No
VV-4301,Masculino,0,Si,No,16,Si,Si,Fiber optic,No,No,No,No,No,No,Month-to-month,Si,Cheque,75.4,1189.4,No
PW-9199,Femenino,0,Si,No,63,Si,Si,DSL,Si,Si,No,No,Si,Si,One year,Si,Tarjeta de Credito,79.7,4786.15,No
GU-4824,Femenino,1,No,No,22,Si,No,Fiber optic,Si,Si,No,No,No,No,Month-to-month,No,Cheque,81.7,1820.9,No
HJ-5393,Femenino,0,Si,Si,32,Si,No,DSL,Si,Si,Si,Si,No,Si,Month-to-month,No,Transferencia Bancaria,76.3,2404.15,No
IE-7074,Femenino,1,No,No,3,Si,Si,Fiber optic,No,Si,No,No,No,No,Month-to-month,Si,Cheque,79.4,205.05,Si
QS-9625,Femenino,0,No,No,13,Si,No,Fiber optic,No,Si,Si,No,No,No,Month-to-month,Si,Cheque,81.15,952.3,Si
PR-0862,Femenino,0,Si,Si,68,Si,Si,Fiber optic,No,Si,No,Si,Si,Si,Two year,Si,Tarjeta de Credito,103.75,7039.45,No
ZR-8812,Femenino,0,Si,Si,30,Si,No,Fiber optic,No,No,Si,No,No,Si,One year,No,Cheque,86.45,2538.05,No
CB-5146,Femenino,0,No,No,16,Si,No,Fiber optic,No,Si,No,No,No,No,Month-to-month,No,Transferencia Bancaria,75.1,1212.85,No
OK-0454,Masculino,0,No,No,33,Si,No,Fiber optic,No,Si,No,Si,No,No,Two year,No,Transferencia Bancaria,80.6,2651.1,No
KX-5787,Masculino,0,Si,No,72,Si,No,No,No internet service,No internet service,No internet service,No internet service,No internet service,No internet service,Two year,No,Tarjeta de Credito,19.3,1304.8,No
ZR-4750,Femenino,1,No,No,4,Si,Si,Fiber optic,No,No,No,No,No,Si,Month-to-month,Si,Cheque,84.6,360.1,Si
VF-4198,Femenino,0,No,No,12,No,No Servicio Telef nico,DSL,Si,No,No,Si,No,No,One year,Si,Deposito bancario,33.6,435.45,No
UJ-6630,Femenino,1,Si,No,4,Si,Si,Fiber optic,No,No,No,No,Si,No,Month-to-month,Si,Cheque,83.25,308.05,No
LV-5709,Femenino,0,Si,Si,0,Si,No,DSL,Si,Si,Si,No,Si,Si,Two year,No,Deposito bancario,80.85, ,No
BW-6400,Femenino,0,No,No,6,Si,Si,Fiber optic,Si,No,No,No,No,No,Month-to-month,Si,Cheque,79.05,434.5,Si
AQ-2692,Femenino,0,Si,No,65,Si,Si,Fiber optic,No,Si,Si,Si,Si,Si,One year,Si,Tarjeta de Credito,108.05,7118.9,No
UB-0347,Femenino,0,No,No,15,Si,No,No,No internet service,No internet service,No internet service,No internet service,No internet service,No internet service,Month-to-month,No,Deposito bancario,19.9,320.45,No
DU-0835,Femenino,0,No,Si,24,Si,No,No,No internet service,No internet service,No internet service,No internet service,No internet service,No internet service,One year,No,Transferencia Bancaria,21.05,531.55,No
GS-0811,Femenino,0,No,Si,13,No,No Servicio Telef nico,DSL,No,Si,No,No,No,No,Month-to-month,No,Cheque,30.15,382.2,No
EC-7567,Masculino,0,No,No,24,Si,No,Fiber optic,No,No,No,No,No,Si,Month-to-month,Si,Tarjeta de Credito,79.85,2001,No
ZT-6115,Femenino,0,Si,No,72,No,No Servicio Telef nico,DSL,Si,Si,Si,Si,Si,Si,Two year,No,Transferencia Bancaria,65.5,4919.7,No
BR-6353,Femenino,0,Si,Si,54,Si,Si,Fiber optic,Si,Si,No,No,Si,Si,Month-to-month,Si,Transferencia Bancaria,104.1,5645.8,No
WK-6680,Femenino,0,No,No,3,Si,Si,Fiber optic,No,No,No,No,No,No,Month-to-month,No,Transferencia Bancaria,74.4,215.8,Si
WF-6231,Masculino,0,Si,Si,4,Si,No,No,No internet service,No internet service,No internet service,No internet service,No internet service,No internet service,Month-to-month,Si,Deposito bancario,20.5,77.6,No
EH-9904,Femenino,1,Si,Si,32,Si,Si,Fiber optic,No,No,Si,No,Si,No,Month-to-month,Si,Deposito bancario,91.35,2896.55,No
DV-7028,Masculino,1,No,No,35,Si,Si,Fiber optic,No,No,Si,No,Si,Si,Month-to-month,Si,Cheque,99.05,3395.8,Si
PP-6169,Masculino,0,Si,Si,35,Si,No,No,No internet service,No internet service,No internet service,No internet service,No internet service,No internet service,Two year,No,Transferencia Bancaria,20.5,759.35,No
UF-4208,Masculino,1,No,No,2,Si,No,DSL,No,No,No,No,No,No,Month-to-month,No,Deposito bancario,44.95,85.15,Si
KM-8584,Femenino,0,No,No,8,Si,No,Fiber optic,No,Si,No,No,No,No,Month-to-month,No,Cheque,75.6,535.55,No
WY-8467,Masculino,0,No,No,22,Si,No,DSL,Si,No,No,Si,No,No,Month-to-month,No,Deposito bancario,55.1,1253.15,No
DF-0851,Femenino,0,No,No,15,Si,No,DSL,Si,No,Si,Si,No,No,Month-to-month,No,Cheque,58.95,955.15,No
SO-5382,Masculino,0,No,No,22,Si,Si,Fiber optic,No,No,No,No,Si,Si,Month-to-month,Si,Cheque,95.1,2162.6,No
RE-9448,Masculino,0,Si,No,1,Si,No,DSL,No,No,No,No,No,No,Month-to-month,No,Tarjeta de Credito,44.7,44.7,Si
CQ-3261,Femenino,0,Si,Si,71,Si,Si,No,No internet service,No internet service,No internet service,No internet service,No internet service,No internet service,Two year,No,Transferencia Bancaria,25.45,1813.35,No
FY-8388,Masculino,0,No,No,4,Si,No,DSL,Si,No,Si,No,No,No,Month-to-month,No,Cheque,56.75,245.15,No
BQ-4002,Masculino,0,No,No,25,Si,Si,DSL,Si,Si,Si,Si,No,Si,Month-to-month,No,Transferencia Bancaria,81.75,2028.8,No
YL-5651,Femenino,0,Si,Si,32,Si,No,Fiber optic,No,Si,No,No,Si,No,Month-to-month,Si,Cheque,86.1,2723.75,No
DX-2826,Masculino,1,Si,No,7,No,No Servicio Telef nico,DSL,Si,No,No,No,No,No,Month-to-month,No,Transferencia Bancaria,29.8,220.45,No
BZ-4378,Masculino,0,No,No,17,Si,No,No,No internet service,No internet service,No internet service,No internet service,No internet service,No internet service,One year,Si,Deposito bancario,20.5,365.8,No
UT-9489,Masculino,1,Si,No,8,Si,No,DSL,Si,No,No,No,Si,No,Month-to-month,No,Transferencia Bancaria,60.9,551.95,No
PY-4849,Femenino,1,No,No,56,Si,Si,DSL,Si,No,Si,Si,No,Si,Two year,No,Transferencia Bancaria,73.25,4054.2,No
SH-9117,Masculino,0,No,No,1,Si,No,DSL,No,No,No,No,No,No,Month-to-month,Si,Deposito bancario,45.7,45.7,Si
TM-9889,Masculino,1,No,No,8,Si,No,Fiber optic,Si,No,No,Si,Si,Si,Month-to-month,No,Tarjeta de Credito,100.3,832.35,Si
RM-4541,Masculino,0,No,No,7,Si,No,No,No internet service,No internet service,No internet service,No internet service,No internet service,No internet service,Month-to-month,No,Cheque,19.25,112.3,Si
BD-7764,Masculino,0,No,Si,3,Si,No,No,No internet service,No internet service,No internet service,No internet service,No internet service,No internet service,Month-to-month,No,Deposito bancario,20.85,60.65,No
IF-3429,Femenino,0,No,No,71,Si,No,DSL,Si,Si,Si,Si,Si,No,Two year,No,Tarjeta de Credito,77.35,5550.1,No
MO-3158,Femenino,0,No,No,2,Si,Si,Fiber optic,No,No,No,No,Si,Si,Month-to-month,Si,Cheque,96,174.8,Si
TM-7294,Femenino,0,No,No,1,Si,No,Fiber optic,No,No,No,No,Si,Si,Month-to-month,No,Cheque,90.55,90.55,Si
GC-5002,Masculino,0,Si,No,49,Si,Si,Fiber optic,Si,Si,No,No,Si,No,Month-to-month,Si,Transferencia Bancaria,93.85,4733.1,No
FJ-0556,Masculino,0,No,No,58,Si,No,DSL,No,Si,Si,Si,Si,No,Two year,No,Transferencia Bancaria,70.1,4048.95,No
FY-8919,Masculino,1,Si,No,44,No,No Servicio Telef nico,DSL,No,Si,No,No,No,No,Month-to-month,Si,Cheque,30.35,1359.7,Si
TH-0604,Femenino,0,Si,Si,59,Si,No,DSL,No,Si,No,Si,Si,Si,Two year,Si,Tarjeta de Credito,75.95,4542.35,No
JR-2834,Masculino,0,No,No,71,Si,Si,Fiber optic,Si,No,Si,Si,Si,Si,Two year,Si,Cheque,108.05,7532.15,Si
YP-5875,Masculino,0,No,No,1,Si,No,Fiber optic,No,No,No,No,No,No,Month-to-month,Si,Cheque,69.9,69.9,Si
SE-5879,Femenino,0,No,No,11,Si,Si,Fiber optic,No,No,No,No,No,No,Month-to-month,No,Cheque,75.25,888.65,No
QV-6646,Masculino,1,Si,No,62,Si,Si,Fiber optic,No,Si,Si,No,Si,Si,One year,Si,Cheque,103.75,6383.35,Si
PP-6461,Femenino,0,Si,Si,35,Si,No,DSL,Si,No,No,Si,No,No,One year,Si,Transferencia Bancaria,54.95,1916,No
IS-3318,Femenino,0,No,No,20,Si,No,No,No internet service,No internet service,No internet service,No internet service,No internet service,No internet service,Month-to-month,Si,Transferencia Bancaria,19.5,413,No
HR-1106,Masculino,0,Si,Si,40,Si,No,No,No internet service,No internet service,No internet service,No internet service,No internet service,No internet service,Two year,No,Deposito bancario,19.6,808.95,No
XS-2483,Femenino,0,No,No,39,Si,No,DSL,Si,No,No,No,No,No,One year,Si,Cheque,47.85,1886.4,No
IJ-8603,Masculino,0,No,No,1,Si,Si,Fiber optic,No,No,No,No,No,Si,Month-to-month,Si,Cheque,86.6,86.6,Si
ZJ-8165,Femenino,0,Si,Si,72,Si,Si,No,No internet service,No internet service,No internet service,No internet service,No internet service,No internet service,Two year,No,Transferencia Bancaria,23.75,1679.25,No
XF-9369,Femenino,1,Si,No,33,Si,Si,Fiber optic,No,Si,No,No,No,No,Month-to-month,Si,Transferencia Bancaria,80.6,2656.5,Si
XV-2604,Femenino,0,No,No,12,Si,No,DSL,No,No,No,No,No,No,Month-to-month,No,Transferencia Bancaria,43.8,540.95,No
OF-3717,Masculino,0,No,No,1,Si,No,No,No internet service,No internet service,No internet service,No internet service,No internet service,No internet service,Month-to-month,No,Transferencia Bancaria,19.75,19.75,No
JB-9046,Masculino,0,No,Si,27,Si,No,No,No internet service,No internet service,No internet service,No internet service,No internet service,No internet service,Month-to-month,No,Deposito bancario,19.15,537.35,No
NM-3280,Masculino,0,Si,Si,34,Si,No,No,No internet service,No internet service,No internet service,No internet service,No internet service,No internet service,One year,No,Tarjeta de Credito,19.6,678.8,No
EH-1206,Femenino,0,Si,No,56,Si,No,Fiber optic,Si,No,Si,No,No,No,Two year,No,Transferencia Bancaria,80.3,4513.65,No
LB-8361,Femenino,0,No,No,58,Si,Si,No,No internet service,No internet service,No internet service,No internet service,No internet service,No internet service,Two year,No,Tarjeta de Credito,24.35,1423.85,No
KC-4883,Femenino,0,Si,Si,22,Si,Si,No,No internet service,No internet service,No internet service,No internet service,No internet service,No internet service,Two year,No,Tarjeta de Credito,25.25,555.4,No
EQ-9108,Femenino,0,Si,Si,10,Si,Si,No,No internet service,No internet service,No internet service,No internet service,No internet service,No internet service,Two year,No,Tarjeta de Credito,26.1,225.55,No
KA-7277,Masculino,0,No,No,13,Si,No,No,No internet service,No internet service,No internet service,No internet service,No internet service,No internet service,Two year,No,Tarjeta de Credito,20,268.45,No
IY-3842,Femenino,0,No,No,35,Si,Si,Fiber optic,No,Si,No,Si,No,No,Month-to-month,No,Tarjeta de Credito,85.3,2917.5,Si
XR-6641,Femenino,0,No,No,34,Si,No,Fiber optic,No,No,No,No,No,No,Month-to-month,Si,Tarjeta de Credito,70,2416.1,Si
DM-1374,Femenino,1,No,No,4,Si,Si,Fiber optic,No,No,No,No,Si,Si,Month-to-month,Si,Cheque,94.3,424.45,Si
LX-2545,Masculino,0,Si,No,72,Si,No,No,No internet service,No internet service,No internet service,No internet service,No internet service,No internet service,Two year,No,Transferencia Bancaria,20.7,1492.1,No
VK-3234,Masculino,0,No,No,2,Si,No,DSL,No,No,No,Si,Si,Si,Month-to-month,No,Cheque,70.3,132.4,No
EQ-8357,Femenino,0,No,No,7,Si,No,Fiber optic,No,No,Si,No,Si,Si,Month-to-month,Si,Cheque,95.35,660.9,Si
PR-1989,Masculino,1,Si,No,27,Si,Si,Fiber optic,No,No,No,No,No,No,Month-to-month,Si,Cheque,75.5,1893.95,Si
JD-8120,Masculino,0,Si,Si,4,Si,No,Fiber optic,No,No,No,No,No,No,Month-to-month,Si,Deposito bancario,69.55,284.9,No
FA-8917,Femenino,0,No,No,37,Si,No,No,No internet service,No internet service,No internet service,No internet service,No internet service,No internet service,Two year,No,Deposito bancario,19.85,784.25,No
YX-7047,Masculino,0,No,No,21,Si,No,No,No internet service,No internet service,No internet service,No internet service,No internet service,No internet service,Month-to-month,No,Deposito bancario,20,417.7,No
EI-2858,Femenino,1,Si,No,53,Si,Si,Fiber optic,No,No,No,No,Si,Si,One year,Si,Tarjeta de Credito,95.85,5016.25,No
EG-9524,Femenino,0,No,No,18,Si,Si,Fiber optic,No,No,No,Si,No,Si,Month-to-month,Si,Cheque,90.1,1612.75,Si
OH-6993,Femenino,0,No,No,2,Si,No,Fiber optic,No,No,No,No,No,No,Month-to-month,No,Cheque,68.95,119.75,Si
XY-8818,Masculino,0,Si,Si,32,Si,Si,Fiber optic,Si,No,No,No,Si,Si,Month-to-month,Si,Tarjeta de Credito,99.55,3204.65,Si
ZT-6419,Masculino,1,Si,No,23,Si,No,No,No internet service,No internet service,No internet service,No internet service,No internet service,No internet service,One year,Si,Cheque,20.75,485.2,No
HY-0929,Masculino,0,No,No,3,Si,No,DSL,Si,No,No,No,No,No,Month-to-month,Si,Deposito bancario,50.15,160.85,No
YO-6614,Femenino,0,Si,Si,71,No,No Servicio Telef nico,DSL,Si,Si,No,Si,Si,Si,Two year,No,Deposito bancario,58.65,4145.25,No
RH-7426,Masculino,0,No,No,9,Si,No,Fiber optic,No,No,No,Si,Si,Si,Month-to-month,Si,Transferencia Bancaria,95.9,827.45,No
JJ-4065,Femenino,0,No,No,1,Si,No,DSL,No,Si,No,No,No,No,Month-to-month,No,Cheque,49.5,49.5,No
VA-4695,Masculino,0,Si,Si,18,Si,No,DSL,No,No,Si,No,No,Si,Month-to-month,No,Cheque,57.45,990.85,Si
IU-3863,Masculino,0,Si,Si,12,Si,No,DSL,No,No,No,No,No,Si,One year,No,Tarjeta de Credito,53.65,696.35,Si
SI-7649,Masculino,0,Si,No,71,Si,Si,DSL,Si,Si,Si,Si,No,Si,Two year,Si,Deposito bancario,80.1,5585.4,No
YN-9361,Femenino,0,No,No,64,Si,Si,No,No internet service,No internet service,No internet service,No internet service,No internet service,No internet service,One year,Si,Transferencia Bancaria,24.4,1601.2,No
FV-3748,Masculino,0,No,No,4,No,No Servicio Telef nico,DSL,No,No,No,Si,No,Si,Month-to-month,Si,Cheque,40.05,162.45,No
TT-9391,Femenino,0,No,No,23,Si,No,No,No internet service,No internet service,No internet service,No internet service,No internet service,No internet service,Month-to-month,Si,Deposito bancario,19.5,470.2,No
XR-1452,Femenino,0,Si,Si,39,Si,No,DSL,Si,No,No,No,No,No,Month-to-month,No,Tarjeta de Credito,51.05,2066,No
WJ-3422,Masculino,0,Si,No,28,Si,No,DSL,Si,No,No,Si,No,No,One year,No,Deposito bancario,54.35,1426.45,No
SO-8242,Femenino,1,No,No,5,Si,No,Fiber optic,No,Si,No,No,Si,No,Month-to-month,Si,Cheque,84.7,392.5,No
IT-7460,Femenino,1,Si,No,45,Si,No,Fiber optic,No,No,Si,No,No,Si,Month-to-month,Si,Cheque,86.1,3861.45,No
AY-7147,Masculino,0,No,No,37,Si,No,Fiber optic,No,No,No,No,No,No,Month-to-month,Si,Deposito bancario,70.35,2552.9,No
TM-7868,Femenino,1,Si,No,60,Si,No,Fiber optic,Si,Si,Si,Si,Si,Si,Two year,Si,Transferencia Bancaria,110,6668.35,No
RV-4822,Masculino,1,No,No,8,Si,Si,Fiber optic,No,No,Si,No,Si,Si,Month-to-month,Si,Cheque,100.6,819.4,Si
FZ-6732,Femenino,0,No,No,47,Si,Si,Fiber optic,Si,No,Si,No,Si,No,One year,No,Tarjeta de Credito,94.9,4615.25,No
BJ-8436,Masculino,0,Si,Si,26,Si,Si,Fiber optic,No,No,No,No,Si,No,Month-to-month,Si,Cheque,83.75,2070.6,Si
TJ-4184,Femenino,1,Si,Si,3,Si,No,Fiber optic,Si,No,No,Si,Si,No,Month-to-month,Si,Deposito bancario,88.3,273.75,Si
GW-8329,Femenino,0,Si,Si,50,Si,No,Fiber optic,No,No,No,No,No,No,Month-to-month,Si,Transferencia Bancaria,69.75,3557.7,No
VH-1352,Masculino,0,Si,Si,27,Si,Si,DSL,No,No,No,Si,Si,Si,Month-to-month,No,Transferencia Bancaria,71.6,1957.1,No
UQ-4145,Femenino,1,No,No,8,Si,No,Fiber optic,No,No,Si,No,Si,Si,Month-to-month,Si,Cheque,92.1,729.95,Si
TA-2632,Femenino,0,Si,No,62,Si,Si,No,No internet service,No internet service,No internet service,No internet service,No internet service,No internet service,Two year,No,Transferencia Bancaria,23.65,1416.75,No
QQ-8146,Femenino,0,Si,No,71,Si,No,DSL,Si,No,Si,Si,Si,Si,Two year,No,Transferencia Bancaria,81.85,5924.4,No
CJ-1767,Masculino,0,No,No,66,Si,Si,No,No internet service,No internet service,No internet service,No internet service,No internet service,No internet service,Two year,No,Deposito bancario,25.1,1697.7,No
TN-6445,Masculino,0,Si,Si,68,Si,Si,Fiber optic,Si,Si,Si,Si,Si,Si,Two year,Si,Transferencia Bancaria,114.7,7849.85,No
LN-4581,Femenino,0,No,No,13,No,No Servicio Telef nico,DSL,No,No,Si,No,Si,Si,Month-to-month,No,Cheque,49.15,649.4,No
EP-4869,Masculino,0,Si,No,56,Si,No,Fiber optic,No,No,No,No,No,Si,One year,Si,Cheque,80.9,4557.5,No
YP-9948,Masculino,0,Si,No,38,Si,No,Fiber optic,Si,Si,No,No,No,No,Month-to-month,Si,Cheque,79.45,3013.05,Si
WF-1236,Masculino,1,No,No,14,Si,No,Fiber optic,No,No,No,No,Si,Si,Month-to-month,No,Tarjeta de Credito,90.45,1266.1,Si
OA-1915,Femenino,0,No,Si,16,Si,No,No,No internet service,No internet service,No internet service,No internet service,No internet service,No internet service,One year,Si,Transferencia Bancaria,19.3,360.35,No
PI-7296,Femenino,0,Si,Si,14,Si,No,Fiber optic,No,No,No,No,No,No,Month-to-month,No,Cheque,70.2,1046.5,No
QI-4883,Masculino,0,Si,Si,32,Si,No,Fiber optic,No,No,No,No,No,No,Month-to-month,Si,Transferencia Bancaria,69.75,2347.9,Si
OA-3354,Femenino,0,No,No,8,Si,No,DSL,Si,No,No,Si,No,No,One year,No,Transferencia Bancaria,54.25,447.75,No
WQ-3524,Femenino,0,Si,Si,43,Si,Si,Fiber optic,No,No,Si,No,Si,Si,Month-to-month,Si,Transferencia Bancaria,99.3,4209.95,No
DH-0810,Femenino,0,No,No,52,Si,Si,DSL,Si,No,Si,Si,Si,No,One year,No,Tarjeta de Credito,74,3877.65,No
SK-4026,Masculino,0,No,No,3,Si,No,DSL,No,No,No,Si,No,No,Month-to-month,Si,Deposito bancario,50.25,152.3,No
HY-2829,Masculino,0,No,No,29,Si,No,No,No internet service,No internet service,No internet service,No internet service,No internet service,No internet service,One year,Si,Deposito bancario,19.8,572.2,No
IB-8329,Femenino,0,No,No,1,Si,No,No,No internet service,No internet service,No internet service,No internet service,No internet service,No internet service,Month-to-month,No,Deposito bancario,19.65,19.65,Si
SJ-1271,Masculino,1,No,No,12,No,No Servicio Telef nico,DSL,No,No,Si,Si,No,Si,Month-to-month,Si,Cheque,43.65,526.95,Si
JH-3845,Femenino,0,Si,Si,16,No,No Servicio Telef nico,DSL,No,No,No,No,No,Si,Month-to-month,Si,Tarjeta de Credito,35.5,552.7,No
PS-7013,Femenino,0,No,No,40,Si,Si,DSL,No,No,Si,Si,Si,Si,One year,Si,Deposito bancario,80.75,3208.65,No
SR-5669,Femenino,0,No,No,5,No,No Servicio Telef nico,DSL,No,No,Si,No,No,Si,Month-to-month,No,Cheque,39.5,210.75,Si
IT-5981,Masculino,0,Si,No,40,Si,Si,Fiber optic,No,No,No,No,Si,Si,Month-to-month,Si,Transferencia Bancaria,97.1,3706.95,Si
NP-3486,Femenino,0,No,No,36,Si,No,No,No internet service,No internet service,No internet service,No internet service,No internet service,No internet service,One year,No,Deposito bancario,19.55,620.75,No
PM-6941,Femenino,0,No,No,5,Si,No,Fiber optic,No,No,No,No,No,Si,Month-to-month,Si,Cheque,80,412.5,Si
WO-1624,Femenino,0,No,No,10,Si,No,Fiber optic,Si,No,No,No,Si,No,Month-to-month,Si,Deposito bancario,84.7,832.05,Si
GK-2074,Masculino,0,Si,Si,2,Si,No,Fiber optic,No,No,No,No,Si,Si,Month-to-month,Si,Transferencia Bancaria,89.55,185.55,Si
YM-0376,Masculino,0,No,No,23,Si,Si,Fiber optic,No,No,No,Si,Si,No,Month-to-month,Si,Cheque,90.6,1943.2,Si
FJ-6100,Masculino,0,Si,Si,26,Si,No,No,No internet service,No internet service,No internet service,No internet service,No internet service,No internet service,One year,Si,Transferencia Bancaria,20.05,505.9,No
ZL-4829,Femenino,1,Si,No,72,Si,Si,Fiber optic,Si,Si,Si,No,Si,Si,Two year,Si,Cheque,112.4,8046.85,No
VF-1730,Femenino,0,Si,No,34,Si,No,DSL,No,No,No,Si,No,No,Month-to-month,No,Transferencia Bancaria,50.2,1815.3,No
BQ-7143,Masculino,0,No,No,10,Si,No,DSL,Si,No,No,Si,Si,No,Month-to-month,No,Transferencia Bancaria,62.25,612.95,No
LY-3800,Femenino,0,No,No,14,Si,No,DSL,Si,No,No,Si,No,No,One year,No,Deposito bancario,55.7,795.15,No
SZ-0634,Femenino,0,No,No,23,Si,Si,Fiber optic,Si,No,No,No,Si,No,Month-to-month,Si,Transferencia Bancaria,90.05,2169.8,Si
NM-9646,Masculino,0,Si,No,47,Si,No,No,No internet service,No internet service,No internet service,No internet service,No internet service,No internet service,Two year,No,Deposito bancario,19.65,973.1,No
NJ-7030,Masculino,0,Si,No,24,Si,No,Fiber optic,Si,No,No,Si,No,Si,Month-to-month,Si,Cheque,89.25,2210.2,No
RT-5536,Masculino,0,Si,No,49,Si,Si,Fiber optic,No,Si,No,No,Si,Si,Month-to-month,Si,Transferencia Bancaria,99.05,4853.75,Si
GR-8883,Masculino,1,No,No,20,Si,No,DSL,Si,No,No,Si,No,No,One year,No,Deposito bancario,54,1055.9,No
IL-6166,Femenino,0,No,No,2,Si,No,Fiber optic,No,No,No,No,No,No,Month-to-month,No,Transferencia Bancaria,69.75,144.55,Si
NN-3097,Femenino,0,No,No,2,Si,No,DSL,No,Si,No,No,No,No,Month-to-month,Si,Tarjeta de Credito,49.05,91.1,Si
ZO-7771,Masculino,0,No,No,22,No,No Servicio Telef nico,DSL,No,No,Si,Si,Si,Si,Two year,No,Transferencia Bancaria,56.75,1304.85,No
RB-0655,Masculino,0,No,No,7,Si,Si,Fiber optic,No,No,Si,No,Si,Si,Month-to-month,Si,Transferencia Bancaria,98.05,713,Si
DW-2111,Masculino,0,No,No,1,Si,No,No,No internet service,No internet service,No internet service,No internet service,No internet service,No internet service,Month-to-month,No,Deposito bancario,21.1,21.1,No
WH-4194,Femenino,0,Si,Si,59,Si,Si,Fiber optic,No,Si,No,Si,No,Si,Month-to-month,Si,Transferencia Bancaria,96.65,5580.8,No
AG-4121,Femenino,0,Si,Si,58,Si,Si,No,No internet service,No internet service,No internet service,No internet service,No internet service,No internet service,One year,Si,Tarjeta de Credito,24.5,1497.9,No
BK-4361,Femenino,0,No,No,41,Si,Si,Fiber optic,Si,Si,Si,Si,Si,Si,Month-to-month,Si,Transferencia Bancaria,114.5,4527.45,Si
PE-9845,Femenino,1,No,No,59,Si,Si,Fiber optic,No,Si,No,No,No,No,Two year,Si,Tarjeta de Credito,79.2,4590.35,No
XF-0455,Femenino,0,Si,Si,3,Si,No,Fiber optic,No,No,No,No,No,No,Month-to-month,Si,Cheque,69.55,200.2,No
KO-0301,Masculino,0,No,No,32,Si,No,No,No internet service,No internet service,No internet service,No internet service,No internet service,No internet service,Two year,Si,Transferencia Bancaria,20.05,614.45,No
NC-1751,Masculino,1,Si,No,46,Si,Si,Fiber optic,No,No,Si,No,Si,Si,Month-to-month,Si,Cheque,98.85,4564.9,No
NU-4367,Masculino,0,Si,Si,0,Si,Si,No,No internet service,No internet service,No internet service,No internet service,No internet service,No internet service,Two year,No,Deposito bancario,25.75, ,No
TN-9878,Masculino,0,No,No,2,Si,No,Fiber optic,No,No,No,No,No,Si,Month-to-month,Si,Cheque,80.95,171.15,Si
AR-9170,Femenino,0,Si,Si,52,Si,No,No,No internet service,No internet service,No internet service,No internet service,No internet service,No internet service,One year,No,Tarjeta de Credito,19.6,1012.4,No
NI-4441,Femenino,1,No,No,13,Si,No,Fiber optic,No,No,Si,No,No,No,Month-to-month,Si,Cheque,74.3,940.35,Si
BO-8999,Femenino,1,No,No,11,Si,No,Fiber optic,No,No,No,No,Si,Si,Month-to-month,No,Transferencia Bancaria,89.7,1047.7,Si
AJ-7241,Masculino,0,No,No,32,Si,Si,Fiber optic,Si,No,No,Si,No,No,Month-to-month,No,Transferencia Bancaria,87.65,2766.4,No
RP-7029,Masculino,1,Si,No,17,Si,Si,Fiber optic,No,No,Si,No,Si,Si,Month-to-month,Si,Tarjeta de Credito,100.45,1622.45,Si
FO-4546,Femenino,0,No,No,16,Si,Si,Fiber optic,No,No,No,No,No,No,Month-to-month,Si,Tarjeta de Credito,74.75,1129.35,No
CS-9036,Femenino,0,No,No,51,Si,Si,Fiber optic,Si,Si,Si,No,Si,Si,One year,No,Transferencia Bancaria,107.45,5680.9,No
TR-5832,Masculino,0,No,No,29,Si,No,DSL,No,No,Si,Si,Si,Si,One year,Si,Transferencia Bancaria,75.35,2243.9,No
YF-8590,Masculino,0,Si,No,70,Si,No,DSL,Si,Si,Si,Si,No,No,Two year,No,Tarjeta de Credito,64.95,4523.25,No
IO-8659,Femenino,0,Si,Si,71,Si,Si,Fiber optic,Si,No,Si,Si,No,Si,Two year,No,Cheque,100.45,7159.7,No
CE-1338,Masculino,0,Si,Si,41,Si,Si,DSL,No,Si,Si,No,Si,No,One year,No,Transferencia Bancaria,68.5,2839.95,No
DK-7439,Masculino,0,No,No,1,Si,No,Fiber optic,No,No,No,No,Si,No,Month-to-month,Si,Cheque,80.55,80.55,No
QZ-4646,Femenino,0,Si,No,7,Si,No,DSL,Si,No,Si,Si,Si,Si,Month-to-month,No,Transferencia Bancaria,81.25,580.1,No
CH-4607,Masculino,0,Si,Si,25,Si,No,Fiber optic,No,No,No,No,Si,Si,One year,Si,Cheque,90.4,2178.6,Si
XO-9742,Masculino,0,Si,Si,67,Si,Si,Fiber optic,Si,Si,No,Si,No,No,One year,No,Cheque,89.55,6038.55,No
OZ-6921,Masculino,0,Si,Si,5,Si,Si,DSL,No,No,No,Si,No,No,Month-to-month,Si,Deposito bancario,55.7,259.4,No
FO-9578,Masculino,0,No,Si,15,Si,Si,No,No internet service,No internet service,No internet service,No internet service,No internet service,No internet service,Month-to-month,Si,Cheque,24.8,324.15,No
UY-4712,Femenino,0,Si,Si,20,Si,No,No,No internet service,No internet service,No internet service,No internet service,No internet service,No internet service,Month-to-month,No,Cheque,20,417.65,No
RW-8824,Masculino,0,Si,Si,3,Si,No,DSL,No,Si,Si,No,No,No,Month-to-month,Si,Deposito bancario,56.15,168.15,Si
CV-7722,Masculino,0,Si,Si,54,Si,Si,Fiber optic,No,Si,No,Si,Si,Si,One year,Si,Cheque,105.2,5637.85,No
VC-8717,Masculino,0,No,No,42,Si,No,No,No internet service,No internet service,No internet service,No internet service,No internet service,No internet service,One year,Si,Deposito bancario,19.55,839.4,No
QT-7363,Femenino,0,Si,No,9,Si,No,Fiber optic,No,No,No,No,No,Si,Month-to-month,Si,Cheque,79.75,769.1,No
NA-4159,Femenino,0,No,No,63,Si,Si,Fiber optic,No,Si,No,No,Si,Si,Two year,No,Transferencia Bancaria,97.45,6253,No
QI-0971,Femenino,0,Si,No,69,Si,Si,No,No internet service,No internet service,No internet service,No internet service,No internet service,No internet service,Two year,No,Transferencia Bancaria,24.25,1641.8,No
TZ-9397,Femenino,0,No,No,69,Si,Si,No,No internet service,No internet service,No internet service,No internet service,No internet service,No internet service,Two year,No,Tarjeta de Credito,24.6,1678.05,No
JS-3391,Masculino,0,Si,No,40,Si,No,DSL,No,Si,No,No,No,No,Month-to-month,Si,Deposito bancario,50.15,2058.5,No
QL-0343,Masculino,0,No,No,60,No,No Servicio Telef nico,DSL,Si,Si,Si,No,No,No,Two year,No,Transferencia Bancaria,39.6,2424.5,No
PD-9763,Femenino,0,No,No,4,Si,No,Fiber optic,Si,No,Si,Si,No,Si,Month-to-month,Si,Transferencia Bancaria,94.4,387.2,Si
LV-2176,Femenino,1,No,No,71,Si,Si,DSL,Si,Si,Si,Si,Si,Si,Two year,No,Deposito bancario,89.85,6293.45,No
JK-7627,Femenino,0,Si,No,37,Si,Si,Fiber optic,No,No,Si,No,No,No,Month-to-month,Si,Tarjeta de Credito,78.95,2839.65,Si
UU-3312,Masculino,0,Si,No,32,Si,Si,Fiber optic,No,Si,No,No,Si,Si,Month-to-month,Si,Tarjeta de Credito,98.85,3145.9,No
UO-1271,Masculino,0,No,No,39,Si,Si,DSL,No,No,No,Si,No,No,Two year,Si,Tarjeta de Credito,53.85,2200.7,No
EF-8461,Femenino,0,No,No,38,Si,Si,No,No internet service,No internet service,No internet service,No internet service,No internet service,No internet service,One year,Si,Cheque,24.25,914.4,No
RB-6900,Masculino,0,No,No,52,Si,Si,Fiber optic,No,No,Si,No,No,Si,Two year,Si,Tarjeta de Credito,89.45,4577.75,No
JP-6891,Femenino,0,Si,Si,48,Si,Si,Fiber optic,Si,Si,No,No,Si,Si,Month-to-month,Si,Tarjeta de Credito,105.25,4997.5,No
QN-1459,Masculino,0,Si,Si,70,No,No Servicio Telef nico,DSL,Si,No,Si,Si,Si,Si,Two year,No,Transferencia Bancaria,59.5,4144.8,No
NN-1047,Masculino,0,No,No,20,Si,No,Fiber optic,No,No,No,No,No,No,Month-to-month,No,Tarjeta de Credito,70.55,1493.55,No
XR-3696,Femenino,0,No,No,50,Si,Si,DSL,Si,No,Si,Si,Si,Si,One year,Si,Tarjeta de Credito,82.5,4179.1,No
DY-4081,Femenino,0,No,No,19,No,No Servicio Telef nico,DSL,No,No,No,No,Si,Si,One year,Si,Tarjeta de Credito,44.85,893.55,Si
HD-0074,Masculino,0,Si,Si,25,Si,No,DSL,Si,Si,Si,No,No,No,One year,Si,Transferencia Bancaria,61.6,1611,No
GF-8791,Masculino,0,No,No,12,Si,No,DSL,No,Si,No,No,No,No,Month-to-month,Si,Transferencia Bancaria,49.05,593.05,No
SL-8111,Masculino,1,Si,No,39,Si,Si,Fiber optic,No,Si,Si,No,Si,Si,Month-to-month,Si,Cheque,105.65,4284.8,Si
LC-0927,Masculino,0,No,No,7,Si,No,Fiber optic,No,No,Si,No,No,No,Month-to-month,No,Deposito bancario,74.65,544.55,Si
DH-9330,Femenino,0,Si,Si,23,Si,No,DSL,Si,Si,Si,Si,No,No,One year,Si,Deposito bancario,66.25,1533.8,No
BO-0098,Masculino,0,No,No,27,Si,No,No,No internet service,No internet service,No internet service,No internet service,No internet service,No internet service,Month-to-month,Si,Cheque,19.4,529.8,No
AB-3452,Masculino,1,No,No,47,Si,Si,Fiber optic,No,No,No,No,Si,No,Month-to-month,Si,Tarjeta de Credito,86.05,3865.6,No
HZ-5859,Masculino,0,Si,Si,26,Si,No,No,No internet service,No internet service,No internet service,No internet service,No internet service,No internet service,Two year,Si,Tarjeta de Credito,19.15,515.75,No
RZ-8257,Femenino,0,Si,No,14,Si,Si,DSL,Si,No,No,No,Si,No,Month-to-month,Si,Transferencia Bancaria,64.7,941,Si
WX-5293,Femenino,1,Si,No,11,Si,Si,Fiber optic,No,No,Si,Si,Si,Si,Month-to-month,Si,Transferencia Bancaria,104.05,1133.65,Si
QL-3156,Masculino,0,No,Si,2,Si,No,No,No internet service,No internet service,No internet service,No internet service,No internet service,No internet service,Month-to-month,No,Deposito bancario,19.25,48.35,No
NQ-2208,Femenino,0,Si,Si,26,Si,No,Fiber optic,Si,Si,No,No,No,No,Month-to-month,No,Cheque,81.95,2070.05,No
PW-1779,Femenino,1,Si,No,72,Si,Si,Fiber optic,Si,Si,Si,Si,Si,Si,Two year,Si,Transferencia Bancaria,114.65,8333.95,No
NR-6621,Femenino,0,Si,Si,63,Si,No,No,No internet service,No internet service,No internet service,No internet service,No internet service,No internet service,Two year,No,Tarjeta de Credito,20,1209.25,No
JN-0831,Masculino,0,Si,Si,71,Si,No,No,No internet service,No internet service,No internet service,No internet service,No internet service,No internet service,Two year,No,Deposito bancario,19.8,1396.25,No
IF-0774,Masculino,0,Si,Si,11,Si,Si,DSL,Si,No,No,No,Si,No,Month-to-month,Si,Transferencia Bancaria,65.15,723.35,No
WQ-3082,Masculino,1,Si,No,14,Si,No,No,No internet service,No internet service,No internet service,No internet service,No internet service,No internet service,One year,No,Deposito bancario,19.65,228.65,No
DL-9553,Femenino,0,No,Si,13,Si,Si,DSL,Si,Si,Si,Si,Si,Si,Two year,No,Tarjeta de Credito,88.95,1161.75,No
BY-1641,Masculino,0,No,Si,6,Si,No,No,No internet service,No internet service,No internet service,No internet service,No internet service,No internet service,Month-to-month,Si,Deposito bancario,20.2,98.35,No
NG-2460,Masculino,1,Si,Si,11,Si,Si,Fiber optic,No,No,No,No,No,No,Month-to-month,Si,Tarjeta de Credito,75.2,775.3,No
ZK-2446,Masculino,0,Si,No,18,Si,Si,DSL,No,Si,No,No,No,No,Month-to-month,No,Tarjeta de Credito,56.8,1074.65,No
NU-0841,Masculino,0,No,No,1,No,No Servicio Telef nico,DSL,No,No,No,No,No,Si,Month-to-month,Si,Cheque,35.55,35.55,Si
CD-3522,Femenino,0,Si,No,32,Si,No,Fiber optic,Si,No,No,No,No,No,Month-to-month,Si,Transferencia Bancaria,75.5,2324.7,No
SF-1430,Masculino,0,No,No,29,No,No Servicio Telef nico,DSL,Si,No,No,Si,No,No,One year,No,Deposito bancario,35.6,1072.6,No
EZ-0411,Femenino,0,No,No,3,Si,Si,DSL,No,No,No,No,Si,No,Month-to-month,Si,Cheque,60.25,170.5,No
WZ-7851,Femenino,0,No,No,2,Si,Si,Fiber optic,No,No,No,No,Si,Si,Month-to-month,Si,Cheque,95.15,196.9,Si
TO-8844,Masculino,0,Si,Si,13,Si,No,Fiber optic,No,No,Si,No,Si,Si,Month-to-month,Si,Deposito bancario,96.65,1162.85,Si
AR-8807,Femenino,0,No,No,41,No,No Servicio Telef nico,DSL,No,Si,No,No,No,Si,Month-to-month,Si,Cheque,40.35,1677.85,No
CE-8992,Femenino,0,No,No,1,Si,No,No,No internet service,No internet service,No internet service,No internet service,No internet service,No internet service,Month-to-month,No,Cheque,18.85,18.85,No
QM-4320,Masculino,0,No,No,7,Si,No,DSL,No,No,No,No,Si,No,Month-to-month,No,Deposito bancario,54.85,370.4,No
PV-8777,Femenino,0,Si,No,52,Si,No,DSL,Si,No,Si,No,Si,No,One year,Si,Deposito bancario,64.3,3410.6,No
IT-8292,Femenino,0,Si,Si,45,Si,Si,No,No internet service,No internet service,No internet service,No internet service,No internet service,No internet service,Two year,Si,Transferencia Bancaria,24.65,1138.8,No
ZW-6870,Masculino,0,Si,No,70,Si,Si,DSL,No,Si,Si,Si,Si,No,Two year,No,Tarjeta de Credito,76.1,5264.25,No
CX-0621,Femenino,0,No,No,53,Si,No,No,No internet service,No internet service,No internet service,No internet service,No internet service,No internet service,Two year,No,Deposito bancario,18.7,1005.7,No
DS-5268,Femenino,1,Si,No,62,Si,Si,Fiber optic,No,Si,Si,No,Si,No,One year,Si,Tarjeta de Credito,97.95,5936.55,No
JL-5334,Femenino,0,Si,No,60,Si,Si,Fiber optic,Si,Si,No,No,No,Si,Month-to-month,Si,Tarjeta de Credito,94.1,5475.9,No
YQ-4086,Femenino,1,Si,No,3,Si,No,Fiber optic,No,No,No,No,Si,No,Month-to-month,Si,Cheque,80.4,224.05,Si
MB-6242,Femenino,1,Si,No,23,Si,No,Fiber optic,Si,No,No,No,Si,Si,Month-to-month,Si,Cheque,95.1,2326.05,No
CZ-5868,Masculino,0,No,Si,1,No,No Servicio Telef nico,DSL,No,Si,No,No,No,No,Month-to-month,Si,Deposito bancario,31.35,31.35,Si
UG-9359,Femenino,0,No,No,67,Si,No,DSL,Si,No,Si,Si,No,Si,One year,Si,Transferencia Bancaria,72.35,4991.5,No
NM-0135,Femenino,0,No,No,12,Si,Si,Fiber optic,No,Si,No,No,Si,No,Month-to-month,Si,Transferencia Bancaria,89.75,1052.4,Si
OS-4782,Femenino,1,Si,No,71,Si,Si,DSL,Si,Si,Si,Si,No,Si,Two year,Si,Transferencia Bancaria,82.7,5831.2,No
OA-6479,Masculino,0,No,No,25,Si,No,No,No internet service,No internet service,No internet service,No internet service,No internet service,No internet service,One year,No,Tarjeta de Credito,19.9,510.8,No
AC-7129,Femenino,0,No,No,5,Si,Si,DSL,Si,No,No,No,No,No,Month-to-month,Si,Cheque,53.8,283.95,No
NA-4189,Masculino,0,No,No,26,Si,Si,DSL,No,No,No,No,No,No,One year,Si,Tarjeta de Credito,51.55,1295.4,No
BE-5562,Masculino,0,Si,Si,1,Si,No,No,No internet service,No internet service,No internet service,No internet service,No internet service,No internet service,One year,No,Deposito bancario,19.65,19.65,No
IH-1282,Masculino,1,No,No,70,No,No Servicio Telef nico,DSL,No,Si,Si,No,Si,No,One year,Si,Tarjeta de Credito,44.05,3011.65,No
FH-9127,Masculino,0,Si,Si,72,Si,Si,Fiber optic,Si,Si,Si,Si,Si,Si,Two year,Si,Cheque,114,8093.15,No
OM-6270,Masculino,0,Si,No,60,Si,No,Fiber optic,No,Si,No,No,Si,Si,One year,Si,Cheque,94.4,5610.25,Si
RQ-1641,Femenino,1,Si,Si,32,Si,Si,Fiber optic,No,Si,No,No,Si,Si,Month-to-month,Si,Cheque,100.4,3217.65,No
WE-0107,Masculino,0,No,No,1,Si,No,No,No internet service,No internet service,No internet service,No internet service,No internet service,No internet service,Month-to-month,Si,Cheque,19.85,19.85,Si
OR-6994,Femenino,0,No,No,14,Si,Si,DSL,No,Si,No,No,No,No,One year,Si,Deposito bancario,54.25,773.2,No
UF-1346,Femenino,0,No,No,13,Si,Si,Fiber optic,Si,No,No,No,No,No,Month-to-month,Si,Tarjeta de Credito,80,1029.35,No
YW-3992,Femenino,0,No,No,6,Si,Si,Fiber optic,No,Si,Si,Si,Si,Si,Month-to-month,Si,Tarjeta de Credito,109.9,669.45,Si
XE-2933,Femenino,0,No,No,46,Si,Si,DSL,Si,No,Si,No,Si,Si,Two year,No,Deposito bancario,79.2,3593.8,No
LZ-0125,Masculino,0,No,No,15,Si,No,Fiber optic,No,No,Si,Si,Si,Si,Month-to-month,Si,Cheque,101.35,1553.95,Si
QK-5461,Masculino,1,Si,No,43,Si,Si,Fiber optic,No,Si,No,Si,Si,No,Month-to-month,Si,Cheque,94.3,3953.15,No
YS-4835,Masculino,0,No,No,39,Si,No,DSL,No,No,No,Si,No,No,Two year,Si,Transferencia Bancaria,49.8,1971.15,No
YN-8399,Masculino,1,No,No,21,Si,No,DSL,No,No,Si,No,Si,No,Month-to-month,Si,Transferencia Bancaria,60.05,1236.15,Si
YA-3164,Masculino,0,No,No,57,No,No Servicio Telef nico,DSL,Si,No,Si,No,Si,Si,Month-to-month,Si,Cheque,53.75,3196,No
WB-0887,Femenino,0,Si,No,53,Si,No,Fiber optic,No,No,No,Si,Si,Si,One year,Si,Cheque,93.45,4872.2,No
IR-4660,Masculino,0,Si,Si,18,Si,No,Fiber optic,Si,No,Si,No,Si,No,Month-to-month,Si,Deposito bancario,87.9,1500.5,No
FS-5673,Femenino,0,No,No,1,Si,Si,DSL,No,No,No,No,No,Si,Month-to-month,Si,Cheque,60.15,60.15,Si
ZB-7670,Femenino,0,Si,No,58,Si,Si,DSL,Si,No,No,Si,No,No,One year,Si,Transferencia Bancaria,61.05,3478.75,No
UZ-8089,Femenino,1,No,No,71,Si,Si,Fiber optic,No,No,Si,No,Si,Si,Two year,No,Transferencia Bancaria,104.05,7413.55,No
OR-0080,Femenino,0,No,No,35,Si,No,Fiber optic,No,No,Si,Si,Si,Si,One year,Si,Cheque,99.25,3532,No
NR-3916,Masculino,0,No,No,3,Si,No,Fiber optic,No,No,Si,No,No,Si,Month-to-month,No,Tarjeta de Credito,85.7,256.75,No
SI-6807,Masculino,0,No,No,38,Si,Si,Fiber optic,Si,Si,No,No,Si,Si,One year,Si,Cheque,104.85,3887.25,No
HV-8221,Masculino,0,Si,Si,35,Si,Si,DSL,Si,Si,Si,Si,No,No,Two year,Si,Tarjeta de Credito,69.15,2490.15,No
KL-1579,Masculino,0,No,No,7,Si,Si,Fiber optic,No,No,Si,No,Si,No,Month-to-month,Si,Cheque,90.45,593.45,Si
NX-5232,Femenino,0,No,No,47,Si,No,DSL,No,No,Si,Si,Si,Si,Two year,No,Deposito bancario,74.45,3510.3,No
SZ-8967,Femenino,0,No,No,14,Si,No,DSL,No,Si,No,No,No,No,Month-to-month,No,Cheque,50.45,765.45,No
KA-4468,Femenino,1,Si,No,20,Si,No,DSL,No,Si,No,No,No,Si,Month-to-month,Si,Cheque,60,1259.35,No
EN-0455,Masculino,0,Si,No,66,Si,Si,DSL,Si,Si,No,Si,Si,Si,Two year,No,Cheque,85.25,5538.35,No
AI-8944,Masculino,0,Si,No,15,Si,No,No,No internet service,No internet service,No internet service,No internet service,No internet service,No internet service,Month-to-month,Si,Tarjeta de Credito,19.45,340.85,No
NK-5542,Femenino,0,No,No,42,Si,No,No,No internet service,No internet service,No internet service,No internet service,No internet service,No internet service,Two year,Si,Transferencia Bancaria,20.75,844.45,No
RB-7126,Femenino,0,Si,No,17,Si,Si,Fiber optic,Si,No,No,No,No,No,Month-to-month,No,Cheque,78.9,1348.95,No
II-5370,Masculino,0,No,No,37,Si,Si,Fiber optic,No,Si,No,Si,Si,Si,One year,Si,Tarjeta de Credito,104.5,3778,No
HJ-6789,Femenino,0,No,No,12,Si,No,DSL,No,Si,No,No,No,No,Month-to-month,Si,Cheque,49.4,611.65,No
NL-3927,Masculino,0,Si,No,53,Si,No,Fiber optic,No,Si,No,No,Si,Si,One year,Si,Transferencia Bancaria,94.25,4867.95,Si
EY-9087,Femenino,0,No,No,60,Si,Si,No,No internet service,No internet service,No internet service,No internet service,No internet service,No internet service,Two year,No,Deposito bancario,25,1505.05,No
YB-6791,Masculino,0,Si,Si,18,No,No Servicio Telef nico,DSL,No,No,No,No,No,No,Month-to-month,No,Tarjeta de Credito,25.55,467.85,No
LY-6358,Masculino,0,No,No,1,Si,Si,Fiber optic,No,No,No,No,No,No,Month-to-month,Si,Cheque,74.9,74.9,Si
BD-6077,Femenino,0,No,No,3,Si,No,Fiber optic,No,No,No,No,No,No,Month-to-month,Si,Cheque,70.15,194.2,No
MH-0013,Femenino,0,No,Si,9,Si,No,DSL,No,No,No,Si,Si,Si,Month-to-month,Si,Tarjeta de Credito,69.4,571.45,No
HE-5494,Femenino,0,No,No,1,Si,No,Fiber optic,No,No,No,No,Si,No,Month-to-month,Si,Cheque,80.25,80.25,Si
YD-8268,Masculino,0,Si,No,56,Si,Si,Fiber optic,Si,Si,Si,No,No,No,One year,Si,Cheque,93.15,5253.95,No
BE-9824,Masculino,0,Si,Si,17,Si,No,Fiber optic,No,No,No,No,No,No,Month-to-month,Si,Cheque,69,1149.65,Si
OR-1373,Femenino,0,Si,Si,11,Si,Si,DSL,No,No,No,Si,No,Si,Month-to-month,Si,Cheque,66.35,740.8,Si
SH-4291,Masculino,0,No,No,7,Si,No,Fiber optic,No,No,No,No,No,No,Month-to-month,Si,Cheque,69.55,521.35,No
IM-6980,Femenino,0,Si,Si,69,Si,No,No,No internet service,No internet service,No internet service,No internet service,No internet service,No internet service,Two year,No,Transferencia Bancaria,20.2,1412.65,No
QE-9866,Masculino,0,No,No,19,Si,Si,Fiber optic,No,No,No,No,No,Si,Month-to-month,Si,Transferencia Bancaria,86,1532.45,Si
KX-9897,Femenino,0,Si,Si,3,Si,No,Fiber optic,No,No,No,No,No,Si,Month-to-month,Si,Cheque,80.3,250.05,Si
HA-0040,Masculino,0,Si,Si,54,Si,No,No,No internet service,No internet service,No internet service,No internet service,No internet service,No internet service,Two year,No,Tarjeta de Credito,20.4,1090.6,No
GT-0784,Masculino,0,Si,No,62,Si,Si,No,No internet service,No internet service,No internet service,No internet service,No internet service,No internet service,One year,Si,Tarjeta de Credito,23.75,1446.8,No
CO-7979,Masculino,0,No,No,24,Si,Si,Fiber optic,No,Si,No,No,Si,No,Month-to-month,Si,Tarjeta de Credito,90.55,2282.55,Si
DM-2294,Femenino,0,Si,Si,62,Si,Si,DSL,No,No,No,No,Si,Si,Month-to-month,Si,Tarjeta de Credito,70.45,4300.45,No
JC-0872,Masculino,0,No,No,17,Si,Si,DSL,Si,No,No,No,No,Si,Month-to-month,No,Transferencia Bancaria,65.75,1111.2,No
MJ-3055,Masculino,0,No,No,9,No,No Servicio Telef nico,DSL,No,No,No,No,No,No,Month-to-month,Si,Deposito bancario,24.6,190.1,No
WT-9091,Masculino,0,Si,Si,64,Si,No,DSL,Si,No,Si,Si,Si,No,Two year,No,Deposito bancario,69.25,4447.75,No
CF-1618,Femenino,0,No,No,2,Si,Si,Fiber optic,No,No,No,No,No,No,Month-to-month,Si,Cheque,75.9,143.35,Si
HD-3165,Masculino,0,Si,Si,1,Si,No,DSL,No,No,No,No,No,No,Month-to-month,Si,Deposito bancario,45.85,45.85,Si
NQ-6581,Femenino,0,Si,No,16,No,No Servicio Telef nico,DSL,No,No,No,Si,Si,Si,Month-to-month,Si,Cheque,49.95,810.2,Si
IR-7115,Femenino,0,Si,No,72,Si,Si,No,No internet service,No internet service,No internet service,No internet service,No internet service,No internet service,Two year,No,Transferencia Bancaria,24.65,1830.05,No
DM-8496,Masculino,0,No,No,30,Si,Si,Fiber optic,Si,Si,Si,No,No,No,One year,No,Transferencia Bancaria,90.4,2820.65,No
VZ-2040,Femenino,0,Si,No,49,Si,Si,Fiber optic,Si,No,No,No,Si,Si,Month-to-month,Si,Deposito bancario,100.85,4847.35,No
VP-9068,Masculino,0,Si,No,61,Si,Si,DSL,Si,No,Si,Si,No,Si,Two year,No,Tarjeta de Credito,75.35,4729.3,No
SZ-0178,Masculino,0,Si,Si,47,Si,Si,Fiber optic,No,Si,No,No,Si,No,Month-to-month,No,Cheque,87.2,4017.45,No
RV-0384,Masculino,0,No,No,20,Si,No,DSL,Si,No,Si,No,No,Si,Month-to-month,No,Tarjeta de Credito,64.4,1398.6,No
MR-1689,Masculino,0,Si,Si,34,Si,No,Fiber optic,No,No,No,No,Si,No,Month-to-month,No,Cheque,78.3,2564.3,Si
AU-1299,Femenino,0,Si,Si,70,Si,Si,No,No internet service,No internet service,No internet service,No internet service,No internet service,No internet service,Two year,No,Transferencia Bancaria,24.7,1685.9,No
VZ-4525,Masculino,0,No,Si,54,Si,No,Fiber optic,Si,Si,No,Si,Si,Si,One year,Si,Cheque,105.85,5826.65,No
LL-1543,Masculino,1,Si,No,61,Si,Si,Fiber optic,No,Si,Si,Si,Si,No,One year,Si,Deposito bancario,98.3,6066.55,No
BE-5835,Masculino,0,No,No,3,Si,Si,Fiber optic,No,No,No,No,No,No,Month-to-month,Si,Cheque,76.95,228.4,Si
CJ-2788,Masculino,0,No,No,13,Si,No,No,No internet service,No internet service,No internet service,No internet service,No internet service,No internet service,One year,No,Deposito bancario,19.45,270.2,No
FI-5565,Femenino,1,No,No,16,Si,Si,Fiber optic,No,No,No,No,Si,Si,Month-to-month,Si,Cheque,96.15,1529.2,Si
QZ-0319,Femenino,0,Si,Si,3,Si,No,DSL,No,Si,No,No,Si,No,Month-to-month,Si,Tarjeta de Credito,58.7,168.6,No
SM-2120,Masculino,0,No,No,25,Si,No,No,No internet service,No internet service,No internet service,No internet service,No internet service,No internet service,Month-to-month,Si,Deposito bancario,20.15,536.35,No
FC-0096,Masculino,0,No,No,30,Si,Si,DSL,Si,No,No,No,No,Si,Month-to-month,Si,Deposito bancario,64.5,1888.45,No
OG-0668,Femenino,0,Si,No,21,No,No Servicio Telef nico,DSL,Si,No,No,No,No,No,Month-to-month,No,Cheque,28.5,629.35,No
ZN-5552,Masculino,0,No,No,1,Si,No,DSL,No,No,No,No,No,No,Month-to-month,No,Cheque,45.3,45.3,Si
KA-2223,Femenino,0,No,No,15,Si,No,No,No internet service,No internet service,No internet service,No internet service,No internet service,No internet service,Month-to-month,No,Transferencia Bancaria,19.4,289.3,Si
ZJ-6507,Masculino,1,Si,No,23,Si,No,Fiber optic,No,No,No,No,Si,Si,Month-to-month,Si,Cheque,90.45,2117.25,No
HR-9408,Femenino,0,Si,Si,45,Si,Si,Fiber optic,Si,Si,No,No,Si,Si,Month-to-month,Si,Cheque,105.15,4730.9,No
SU-5593,Femenino,0,Si,Si,24,Si,Si,Fiber optic,No,Si,Si,No,No,No,One year,No,Transferencia Bancaria,83.15,2033.05,No
PK-7321,Femenino,0,No,No,11,Si,Si,Fiber optic,No,No,No,Si,Si,No,Month-to-month,No,Cheque,90.15,987.95,Si
SL-2833,Masculino,0,No,No,1,Si,No,DSL,No,No,No,No,No,No,Month-to-month,No,Deposito bancario,45.05,45.05,Si
HF-6766,Femenino,0,Si,No,56,Si,Si,Fiber optic,No,No,Si,Si,Si,Si,Two year,No,Transferencia Bancaria,103.2,5744.35,No
EU-7595,Femenino,0,No,No,1,Si,No,Fiber optic,No,Si,No,No,No,No,Month-to-month,No,Cheque,75.8,75.8,Si
EY-7617,Masculino,0,No,No,1,Si,No,No,No internet service,No internet service,No internet service,No internet service,No internet service,No internet service,Month-to-month,No,Cheque,19.45,19.45,No
TG-2026,Femenino,0,No,No,7,Si,No,Fiber optic,No,No,No,No,No,Si,Month-to-month,Si,Cheque,79.3,523.15,Si
ZN-9220,Femenino,1,Si,No,55,Si,No,Fiber optic,No,No,Si,Si,Si,No,Two year,No,Tarjeta de Credito,88.8,4805.3,No
VP-4030,Femenino,0,No,No,2,No,No Servicio Telef nico,DSL,No,No,No,Si,No,No,Month-to-month,Si,Cheque,30.9,59.05,Si
IC-2226,Femenino,0,Si,Si,72,Si,Si,DSL,Si,No,Si,Si,Si,Si,Two year,Si,Tarjeta de Credito,85.9,6110.75,No
VS-0723,Femenino,1,No,No,45,No,No Servicio Telef nico,DSL,No,No,No,No,No,Si,One year,No,Cheque,34.2,1596.6,No
GI-5529,Femenino,0,No,No,47,Si,No,No,No internet service,No internet service,No internet service,No internet service,No internet service,No internet service,Two year,No,Deposito bancario,20.15,1046.2,No
CI-4187,Femenino,1,No,No,46,Si,No,Fiber optic,No,Si,No,No,Si,Si,One year,No,Tarjeta de Credito,95.25,4424.2,Si
UJ-9992,Masculino,0,No,No,2,Si,No,DSL,No,Si,No,No,No,No,Month-to-month,Si,Deposito bancario,50.3,92.75,No
WW-4741,Femenino,0,Si,No,2,Si,No,Fiber optic,Si,No,No,Si,No,No,Month-to-month,Si,Cheque,80.15,194.55,No
UT-6625,Femenino,0,Si,No,12,Si,No,DSL,No,Si,No,No,No,No,Month-to-month,Si,Cheque,51.25,612.1,No
WO-6818,Femenino,1,Si,No,68,Si,Si,Fiber optic,No,Si,No,No,No,Si,Month-to-month,Si,Transferencia Bancaria,89.6,6127.6,Si
BE-6244,Masculino,0,Si,Si,69,Si,No,Fiber optic,No,No,No,Si,Si,Si,Two year,Si,Tarjeta de Credito,95.2,6671.7,No
NO-1004,Masculino,1,No,Si,56,Si,No,Fiber optic,Si,No,No,No,Si,Si,One year,No,Tarjeta de Credito,94.8,5264.3,No
ST-1251,Femenino,1,No,No,4,Si,Si,Fiber optic,Si,No,No,No,No,No,Month-to-month,Si,Cheque,80.25,303.7,No
PH-2612,Masculino,0,Si,No,64,Si,Si,DSL,No,Si,Si,Si,Si,No,Two year,Si,Transferencia Bancaria,76.1,4818.8,No
TZ-2408,Masculino,0,Si,No,59,Si,Si,Fiber optic,Si,Si,Si,No,Si,Si,One year,Si,Cheque,110.15,6448.05,Si
PP-8480,Masculino,0,Si,Si,62,Si,Si,Fiber optic,Si,Si,Si,Si,Si,Si,Two year,No,Transferencia Bancaria,115.55,7159.05,No
IH-8780,Masculino,0,Si,Si,63,Si,Si,No,No internet service,No internet service,No internet service,No internet service,No internet service,No internet service,Two year,No,Tarjeta de Credito,24.65,1574.5,No
ZA-4598,Femenino,0,No,No,53,No,No Servicio Telef nico,DSL,Si,Si,Si,Si,Si,No,One year,Si,Cheque,53.6,2879.2,No
SX-1257,Masculino,0,Si,Si,5,Si,No,No,No internet service,No internet service,No internet service,No internet service,No internet service,No internet service,Month-to-month,No,Deposito bancario,19.45,86.05,No
KY-9681,Masculino,1,Si,No,49,Si,Si,Fiber optic,Si,Si,Si,No,No,No,Month-to-month,Si,Cheque,88.2,4159.45,No
OV-7182,Femenino,0,Si,Si,62,Si,Si,Fiber optic,Si,No,No,No,Si,Si,Two year,Si,Transferencia Bancaria,101.15,6638.35,No
ET-5095,Femenino,0,Si,No,55,Si,No,DSL,Si,Si,No,Si,No,No,Two year,No,Deposito bancario,56.8,3112.05,No
CY-7005,Femenino,1,Si,No,71,Si,No,Fiber optic,Si,Si,Si,Si,Si,No,Two year,Si,Cheque,99.4,7168.25,No
WQ-4821,Femenino,0,Si,Si,72,Si,No,No,No internet service,No internet service,No internet service,No internet service,No internet service,No internet service,Two year,Si,Tarjeta de Credito,20.1,1326.25,No
AW-4730,Masculino,0,Si,Si,36,No,No Servicio Telef nico,DSL,Si,No,Si,Si,Si,Si,One year,No,Tarjeta de Credito,60.7,2234.55,No
FL-3452,Masculino,0,Si,No,25,Si,No,No,No internet service,No internet service,No internet service,No internet service,No internet service,No internet service,One year,Si,Transferencia Bancaria,20.95,495.15,No
LA-2388,Femenino,1,Si,No,72,Si,Si,Fiber optic,Si,Si,Si,Si,Si,Si,Two year,Si,Transferencia Bancaria,114.85,8317.95,No
NS-9531,Femenino,0,No,No,36,Si,No,No,No internet service,No internet service,No internet service,No internet service,No internet service,No internet service,One year,Si,Transferencia Bancaria,19.25,679.8,No
ON-6260,Masculino,0,No,No,1,Si,No,DSL,No,No,No,No,Si,Si,Month-to-month,Si,Deposito bancario,62.8,62.8,No
UE-4389,Femenino,0,Si,No,72,Si,Si,Fiber optic,Si,No,Si,No,Si,Si,Two year,Si,Cheque,105.5,7544,No
LO-8711,Masculino,0,Si,Si,59,Si,No,No,No internet service,No internet service,No internet service,No internet service,No internet service,No internet service,Two year,No,Deposito bancario,19.85,1188.25,No
CE-9134,Masculino,1,Si,No,7,Si,No,Fiber optic,No,No,No,No,Si,Si,Month-to-month,Si,Cheque,89.5,676.7,Si
OO-8985,Femenino,0,No,No,1,Si,No,DSL,No,No,Si,Si,Si,Si,One year,No,Tarjeta de Credito,74.1,74.1,No
ZK-8800,Femenino,0,Si,Si,30,Si,Si,Fiber optic,No,Si,Si,Si,Si,Si,Month-to-month,Si,Cheque,107.5,3242.5,No
FL-2616,Masculino,0,No,No,64,Si,No,No,No internet service,No internet service,No internet service,No internet service,No internet service,No internet service,Two year,No,Deposito bancario,19.55,1240.15,No
FF-9968,Masculino,0,No,No,63,Si,Si,DSL,Si,Si,Si,Si,No,No,One year,No,Transferencia Bancaria,68.8,4111.35,No
PC-3108,Masculino,1,Si,No,72,Si,Si,DSL,Si,Si,Si,No,Si,Si,Two year,No,Tarjeta de Credito,84.45,5899.85,No
PY-7993,Masculino,0,Si,No,8,Si,No,Fiber optic,Si,No,No,No,No,No,Month-to-month,No,Cheque,75,632.95,Si
FE-8390,Femenino,0,No,No,62,Si,Si,DSL,No,Si,Si,Si,Si,Si,Two year,No,Transferencia Bancaria,84.5,5193.2,No
BE-3022,Masculino,0,Si,Si,67,Si,Si,Fiber optic,No,Si,Si,Si,Si,Si,Two year,Si,Transferencia Bancaria,111.2,7530.8,No
XW-5027,Masculino,0,No,No,6,Si,No,DSL,No,No,No,No,No,No,Month-to-month,No,Cheque,44.75,270.95,Si
TK-6248,Femenino,0,Si,Si,70,Si,Si,DSL,Si,No,No,Si,Si,Si,Two year,Si,Transferencia Bancaria,80.6,5460.2,No
GD-6729,Femenino,1,No,No,20,Si,No,Fiber optic,No,No,No,No,Si,No,Month-to-month,No,Transferencia Bancaria,80.7,1614.2,No
ZF-6198,Femenino,0,No,No,5,Si,Si,Fiber optic,No,No,No,No,No,No,Month-to-month,No,Cheque,75.6,402.5,No
OM-5989,Femenino,0,Si,Si,24,No,No Servicio Telef nico,DSL,Si,Si,Si,No,Si,Si,One year,No,Cheque,57.6,1367.75,No
QV-4566,Femenino,0,Si,No,11,Si,No,DSL,No,No,No,No,No,No,Month-to-month,Si,Cheque,44.05,483.7,Si
CU-1291,Masculino,0,Si,No,72,Si,Si,Fiber optic,No,Si,Si,Si,Si,Si,Two year,Si,Tarjeta de Credito,110.6,7962.2,No
SH-9795,Femenino,0,Si,Si,66,Si,No,DSL,Si,Si,No,Si,No,No,Two year,Si,Tarjeta de Credito,58.2,3810.8,No
IU-3230,Femenino,0,Si,Si,45,Si,No,DSL,Si,No,Si,Si,Si,Si,Two year,Si,Deposito bancario,81,3533.6,No
RL-0042,Femenino,0,Si,Si,69,Si,No,No,No internet service,No internet service,No internet service,No internet service,No internet service,No internet service,Two year,No,Transferencia Bancaria,19.7,1396.9,No
IM-8519,Masculino,1,Si,No,15,Si,Si,Fiber optic,No,No,No,No,No,Si,Month-to-month,Si,Transferencia Bancaria,85.6,1345.55,Si
RV-4945,Femenino,0,No,No,28,Si,No,DSL,No,No,Si,No,Si,No,Month-to-month,Si,Transferencia Bancaria,59.55,1646.45,No
OA-0201,Femenino,0,No,No,70,Si,Si,Fiber optic,Si,Si,Si,Si,Si,Si,One year,No,Tarjeta de Credito,115.55,8127.6,Si
NX-1866,Femenino,0,No,No,36,Si,No,DSL,Si,Si,Si,Si,No,Si,One year,Si,Deposito bancario,75.55,2680.15,No
KW-3372,Masculino,1,No,No,16,Si,Si,Fiber optic,No,No,No,No,Si,No,Month-to-month,Si,Cheque,86.6,1281,Si
QG-7831,Femenino,0,No,No,18,Si,Si,Fiber optic,No,No,No,No,Si,No,Month-to-month,Si,Cheque,85.2,1553.9,Si
WR-6393,Femenino,0,Si,No,34,Si,Si,Fiber optic,No,No,No,No,Si,Si,Month-to-month,Si,Cheque,97.65,3207.55,Si
XT-3941,Masculino,0,Si,Si,42,No,No Servicio Telef nico,DSL,No,Si,Si,No,No,Si,One year,Si,Tarjeta de Credito,45.1,2049.05,No
CZ-1661,Masculino,0,No,No,48,Si,Si,DSL,Si,No,No,Si,No,Si,One year,Si,Transferencia Bancaria,70.95,3629.2,No
RC-6599,Masculino,0,Si,No,47,Si,Si,Fiber optic,No,Si,Si,Si,Si,Si,Month-to-month,Si,Cheque,109.55,5124.55,Si
BP-9831,Femenino,0,Si,Si,39,Si,Si,Fiber optic,No,Si,Si,Si,No,No,One year,Si,Cheque,89.55,3474.45,Si
RI-5158,Femenino,0,Si,Si,11,Si,No,No,No internet service,No internet service,No internet service,No internet service,No internet service,No internet service,Two year,No,Tarjeta de Credito,20.9,202.3,No
YT-9788,Masculino,0,No,No,7,Si,No,No,No internet service,No internet service,No internet service,No internet service,No internet service,No internet service,Month-to-month,Si,Deposito bancario,19.95,147.5,No
JO-9277,Femenino,0,No,No,3,Si,Si,No,No internet service,No internet service,No internet service,No internet service,No internet service,No internet service,Month-to-month,No,Deposito bancario,24.6,86.35,No
YL-1907,Masculino,0,No,No,8,Si,No,DSL,Si,No,Si,No,No,Si,Month-to-month,Si,Cheque,66.7,579,No
MI-1725,Masculino,0,No,Si,1,Si,No,No,No internet service,No internet service,No internet service,No internet service,No internet service,No internet service,Month-to-month,Si,Deposito bancario,19.45,19.45,Si
YR-8947,Masculino,0,Si,Si,32,Si,No,Fiber optic,Si,Si,Si,No,No,Si,One year,No,Deposito bancario,94.8,3131.55,No
ON-3161,Masculino,0,Si,Si,60,Si,No,DSL,Si,Si,Si,Si,No,No,One year,Si,Transferencia Bancaria,65.85,3928.3,No
RS-0114,Femenino,0,Si,No,10,Si,No,No,No internet service,No internet service,No internet service,No internet service,No internet service,No internet service,Month-to-month,Si,Transferencia Bancaria,19.95,187.75,No
NL-4565,Femenino,0,Si,No,71,Si,Si,No,No internet service,No internet service,No internet service,No internet service,No internet service,No internet service,Two year,Si,Transferencia Bancaria,24.65,1710.15,No
PV-0031,Femenino,0,Si,Si,4,Si,No,No,No internet service,No internet service,No internet service,No internet service,No internet service,No internet service,Month-to-month,No,Deposito bancario,20.35,76.35,Si
GZ-7206,Femenino,1,No,No,1,Si,No,Fiber optic,No,No,No,No,No,No,Month-to-month,Si,Cheque,69.25,69.25,Si
VC-6682,Femenino,0,Si,Si,43,No,No Servicio Telef nico,DSL,Si,Si,No,Si,Si,No,One year,Si,Transferencia Bancaria,51.25,2151.6,No
QR-4791,Masculino,0,Si,No,59,Si,Si,Fiber optic,No,No,Si,No,Si,Si,One year,Si,Transferencia Bancaria,99.5,5961.1,Si
VH-6475,Femenino,0,Si,No,23,Si,No,DSL,No,No,Si,Si,No,No,Month-to-month,No,Cheque,54.25,1221.55,No
MR-3910,Femenino,0,Si,No,72,Si,No,No,No internet service,No internet service,No internet service,No internet service,No internet service,No internet service,Two year,No,Transferencia Bancaria,19.4,1496.45,No
WC-0661,Masculino,0,Si,No,22,Si,No,DSL,Si,No,No,Si,No,No,One year,Si,Tarjeta de Credito,56.25,1292.2,No
RB-7537,Femenino,0,No,No,1,No,No Servicio Telef nico,DSL,No,No,No,No,No,No,Month-to-month,Si,Deposito bancario,25.15,25.15,No
CA-4656,Masculino,0,No,No,69,Si,Si,No,No internet service,No internet service,No internet service,No internet service,No internet service,No internet service,Two year,No,Transferencia Bancaria,23.95,1713.1,No
SN-0121,Masculino,0,No,No,50,No,No Servicio Telef nico,DSL,Si,No,No,Si,No,No,One year,Si,Deposito bancario,35.4,1748.9,No
ZA-1768,Femenino,1,No,No,1,No,No Servicio Telef nico,DSL,No,No,No,No,No,No,Month-to-month,Si,Cheque,25.2,25.2,Si
LX-4671,Masculino,0,No,No,2,Si,No,DSL,No,No,No,No,No,No,Month-to-month,Si,Deposito bancario,45,96.45,Si
LS-3733,Femenino,0,Si,No,15,Si,No,Fiber optic,No,Si,No,No,No,No,Month-to-month,No,Transferencia Bancaria,75.35,1114.55,No
FR-6265,Masculino,0,No,No,31,Si,No,No,No internet service,No internet service,No internet service,No internet service,No internet service,No internet service,Two year,No,Transferencia Bancaria,20.4,609.1,No
SJ-1934,Masculino,0,No,No,1,Si,No,No,No internet service,No internet service,No internet service,No internet service,No internet service,No internet service,Month-to-month,No,Deposito bancario,20.15,20.15,Si
OZ-3838,Masculino,0,Si,No,66,Si,Si,Fiber optic,No,Si,Si,No,Si,Si,Month-to-month,Si,Tarjeta de Credito,105,7133.25,Si
DW-1371,Femenino,0,Si,Si,0,No,No Servicio Telef nico,DSL,Si,Si,Si,Si,Si,No,Two year,No,Tarjeta de Credito,56.05, ,No
CQ-9269,Masculino,0,No,Si,3,Si,No,DSL,No,No,No,No,Si,No,Month-to-month,Si,Tarjeta de Credito,54.7,169.45,Si
CC-2017,Femenino,0,No,No,8,Si,No,No,No internet service,No internet service,No internet service,No internet service,No internet service,No internet service,Two year,No,Deposito bancario,20,141.6,No
KP-7690,Masculino,0,Si,Si,64,Si,No,DSL,Si,No,Si,No,Si,Si,One year,Si,Tarjeta de Credito,73.05,4688.65,No
BG-0536,Femenino,0,Si,No,28,Si,No,No,No internet service,No internet service,No internet service,No internet service,No internet service,No internet service,Month-to-month,No,Deposito bancario,20.5,563.05,No
IJ-2293,Femenino,0,Si,No,57,Si,Si,Fiber optic,No,No,Si,No,Si,Si,One year,Si,Tarjeta de Credito,100.75,5985,No
HS-2845,Femenino,0,Si,Si,14,Si,Si,Fiber optic,No,No,Si,No,No,Si,Month-to-month,Si,Cheque,87.25,1258.6,Si
NU-5469,Masculino,0,No,No,19,Si,No,No,No internet service,No internet service,No internet service,No internet service,No internet service,No internet service,Two year,Si,Deposito bancario,19.95,373.5,No
PJ-1184,Masculino,0,Si,No,10,Si,No,Fiber optic,No,No,No,No,Si,No,Month-to-month,Si,Cheque,79.95,857.2,Si
TR-2625,Femenino,0,Si,No,51,No,No Servicio Telef nico,DSL,No,Si,No,No,Si,Si,Month-to-month,Si,Cheque,49.65,2553.35,No
HL-4102,Femenino,0,Si,No,67,Si,Si,DSL,Si,Si,Si,No,No,No,Two year,No,Deposito bancario,65.65,4322.85,No
GS-7266,Masculino,0,Si,Si,11,Si,No,No,No internet service,No internet service,No internet service,No internet service,No internet service,No internet service,Month-to-month,Si,Cheque,20.45,250.8,No
VJ-7722,Masculino,0,Si,Si,72,No,No Servicio Telef nico,DSL,Si,No,Si,Si,Si,Si,Two year,No,Transferencia Bancaria,60.95,4549.05,No
QE-7073,Masculino,0,Si,Si,66,Si,No,No,No internet service,No internet service,No internet service,No internet service,No internet service,No internet service,One year,Si,Cheque,20.35,1359.5,No
DP-9415,Femenino,0,No,No,18,Si,Si,Fiber optic,No,No,No,Si,Si,No,Month-to-month,Si,Cheque,88.35,1639.3,Si
RY-5624,Femenino,0,No,No,9,Si,No,No,No internet service,No internet service,No internet service,No internet service,No internet service,No internet service,Month-to-month,Si,Cheque,19.5,178.85,No
JT-0196,Femenino,0,No,No,9,Si,Si,Fiber optic,No,No,No,No,No,No,Month-to-month,Si,Tarjeta de Credito,75.2,633.85,No
YX-7130,Masculino,0,Si,No,48,Si,Si,Fiber optic,Si,Si,Si,No,Si,Si,Month-to-month,Si,Transferencia Bancaria,111.45,5315.1,No
LS-9272,Masculino,0,No,No,10,Si,No,Fiber optic,No,No,No,No,No,No,Month-to-month,No,Deposito bancario,70.15,735.5,No
RQ-7943,Femenino,0,No,No,9,Si,Si,Fiber optic,No,No,No,No,Si,Si,Month-to-month,Si,Cheque,94.75,889.9,Si
MM-3793,Femenino,1,No,No,13,Si,Si,Fiber optic,No,No,No,No,Si,Si,Month-to-month,Si,Cheque,95.05,1290,Si
ZP-3249,Masculino,0,No,No,4,Si,Si,Fiber optic,No,Si,No,No,No,No,Month-to-month,No,Cheque,78.45,330.05,Si
BR-2568,Masculino,0,No,No,4,Si,No,Fiber optic,No,No,No,No,No,No,Month-to-month,Si,Cheque,70.2,237.95,Si
DO-3084,Femenino,0,Si,No,72,Si,Si,DSL,Si,Si,Si,Si,Si,Si,Two year,No,Transferencia Bancaria,92,6474.4,No
MN-1084,Femenino,0,Si,Si,51,Si,No,DSL,Si,Si,Si,Si,Si,Si,Two year,No,Tarjeta de Credito,85.5,4421.95,No
JX-7721,Masculino,0,Si,No,59,No,No Servicio Telef nico,DSL,No,Si,No,No,No,Si,Month-to-month,Si,Transferencia Bancaria,41.05,2452.7,Si
WB-7249,Masculino,0,Si,No,10,Si,Si,Fiber optic,No,No,No,No,Si,No,Month-to-month,Si,Cheque,85.6,813.85,Si
HF-4238,Masculino,1,Si,No,61,Si,Si,Fiber optic,No,Si,No,No,No,No,Month-to-month,Si,Cheque,82.15,4904.85,No
CG-6250,Masculino,0,No,No,54,Si,No,Fiber optic,Si,No,Si,Si,No,No,One year,No,Cheque,84.4,4484.05,No
JJ-5478,Femenino,0,No,No,33,Si,Si,DSL,Si,Si,No,No,No,No,Month-to-month,Si,Deposito bancario,60.9,2033.85,No
II-7596,Femenino,0,No,No,27,Si,No,No,No internet service,No internet service,No internet service,No internet service,No internet service,No internet service,Two year,Si,Transferencia Bancaria,20.25,538.2,No
HO-6567,Femenino,1,No,No,1,Si,No,Fiber optic,No,No,No,No,Si,No,Month-to-month,Si,Cheque,79.2,79.2,Si
WE-9793,Masculino,0,No,No,23,Si,No,Fiber optic,No,Si,No,No,Si,Si,Month-to-month,No,Deposito bancario,95.3,2192.9,No
HP-4291,Masculino,0,No,Si,1,Si,No,No,No internet service,No internet service,No internet service,No internet service,No internet service,No internet service,Month-to-month,No,Deposito bancario,19.85,19.85,No
YP-8999,Masculino,0,Si,Si,45,Si,No,DSL,Si,Si,Si,Si,Si,Si,Two year,Si,Deposito bancario,84.35,3858.05,No
FB-1839,Femenino,0,Si,Si,39,Si,No,No,No internet service,No internet service,No internet service,No internet service,No internet service,No internet service,Two year,Si,Transferencia Bancaria,19.85,854.8,No
AA-3164,Masculino,0,No,No,5,Si,No,DSL,No,No,Si,No,Si,Si,One year,Si,Deposito bancario,70,347.4,Si
MV-3071,Masculino,0,Si,Si,72,Si,Si,DSL,Si,Si,Si,Si,Si,No,Two year,No,Transferencia Bancaria,82.3,5815.15,No
BC-1697,Femenino,0,Si,Si,58,Si,Si,DSL,No,Si,No,No,Si,No,Month-to-month,Si,Transferencia Bancaria,66.8,3970.4,No
KB-0562,Femenino,0,No,No,70,No,No Servicio Telef nico,DSL,Si,Si,Si,Si,No,No,Two year,Si,Transferencia Bancaria,44.6,3058.15,No
SU-1131,Masculino,0,Si,Si,61,Si,No,Fiber optic,No,Si,No,Si,Si,Si,One year,Si,Transferencia Bancaria,98.45,6145.2,No
OE-3717,Masculino,0,No,No,2,Si,No,Fiber optic,No,No,No,No,No,No,Month-to-month,No,Deposito bancario,70.7,129.2,No
WN-4538,Femenino,0,Si,Si,46,Si,Si,No,No internet service,No internet service,No internet service,No internet service,No internet service,No internet service,One year,No,Deposito bancario,24.95,1165.9,No
CT-3334,Femenino,0,No,No,1,Si,Si,DSL,No,No,No,No,No,No,Month-to-month,Si,Transferencia Bancaria,49.95,49.95,Si
ER-4704,Femenino,0,Si,No,22,Si,No,Fiber optic,No,No,No,No,No,No,Month-to-month,Si,Cheque,69.25,1554,Si
RU-9432,Femenino,0,No,No,48,Si,No,Fiber optic,Si,No,Si,Si,Si,Si,Two year,Si,Tarjeta de Credito,102.5,4904.25,No
HI-8060,Masculino,0,No,No,64,Si,Si,DSL,No,Si,Si,Si,Si,Si,Two year,No,Tarjeta de Credito,86.55,5632.55,No
XS-7684,Masculino,0,Si,Si,72,Si,Si,No,No internet service,No internet service,No internet service,No internet service,No internet service,No internet service,Two year,No,Transferencia Bancaria,24.3,1643.25,No
UO-9089,Femenino,0,Si,Si,12,Si,No,DSL,No,No,Si,No,Si,No,Month-to-month,Si,Tarjeta de Credito,58.35,740.55,No
MN-8621,Femenino,1,Si,No,34,Si,Si,Fiber optic,No,Si,Si,No,No,Si,Month-to-month,Si,Cheque,94.25,3217.55,Si
AC-8039,Femenino,0,Si,Si,72,Si,No,DSL,Si,Si,Si,No,No,Si,Two year,No,Tarjeta de Credito,68.75,4888.2,No
AI-9885,Masculino,0,Si,No,29,Si,Si,Fiber optic,No,Si,Si,No,No,No,Month-to-month,Si,Cheque,85.8,2440.25,No
MK-1934,Masculino,0,Si,Si,33,Si,No,No,No internet service,No internet service,No internet service,No internet service,No internet service,No internet service,One year,No,Tarjeta de Credito,20.1,620.55,No
YK-2592,Femenino,0,No,No,1,Si,No,No,No internet service,No internet service,No internet service,No internet service,No internet service,No internet service,Month-to-month,No,Deposito bancario,20.35,20.35,No
JK-2272,Femenino,0,Si,Si,62,Si,Si,Fiber optic,No,Si,Si,Si,Si,Si,One year,Si,Cheque,110.8,6840.95,No
LV-0471,Masculino,0,Si,No,41,Si,Si,DSL,No,No,Si,No,Si,Si,One year,Si,Cheque,73,3001.2,Si
RW-9518,Femenino,0,No,No,64,Si,Si,Fiber optic,No,No,Si,No,Si,Si,One year,Si,Tarjeta de Credito,100.05,6254.2,Si
CT-8714,Femenino,0,No,No,4,Si,No,Fiber optic,No,No,Si,No,No,Si,Month-to-month,Si,Tarjeta de Credito,82.85,319.6,No
ED-3569,Femenino,0,No,No,24,Si,Si,Fiber optic,Si,No,No,Si,No,No,Month-to-month,Si,Cheque,84.35,1938.05,No
NW-3131,Femenino,0,Si,Si,14,Si,No,No,No internet service,No internet service,No internet service,No internet service,No internet service,No internet service,One year,No,Deposito bancario,19.55,294.5,No
YX-7521,Masculino,0,No,Si,3,Si,No,No,No internet service,No internet service,No internet service,No internet service,No internet service,No internet service,Month-to-month,No,Deposito bancario,19.95,58.3,No
CO-5419,Femenino,1,No,No,4,Si,No,Fiber optic,No,Si,Si,No,Si,Si,Month-to-month,Si,Tarjeta de Credito,99.8,442.85,Si
EU-6240,Femenino,0,No,Si,18,No,No Servicio Telef nico,DSL,No,No,No,No,No,Si,Month-to-month,Si,Cheque,35,553,Si
NT-2373,Masculino,0,No,No,8,Si,No,DSL,No,No,No,No,Si,Si,Month-to-month,Si,Cheque,66.25,546.45,No
KK-1970,Femenino,0,No,No,35,Si,Si,No,No internet service,No internet service,No internet service,No internet service,No internet service,No internet service,Two year,No,Transferencia Bancaria,23.3,797.1,No
HV-6960,Femenino,0,No,No,1,Si,Si,Fiber optic,No,No,No,No,No,No,Month-to-month,No,Cheque,76,76,Si
SR-9337,Masculino,0,No,Si,66,Si,Si,No,No internet service,No internet service,No internet service,No internet service,No internet service,No internet service,Two year,Si,Tarjeta de Credito,25.3,1673.8,No
UA-0895,Masculino,0,No,Si,8,No,No Servicio Telef nico,DSL,Si,No,No,Si,No,Si,Two year,Si,Deposito bancario,44.55,343.45,No
VF-5678,Femenino,0,Si,No,71,Si,Si,Fiber optic,Si,No,Si,No,Si,Si,One year,Si,Tarjeta de Credito,104.1,7412.25,No
CK-5977,Femenino,0,Si,Si,43,Si,Si,Fiber optic,No,No,Si,No,No,Si,Month-to-month,Si,Transferencia Bancaria,92.55,4039,No
OH-7024,Femenino,1,No,No,2,Si,Si,Fiber optic,No,No,No,No,Si,Si,Month-to-month,Si,Cheque,93.85,170.85,Si
BU-2692,Masculino,1,No,No,29,Si,No,Fiber optic,No,Si,Si,No,Si,Si,Month-to-month,Si,Transferencia Bancaria,101.45,2948.6,No
UV-7861,Femenino,0,Si,No,15,Si,No,Fiber optic,No,No,Si,No,Si,No,Month-to-month,Si,Cheque,84.3,1308.4,Si
GG-1830,Masculino,0,Si,Si,65,Si,Si,Fiber optic,Si,Si,Si,Si,No,No,Two year,No,Tarjeta de Credito,94.55,6078.75,No
BD-5302,Masculino,0,No,No,35,Si,Si,Fiber optic,No,No,Si,Si,Si,No,Month-to-month,No,Cheque,95.5,3418.2,No
UZ-5223,Masculino,0,No,No,64,Si,No,Fiber optic,Si,Si,No,No,Si,Si,One year,Si,Tarjeta de Credito,100.3,6603.8,No
ZS-4859,Femenino,0,Si,Si,58,No,No Servicio Telef nico,DSL,No,No,Si,Si,Si,Si,Two year,Si,Tarjeta de Credito,55.5,3166.9,No
WY-5651,Femenino,1,No,No,18,Si,No,DSL,No,Si,No,No,No,No,Month-to-month,Si,Tarjeta de Credito,49.85,865.75,No
VL-9350,Masculino,0,Si,Si,67,Si,Si,Fiber optic,No,Si,No,No,No,Si,Month-to-month,Si,Transferencia Bancaria,89.55,6373.1,No
LZ-3498,Masculino,0,Si,Si,63,Si,No,No,No internet service,No internet service,No internet service,No internet service,No internet service,No internet service,Two year,Si,Deposito bancario,19.15,1177.05,No
CJ-8785,Femenino,0,Si,No,60,Si,Si,Fiber optic,No,Si,No,No,Si,Si,Month-to-month,Si,Cheque,99.8,5985.75,No
TZ-5357,Masculino,1,No,No,9,Si,Si,Fiber optic,No,No,No,No,No,Si,Month-to-month,Si,Tarjeta de Credito,84.4,732.5,Si
SP-3870,Femenino,0,Si,Si,70,Si,Si,Fiber optic,Si,Si,Si,Si,Si,Si,Two year,Si,Tarjeta de Credito,113.05,7869.05,No
DF-0680,Masculino,0,Si,No,15,Si,Si,Fiber optic,No,No,Si,No,Si,Si,Month-to-month,Si,Cheque,101.1,1504.05,Si
QR-7560,Femenino,0,No,Si,48,Si,No,No,No internet service,No internet service,No internet service,No internet service,No internet service,No internet service,One year,No,Deposito bancario,19.95,936.7,No
XJ-7077,Masculino,0,Si,No,12,Si,No,DSL,No,No,Si,Si,Si,Si,Month-to-month,Si,Cheque,74.15,741.4,No
GH-8752,Masculino,1,Si,No,71,Si,Si,Fiber optic,Si,Si,Si,Si,No,No,One year,Si,Cheque,92,6585.2,No
SR-6896,Masculino,1,No,No,44,Si,No,Fiber optic,No,No,Si,No,No,No,Month-to-month,No,Cheque,73.85,3122.4,No
UX-7767,Masculino,0,No,No,1,Si,Si,DSL,No,No,No,No,No,No,Month-to-month,Si,Cheque,50.45,50.45,Si
OD-4652,Masculino,0,Si,Si,45,Si,Si,No,No internet service,No internet service,No internet service,No internet service,No internet service,No internet service,Two year,No,Deposito bancario,24.45,1088.25,No
UP-6510,Femenino,0,No,No,23,Si,Si,No,No internet service,No internet service,No internet service,No internet service,No internet service,No internet service,One year,No,Tarjeta de Credito,24.8,615.35,No
BD-6718,Femenino,0,Si,No,43,Si,Si,DSL,No,No,No,Si,Si,No,One year,Si,Transferencia Bancaria,64.85,2908.2,No
DQ-9046,Masculino,0,No,No,35,Si,No,No,No internet service,No internet service,No internet service,No internet service,No internet service,No internet service,Month-to-month,No,Transferencia Bancaria,20.75,739.9,No
LA-6439,Masculino,0,Si,No,9,Si,No,DSL,Si,Si,No,Si,Si,No,Month-to-month,Si,Deposito bancario,68.95,593.85,No
SA-1571,Masculino,0,No,No,12,Si,Si,Fiber optic,No,No,No,Si,Si,Si,Month-to-month,Si,Deposito bancario,99.95,1132.75,Si
VK-9052,Femenino,1,Si,No,65,Si,Si,Fiber optic,Si,Si,Si,No,Si,Si,Month-to-month,Si,Tarjeta de Credito,109.4,7227.45,No
CQ-9546,Femenino,0,No,No,2,Si,Si,Fiber optic,No,No,Si,No,Si,No,Month-to-month,Si,Cheque,91.4,193.6,Si
JZ-1666,Masculino,0,No,No,27,Si,Si,DSL,No,No,No,No,No,No,Month-to-month,No,Deposito bancario,49,1291.35,No
KJ-5777,Femenino,0,No,No,40,Si,No,DSL,No,No,Si,No,No,No,One year,Si,Deposito bancario,50.25,2023.55,No
LV-0506,Femenino,1,No,No,5,Si,No,Fiber optic,No,No,Si,No,No,No,Month-to-month,Si,Tarjeta de Credito,75.55,349.65,Si
SJ-7677,Masculino,0,Si,Si,8,Si,No,No,No internet service,No internet service,No internet service,No internet service,No internet service,No internet service,One year,No,Tarjeta de Credito,19.9,153.95,No
EJ-2480,Femenino,1,Si,No,58,Si,Si,Fiber optic,No,Si,No,No,Si,Si,One year,Si,Transferencia Bancaria,97.8,5458.8,No
HK-3253,Femenino,0,Si,Si,52,Si,No,Fiber optic,Si,No,Si,No,Si,Si,One year,No,Cheque,100.3,5244.45,No
HN-7055,Masculino,0,Si,No,3,Si,No,DSL,No,No,Si,Si,No,No,Month-to-month,Si,Deposito bancario,55.8,154.55,No
YQ-5514,Masculino,0,No,Si,41,Si,No,Fiber optic,Si,Si,Si,Si,Si,Si,Two year,Si,Cheque,111.15,4507.15,No
AA-3211,Masculino,0,No,No,20,Si,Si,Fiber optic,No,No,No,Si,Si,Si,Month-to-month,Si,Deposito bancario,98.55,2031.95,No
DN-8445,Masculino,0,No,Si,1,Si,Si,DSL,No,No,No,No,No,No,Month-to-month,Si,Cheque,50.05,50.05,No
QO-2951,Masculino,0,No,Si,4,Si,Si,Fiber optic,No,No,No,Si,No,No,Month-to-month,No,Tarjeta de Credito,80.8,332.45,Si
NH-2958,Masculino,0,No,No,23,Si,No,No,No internet service,No internet service,No internet service,No internet service,No internet service,No internet service,Month-to-month,No,Cheque,20.85,473.9,No
YD-6806,Femenino,1,No,No,6,Si,No,No,No internet service,No internet service,No internet service,No internet service,No internet service,No internet service,Month-to-month,No,Transferencia Bancaria,19.5,106.8,No
XM-1735,Masculino,0,Si,Si,8,Si,No,No,No internet service,No internet service,No internet service,No internet service,No internet service,No internet service,Month-to-month,Si,Deposito bancario,19.35,152.6,No
PF-6890,Masculino,0,No,No,18,Si,Si,DSL,Si,No,Si,No,Si,No,Month-to-month,No,Deposito bancario,69.5,1199.4,No
CN-0222,Masculino,1,No,No,52,No,No Servicio Telef nico,DSL,Si,No,No,No,Si,Si,Month-to-month,Si,Tarjeta de Credito,48.8,2555.05,No
OU-5899,Masculino,0,No,No,31,Si,No,Fiber optic,No,Si,No,No,Si,Si,Month-to-month,Si,Cheque,94.5,2979.2,No
IC-8681,Masculino,0,Si,Si,29,Si,No,No,No internet service,No internet service,No internet service,No internet service,No internet service,No internet service,Month-to-month,Si,Deposito bancario,20.65,654.85,No
YN-1621,Femenino,0,Si,No,36,Si,Si,Fiber optic,Si,Si,Si,Si,No,Si,Two year,Si,Tarjeta de Credito,106.05,3834.4,No
XI-3473,Femenino,0,Si,No,16,Si,Si,Fiber optic,No,Si,No,No,Si,Si,Month-to-month,Si,Cheque,100,1534.75,Si
QH-6362,Masculino,0,Si,No,42,Si,Si,Fiber optic,No,No,Si,Si,Si,Si,One year,Si,Cheque,108.3,4586.15,No
IX-7893,Masculino,0,No,No,1,Si,No,No,No internet service,No internet service,No internet service,No internet service,No internet service,No internet service,Month-to-month,No,Cheque,20.55,20.55,Si
BD-3070,Femenino,0,No,No,60,Si,No,Fiber optic,No,Si,Si,No,Si,Si,Two year,Si,Cheque,99.65,5941.05,No
QA-2952,Masculino,0,No,No,5,Si,Si,Fiber optic,No,Si,Si,No,No,No,Month-to-month,Si,Cheque,85.3,424.15,Si
PF-6234,Masculino,0,Si,No,22,Si,Si,Fiber optic,Si,No,No,Si,Si,No,Month-to-month,No,Tarjeta de Credito,95.9,2234.95,No
QC-9824,Masculino,0,Si,No,36,Si,No,No,No internet service,No internet service,No internet service,No internet service,No internet service,No internet service,One year,No,Deposito bancario,20,666.75,No
PG-4763,Femenino,0,No,No,4,Si,No,Fiber optic,No,No,No,No,No,No,Month-to-month,No,Cheque,70.4,281,Si
IV-4283,Masculino,0,No,No,9,Si,No,DSL,Si,No,No,Si,No,Si,Month-to-month,No,Deposito bancario,64.95,547.8,No
OB-1866,Masculino,0,Si,Si,1,Si,No,Fiber optic,No,Si,No,No,No,No,Month-to-month,No,Tarjeta de Credito,74.6,74.6,No
MQ-8205,Masculino,0,Si,Si,12,Si,No,DSL,Si,No,No,No,No,No,Month-to-month,Si,Cheque,49.2,571.15,No
AN-8970,Femenino,0,No,No,23,Si,Si,DSL,No,No,No,Si,Si,Si,One year,Si,Deposito bancario,73.75,1756.6,No
BQ-9480,Masculino,0,No,No,62,Si,Si,Fiber optic,Si,Si,No,No,No,Si,One year,Si,Transferencia Bancaria,92.3,5731.45,No
SV-5394,Masculino,0,No,No,37,Si,Si,Fiber optic,No,No,No,Si,Si,Si,Month-to-month,No,Transferencia Bancaria,98.8,3475.55,Si
TN-6979,Femenino,0,No,No,8,Si,No,No,No internet service,No internet service,No internet service,No internet service,No internet service,No internet service,Month-to-month,No,Deposito bancario,19.2,156.85,No
WJ-9777,Masculino,0,Si,No,31,Si,Si,Fiber optic,No,No,Si,No,Si,No,Month-to-month,No,Tarjeta de Credito,88.65,2683.2,No
LZ-9283,Masculino,0,Si,Si,13,Si,Si,Fiber optic,No,No,No,No,No,No,Month-to-month,Si,Tarjeta de Credito,74.4,896.75,Si
QR-7079,Femenino,0,No,No,24,Si,Si,Fiber optic,No,No,Si,No,Si,Si,Month-to-month,Si,Cheque,98.75,2407.3,Si
SK-9495,Masculino,0,Si,Si,45,Si,Si,Fiber optic,No,Si,Si,No,No,Si,Month-to-month,Si,Transferencia Bancaria,95.95,4456.65,No
UW-6048,Femenino,1,Si,No,69,Si,Si,Fiber optic,No,Si,No,Si,Si,Si,Two year,No,Tarjeta de Credito,105.4,6998.95,No
DG-5067,Masculino,0,No,No,2,Si,No,No,No internet service,No internet service,No internet service,No internet service,No internet service,No internet service,Month-to-month,No,Deposito bancario,20.25,36.8,No
CT-5469,Masculino,0,Si,Si,61,Si,Si,Fiber optic,Si,Si,No,No,Si,Si,One year,Si,Cheque,106,6547.7,Si
QX-9851,Masculino,0,No,No,41,Si,Si,Fiber optic,No,Si,Si,No,Si,Si,Month-to-month,Si,Cheque,104.7,4346.4,Si
FK-6281,Femenino,0,No,No,44,No,No Servicio Telef nico,DSL,No,No,Si,No,Si,Si,One year,Si,Cheque,49.05,2265,No
KA-8898,Masculino,0,No,No,39,No,No Servicio Telef nico,DSL,No,No,Si,Si,No,No,One year,No,Deposito bancario,35.55,1309.15,No
TK-9242,Masculino,0,Si,Si,72,No,No Servicio Telef nico,DSL,Si,Si,Si,Si,Si,Si,Two year,Si,Tarjeta de Credito,65.1,4754.3,No
SH-9290,Femenino,1,No,No,13,Si,No,Fiber optic,No,No,Si,No,Si,Si,Month-to-month,Si,Cheque,96.85,1235.55,No
HN-0743,Femenino,0,Si,Si,51,Si,No,DSL,Si,Si,No,Si,No,Si,One year,Si,Tarjeta de Credito,69.75,3562.5,No
BK-2277,Femenino,1,Si,No,71,Si,No,Fiber optic,No,Si,Si,No,Si,Si,Two year,Si,Cheque,99.2,7213.75,No
IM-9809,Masculino,1,No,No,22,Si,Si,Fiber optic,No,No,No,No,Si,Si,Month-to-month,Si,Cheque,96.7,2082.95,Si
HF-5208,Femenino,0,No,No,2,Si,No,DSL,No,Si,No,Si,No,No,Month-to-month,Si,Tarjeta de Credito,55.05,102.75,Si
PG-5035,Femenino,0,No,No,56,Si,Si,Fiber optic,No,Si,Si,No,Si,Si,One year,Si,Cheque,106.8,5914.4,No
WD-8695,Masculino,0,No,No,1,Si,No,DSL,Si,No,No,No,No,No,Month-to-month,No,Deposito bancario,51.25,51.25,No
JX-6543,Femenino,0,Si,Si,23,Si,No,DSL,Si,Si,No,Si,No,No,One year,Si,Deposito bancario,57.75,1282.85,No
ZM-8016,Femenino,1,Si,No,66,Si,Si,DSL,No,Si,Si,No,Si,No,One year,Si,Transferencia Bancaria,70.85,4738.85,No
IT-8605,Femenino,0,No,No,1,Si,No,No,No internet service,No internet service,No internet service,No internet service,No internet service,No internet service,Month-to-month,No,Deposito bancario,19.55,19.55,No
YR-3254,Masculino,1,No,No,19,Si,Si,Fiber optic,No,Si,No,No,Si,No,Month-to-month,Si,Cheque,88.2,1775.8,Si
YJ-6416,Masculino,0,No,No,11,Si,No,Fiber optic,Si,No,Si,No,No,No,Month-to-month,Si,Transferencia Bancaria,79.5,795.65,No
WY-2667,Femenino,0,Si,Si,8,Si,No,No,No internet service,No internet service,No internet service,No internet service,No internet service,No internet service,One year,Si,Deposito bancario,19.75,145,Si
VE-4472,Femenino,0,Si,Si,52,Si,Si,Fiber optic,Si,Si,Si,No,No,Si,Month-to-month,No,Transferencia Bancaria,98.15,4993.4,No
TQ-3195,Masculino,0,No,No,3,Si,No,No,No internet service,No internet service,No internet service,No internet service,No internet service,No internet service,Month-to-month,Si,Cheque,20.25,61.45,No
YO-3128,Femenino,0,Si,Si,51,Si,No,Fiber optic,Si,Si,No,No,No,No,Month-to-month,Si,Transferencia Bancaria,79.15,4018.55,No
ON-0529,Masculino,1,No,No,15,Si,Si,Fiber optic,No,No,No,No,No,No,Month-to-month,No,Cheque,75.65,1146.65,Si
CX-1728,Masculino,1,Si,No,64,Si,Si,Fiber optic,No,Si,Si,No,No,Si,Month-to-month,Si,Cheque,94.25,6081.4,No
TX-7041,Femenino,0,No,No,37,No,No Servicio Telef nico,DSL,No,No,Si,No,No,Si,Month-to-month,Si,Tarjeta de Credito,40.2,1478.85,No
GS-5014,Masculino,0,No,No,13,Si,No,No,No internet service,No internet service,No internet service,No internet service,No internet service,No internet service,Two year,No,Deposito bancario,19.95,243.65,No
BI-5724,Masculino,0,Si,No,49,Si,Si,DSL,Si,No,No,No,No,No,One year,Si,Cheque,55.35,2633.95,No
SU-0481,Femenino,1,No,No,45,Si,Si,Fiber optic,No,No,Si,No,Si,Si,One year,Si,Transferencia Bancaria,102.15,4735.35,No
GR-1769,Femenino,0,No,No,18,Si,No,Fiber optic,No,No,No,No,No,No,Month-to-month,Si,Cheque,71.1,1247.75,No
IJ-5240,Masculino,1,No,No,1,Si,Si,Fiber optic,No,No,No,No,No,No,Month-to-month,Si,Cheque,74.7,74.7,Si
WF-8819,Masculino,0,Si,No,68,No,No Servicio Telef nico,DSL,Si,No,Si,No,Si,Si,Two year,Si,Transferencia Bancaria,54.1,3794.5,No
AU-7427,Masculino,0,No,No,54,Si,No,No,No internet service,No internet service,No internet service,No internet service,No internet service,No internet service,Two year,No,Tarjeta de Credito,19.65,1008.7,No
PO-2811,Femenino,1,Si,Si,23,Si,No,Fiber optic,No,Si,Si,No,No,Si,Month-to-month,Si,Transferencia Bancaria,88.45,2130.55,No
GA-1092,Masculino,0,No,No,17,Si,No,Fiber optic,No,No,Si,No,No,No,Month-to-month,Si,Cheque,76.65,1313.55,Si
PD-7898,Masculino,0,Si,No,71,Si,Si,DSL,Si,Si,Si,Si,No,Si,Two year,No,Tarjeta de Credito,80.4,5727.15,No
EW-9972,Femenino,0,Si,Si,67,Si,No,No,No internet service,No internet service,No internet service,No internet service,No internet service,No internet service,Two year,Si,Transferencia Bancaria,19.25,1372.9,No
IJ-9314,Femenino,0,Si,Si,14,Si,Si,Fiber optic,No,No,No,No,Si,No,Month-to-month,Si,Cheque,84.8,1203.9,No
XE-0661,Femenino,1,No,No,1,No,No Servicio Telef nico,DSL,No,No,No,No,No,No,Month-to-month,Si,Deposito bancario,25.8,25.8,Si
JR-5799,Femenino,0,No,Si,63,Si,No,No,No internet service,No internet service,No internet service,No internet service,No internet service,No internet service,Two year,No,Tarjeta de Credito,19.5,1215.1,No
KY-1921,Femenino,0,No,No,41,Si,Si,DSL,No,No,Si,Si,No,Si,One year,Si,Cheque,68.6,2877.05,No
RT-6198,Femenino,0,Si,No,17,Si,Si,Fiber optic,No,No,No,No,Si,Si,Month-to-month,No,Cheque,92.6,1579.7,No
KH-2924,Masculino,0,Si,No,56,Si,Si,Fiber optic,Si,No,No,No,Si,Si,One year,Si,Cheque,100.55,5514.95,No
GM-1925,Femenino,0,No,No,5,Si,No,No,No internet service,No internet service,No internet service,No internet service,No internet service,No internet service,Month-to-month,No,Tarjeta de Credito,20.55,96.1,No
EV-7881,Femenino,0,No,No,2,No,No Servicio Telef nico,DSL,Si,Si,No,No,No,Si,Month-to-month,Si,Cheque,42.6,72.4,Si
DY-6184,Femenino,0,Si,No,3,Si,No,No,No internet service,No internet service,No internet service,No internet service,No internet service,No internet service,Month-to-month,Si,Deposito bancario,19.6,55.25,No
ZP-9207,Masculino,0,No,No,37,Si,Si,DSL,Si,Si,Si,Si,No,No,One year,No,Cheque,67.45,2443.3,No
XQ-5766,Femenino,0,No,No,29,Si,No,DSL,Si,Si,Si,No,No,Si,Month-to-month,Si,Transferencia Bancaria,68.85,1970.5,Si
QS-9327,Masculino,0,No,No,8,Si,No,DSL,No,No,No,No,No,No,Month-to-month,No,Deposito bancario,43.55,335.4,No
DR-1656,Femenino,0,No,No,63,Si,Si,Fiber optic,No,Si,Si,Si,Si,Si,Month-to-month,Si,Tarjeta de Credito,109.85,7002.95,No
VF-3012,Femenino,0,Si,Si,7,Si,No,No,No internet service,No internet service,No internet service,No internet service,No internet service,No internet service,Month-to-month,No,Deposito bancario,20.65,158.95,No
AF-2984,Femenino,0,No,No,3,Si,No,Fiber optic,No,Si,No,No,Si,Si,Month-to-month,No,Cheque,95.4,293.15,No
YJ-0640,Masculino,0,Si,Si,72,Si,No,No,No internet service,No internet service,No internet service,No internet service,No internet service,No internet service,Two year,No,Transferencia Bancaria,21,1493.75,No
LO-8096,Femenino,0,No,No,19,Si,No,DSL,No,No,No,No,No,Si,Month-to-month,Si,Cheque,56.2,1093.4,No
RE-9764,Femenino,0,Si,No,59,Si,No,No,No internet service,No internet service,No internet service,No internet service,No internet service,No internet service,Two year,No,Transferencia Bancaria,18.4,1057.85,No
VA-3703,Masculino,0,Si,Si,2,Si,No,Fiber optic,No,No,Si,Si,No,Si,Month-to-month,No,Tarjeta de Credito,90,190.05,Si
UB-7107,Femenino,0,Si,Si,35,Si,Si,No,No internet service,No internet service,No internet service,No internet service,No internet service,No internet service,Month-to-month,Si,Cheque,25.75,882.55,No
GQ-4881,Masculino,0,No,No,14,Si,No,No,No internet service,No internet service,No internet service,No internet service,No internet service,No internet service,Month-to-month,No,Tarjeta de Credito,19.6,300.4,No
QJ-8519,Femenino,0,No,No,14,Si,No,Fiber optic,No,No,Si,No,No,No,Month-to-month,No,Cheque,75.35,1025.95,Si
DN-7876,Femenino,0,Si,Si,69,Si,No,No,No internet service,No internet service,No internet service,No internet service,No internet service,No internet service,Two year,No,Tarjeta de Credito,19.8,1436.95,No
NJ-7905,Masculino,1,Si,No,7,Si,Si,DSL,Si,Si,No,Si,No,No,Month-to-month,No,Cheque,64.2,475,No
WD-2882,Masculino,0,Si,Si,69,Si,No,DSL,Si,Si,Si,Si,Si,No,Two year,Si,Transferencia Bancaria,75.75,5388.15,No
GP-2091,Femenino,0,Si,Si,72,Si,Si,DSL,No,Si,No,Si,Si,Si,Two year,Si,Cheque,78.95,5730.15,No
MT-6326,Masculino,0,No,No,8,Si,Si,Fiber optic,No,Si,No,No,Si,Si,Month-to-month,No,Cheque,100.85,819.55,Si
FB-5071,Femenino,0,Si,Si,4,Si,No,DSL,Si,No,No,No,No,No,Month-to-month,No,Cheque,50.3,217.1,No
UU-2796,Masculino,0,Si,Si,63,Si,No,Fiber optic,No,Si,Si,No,No,No,Month-to-month,Si,Tarjeta de Credito,80.3,4896.35,No
AY-2429,Masculino,0,No,No,72,Si,No,No,No internet service,No internet service,No internet service,No internet service,No internet service,No internet service,Two year,No,Transferencia Bancaria,19.85,1434.1,No
OP-9798,Femenino,0,No,No,46,Si,No,No,No internet service,No internet service,No internet service,No internet service,No internet service,No internet service,Two year,Si,Cheque,21.1,937.1,No
IV-0330,Femenino,0,Si,No,5,Si,No,Fiber optic,No,No,No,No,No,No,Month-to-month,No,Cheque,69.95,330.15,Si
NF-3794,Masculino,0,Si,No,30,Si,No,DSL,No,No,Si,No,No,No,Month-to-month,Si,Deposito bancario,50,1474.9,No
QL-5193,Masculino,0,No,No,63,Si,Si,Fiber optic,No,Si,Si,No,Si,Si,Two year,Si,Transferencia Bancaria,104.75,6536.5,No
AE-7114,Femenino,0,No,No,60,Si,No,No,No internet service,No internet service,No internet service,No internet service,No internet service,No internet service,Two year,No,Transferencia Bancaria,19.85,1128.1,No
KE-2886,Femenino,0,Si,No,63,Si,Si,Fiber optic,No,Si,Si,No,Si,Si,One year,Si,Cheque,107.5,6873.75,Si
NY-5522,Masculino,0,Si,Si,25,Si,No,Fiber optic,No,No,No,Si,Si,No,Month-to-month,No,Cheque,85.9,2199.05,No
RL-4237,Masculino,0,No,No,1,Si,No,DSL,No,No,No,No,No,No,Month-to-month,Si,Deposito bancario,45.85,45.85,Si
YO-9957,Masculino,1,Si,No,6,Si,Si,Fiber optic,No,No,Si,No,No,No,Month-to-month,Si,Cheque,80.8,457.1,No
KZ-6518,Masculino,0,No,No,22,Si,Si,No,No internet service,No internet service,No internet service,No internet service,No internet service,No internet service,Two year,No,Deposito bancario,25.25,566.5,No
AD-2245,Femenino,0,Si,Si,31,Si,Si,DSL,No,Si,No,Si,Si,Si,Two year,No,Transferencia Bancaria,80.55,2471.6,No
QG-7776,Femenino,0,Si,Si,39,Si,No,Fiber optic,No,No,Si,Si,No,No,Month-to-month,Si,Transferencia Bancaria,81.5,3107.3,No
QO-9313,Masculino,0,No,No,26,Si,No,No,No internet service,No internet service,No internet service,No internet service,No internet service,No internet service,Month-to-month,No,Deposito bancario,20.9,518.3,No
GT-9651,Femenino,0,Si,No,53,Si,No,Fiber optic,Si,Si,Si,No,Si,Si,One year,Si,Transferencia Bancaria,106.1,5769.75,Si
BA-3186,Femenino,0,No,No,1,Si,No,Fiber optic,No,Si,No,Si,Si,No,Month-to-month,No,Cheque,91.7,91.7,Si
FO-4672,Masculino,0,No,No,12,Si,Si,DSL,Si,Si,No,Si,No,No,Month-to-month,Si,Cheque,67.25,832.3,No
YL-0637,Femenino,0,No,No,16,Si,Si,Fiber optic,No,Si,Si,No,No,Si,Month-to-month,Si,Tarjeta de Credito,95.6,1555.65,Si
XQ-9818,Femenino,0,No,No,2,Si,No,No,No internet service,No internet service,No internet service,No internet service,No internet service,No internet service,Month-to-month,No,Deposito bancario,20.35,45.3,No
ER-7338,Masculino,0,No,Si,39,No,No Servicio Telef nico,DSL,Si,No,No,Si,Si,No,One year,No,Transferencia Bancaria,45.05,1790.6,No
BQ-1157,Masculino,0,No,No,1,Si,Si,Fiber optic,No,No,No,No,No,No,Month-to-month,Si,Cheque,74.95,74.95,Si
NF-8259,Femenino,0,Si,Si,7,No,No Servicio Telef nico,DSL,Si,No,No,Si,No,No,Month-to-month,No,Deposito bancario,34.65,246.6,No
DW-3223,Masculino,1,No,No,4,Si,No,Fiber optic,No,No,No,No,No,No,Month-to-month,No,Cheque,69.35,261.65,No
EM-2660,Masculino,1,No,No,10,Si,Si,Fiber optic,No,No,No,No,Si,Si,Month-to-month,Si,Cheque,95.35,898.35,Si
GM-6968,Femenino,0,No,No,55,Si,No,Fiber optic,No,Si,Si,No,No,No,Month-to-month,Si,Cheque,81.55,4509.5,No
ER-4751,Masculino,0,Si,Si,72,Si,No,DSL,No,Si,Si,No,Si,Si,Two year,Si,Transferencia Bancaria,75.4,5480.25,No
ZM-1436,Femenino,0,Si,No,10,Si,No,DSL,No,No,Si,No,Si,Si,Month-to-month,Si,Tarjeta de Credito,67.8,653.15,No
PB-3292,Masculino,1,No,No,11,Si,Si,Fiber optic,No,Si,Si,Si,Si,Si,Month-to-month,Si,Cheque,111.4,1183.05,No
DD-0799,Femenino,0,Si,Si,15,Si,No,DSL,No,No,No,No,No,No,Month-to-month,No,Cheque,46.3,639.45,No
FN-3070,Femenino,0,Si,Si,23,Si,No,No,No internet service,No internet service,No internet service,No internet service,No internet service,No internet service,Two year,No,Transferencia Bancaria,20.4,478.75,No
SF-2812,Masculino,0,No,Si,1,Si,No,No,No internet service,No internet service,No internet service,No internet service,No internet service,No internet service,Month-to-month,No,Deposito bancario,20.05,20.05,No
OZ-7675,Femenino,1,No,No,3,Si,No,DSL,No,No,No,No,No,No,Month-to-month,No,Cheque,45,127.1,Si
WU-5014,Masculino,0,Si,Si,47,Si,No,Fiber optic,Si,Si,Si,No,No,Si,One year,Si,Cheque,96.1,4391.45,No
TS-5312,Femenino,0,No,Si,15,Si,No,No,No internet service,No internet service,No internet service,No internet service,No internet service,No internet service,One year,No,Deposito bancario,19.65,270.6,No
CK-2003,Masculino,0,No,No,66,Si,No,Fiber optic,No,Si,Si,No,Si,Si,Month-to-month,No,Cheque,99.5,6710.5,Si
OS-0993,Femenino,1,Si,No,68,Si,No,DSL,No,Si,Si,Si,No,No,One year,Si,Transferencia Bancaria,60.65,3975.9,No
RB-9254,Femenino,0,Si,Si,17,Si,No,Fiber optic,No,No,Si,Si,Si,Si,One year,No,Transferencia Bancaria,98.6,1704.95,Si
WN-1205,Femenino,0,No,No,7,Si,No,DSL,No,No,No,Si,Si,No,Month-to-month,Si,Deposito bancario,59.5,415.95,Si
EO-9391,Masculino,1,Si,No,12,Si,No,Fiber optic,No,No,No,No,No,Si,Month-to-month,Si,Cheque,80.45,950.2,Si
DG-7108,Femenino,1,Si,No,21,Si,Si,DSL,No,Si,Si,No,No,Si,One year,No,Transferencia Bancaria,71.7,1497.05,No
JE-2782,Masculino,0,No,No,21,No,No Servicio Telef nico,DSL,No,Si,No,Si,No,No,Month-to-month,Si,Deposito bancario,36,780.15,No
BZ-5127,Femenino,0,Si,Si,56,Si,Si,DSL,Si,No,No,No,Si,No,One year,No,Transferencia Bancaria,65.2,3512.15,No
FV-2720,Femenino,0,Si,Si,6,Si,Si,DSL,No,No,No,No,No,No,Month-to-month,Si,Tarjeta de Credito,48.95,273.25,No
NH-9906,Femenino,1,No,No,65,No,No Servicio Telef nico,DSL,No,Si,Si,No,Si,Si,Two year,Si,Transferencia Bancaria,53.5,3517.9,No
XR-4522,Masculino,0,Si,No,42,Si,Si,DSL,Si,No,No,Si,Si,Si,One year,No,Tarjeta de Credito,80.45,3375.9,No
EJ-3766,Femenino,0,Si,Si,68,Si,Si,Fiber optic,Si,No,Si,Si,Si,Si,Two year,Si,Transferencia Bancaria,109.05,7508.55,No
SX-5939,Masculino,0,Si,Si,48,Si,Si,No,No internet service,No internet service,No internet service,No internet service,No internet service,No internet service,Two year,No,Transferencia Bancaria,26.3,1245.05,No
UO-8152,Femenino,1,No,No,50,Si,Si,Fiber optic,No,Si,No,Si,Si,Si,One year,Si,Cheque,106.8,5347.95,No
KY-7351,Femenino,1,No,No,7,Si,No,DSL,No,Si,Si,No,Si,No,Month-to-month,Si,Cheque,64.95,493.65,No
RC-7643,Femenino,0,Si,Si,63,Si,No,No,No internet service,No internet service,No internet service,No internet service,No internet service,No internet service,Two year,No,Cheque,19.35,1263.85,No
SH-8246,Masculino,0,No,No,17,Si,No,No,No internet service,No internet service,No internet service,No internet service,No internet service,No internet service,Month-to-month,No,Tarjeta de Credito,21.1,385.55,No
MO-8387,Femenino,0,Si,Si,42,Si,No,Fiber optic,No,No,No,No,Si,No,Month-to-month,Si,Tarjeta de Credito,77.95,3384,Si
XE-0620,Masculino,0,Si,Si,4,Si,No,No,No internet service,No internet service,No internet service,No internet service,No internet service,No internet service,Month-to-month,No,Deposito bancario,18.85,84.2,No
QX-6485,Femenino,0,No,Si,62,Si,Si,No,No internet service,No internet service,No internet service,No internet service,No internet service,No internet service,Two year,No,Transferencia Bancaria,26,1638.7,No
OC-2761,Masculino,1,No,No,2,Si,No,Fiber optic,No,Si,No,No,No,No,Month-to-month,Si,Cheque,74.7,165.4,Si
VG-7321,Femenino,0,Si,No,2,Si,No,Fiber optic,No,No,No,No,No,No,Month-to-month,Si,Cheque,70.35,120.25,No
CN-5327,Masculino,0,Si,No,48,Si,Si,Fiber optic,Si,Si,Si,No,Si,No,Two year,Si,Transferencia Bancaria,96.9,4473.45,No
KE-7552,Masculino,0,Si,No,27,Si,No,No,No internet service,No internet service,No internet service,No internet service,No internet service,No internet service,Two year,No,Transferencia Bancaria,19.55,520.55,No
JM-5816,Femenino,0,Si,Si,70,Si,No,DSL,No,Si,Si,Si,Si,Si,Two year,Si,Transferencia Bancaria,80.4,5717.85,No
OM-3068,Masculino,1,No,No,1,Si,Si,Fiber optic,No,No,Si,No,Si,No,Month-to-month,Si,Cheque,88.8,88.8,Si
QR-2927,Masculino,0,Si,No,46,Si,Si,Fiber optic,No,Si,Si,No,Si,No,One year,Si,Cheque,94.65,4312.5,No
KR-6032,Masculino,0,No,No,30,Si,No,Fiber optic,No,No,No,No,Si,Si,Month-to-month,Si,Cheque,90.25,2755.35,Si
RR-7459,Femenino,0,No,No,15,Si,Si,DSL,Si,No,No,No,No,Si,Month-to-month,Si,Transferencia Bancaria,64.65,994.55,Si
SX-6265,Masculino,0,Si,Si,69,Si,Si,Fiber optic,No,Si,Si,No,Si,No,One year,No,Tarjeta de Credito,95.75,6511.25,No
RC-7941,Masculino,0,No,No,65,Si,No,No,No internet service,No internet service,No internet service,No internet service,No internet service,No internet service,Two year,Si,Tarjeta de Credito,19.55,1218.65,No
NT-6374,Masculino,1,Si,Si,72,Si,No,Fiber optic,Si,No,Si,Si,Si,Si,Two year,Si,Tarjeta de Credito,104.1,7447.7,No
AQ-4154,Masculino,1,Si,No,13,Si,No,Fiber optic,No,Si,No,Si,No,Si,Month-to-month,Si,Transferencia Bancaria,89.05,1169.35,Si
KD-2387,Masculino,0,No,No,17,Si,No,No,No internet service,No internet service,No internet service,No internet service,No internet service,No internet service,One year,Si,Deposito bancario,20.1,279.5,No
WK-3584,Masculino,0,Si,No,51,Si,Si,Fiber optic,Si,No,Si,Si,Si,Si,One year,Si,Cheque,111.55,5720.35,No
BM-3399,Masculino,0,Si,Si,51,Si,No,DSL,Si,Si,No,Si,No,No,Two year,No,Tarjeta de Credito,60.5,3121.45,No
DT-1971,Femenino,0,Si,No,72,Si,Si,DSL,Si,Si,Si,Si,Si,Si,Two year,Si,Transferencia Bancaria,90.95,6468.6,No
IG-3092,Masculino,0,Si,Si,67,Si,Si,Fiber optic,No,Si,Si,No,No,No,One year,No,Cheque,87.4,5918.8,Si
PZ-3374,Masculino,0,No,No,34,Si,No,No,No internet service,No internet service,No internet service,No internet service,No internet service,No internet service,Month-to-month,No,Deposito bancario,19.7,675.6,No
DH-3813,Masculino,0,Si,No,67,No,No Servicio Telef nico,DSL,Si,Si,No,Si,No,Si,Two year,Si,Transferencia Bancaria,50.95,3521.7,No
RE-2812,Femenino,0,Si,No,49,Si,No,No,No internet service,No internet service,No internet service,No internet service,No internet service,No internet service,One year,Si,Transferencia Bancaria,20.05,923.1,No
PP-6518,Masculino,0,Si,Si,53,Si,No,No,No internet service,No internet service,No internet service,No internet service,No internet service,No internet service,Two year,Si,Deposito bancario,19.4,1110.35,No
KY-4939,Masculino,0,No,No,27,Si,Si,DSL,No,No,Si,Si,No,No,Month-to-month,No,Cheque,59.45,1611.65,No
LX-8017,Femenino,1,No,No,23,Si,No,Fiber optic,No,Si,No,No,Si,Si,Month-to-month,Si,Cheque,94.75,2293.6,Si
GB-5930,Masculino,0,No,No,69,Si,Si,DSL,Si,Si,Si,Si,No,Si,Two year,Si,Tarjeta de Credito,81.5,5553.25,No
KO-6022,Femenino,0,Si,Si,2,No,No Servicio Telef nico,DSL,No,No,No,Si,No,No,Month-to-month,No,Transferencia Bancaria,29.05,44.75,No
TW-6352,Femenino,0,No,No,35,Si,Si,Fiber optic,No,No,No,No,Si,No,Month-to-month,Si,Cheque,86.45,3029.1,Si
UP-2361,Femenino,0,Si,No,46,Si,No,DSL,Si,Si,No,Si,No,Si,One year,No,Deposito bancario,70.6,3231.05,No
RI-6035,Femenino,0,No,No,54,Si,Si,Fiber optic,No,Si,No,No,Si,Si,Two year,Si,Transferencia Bancaria,97.2,5129.45,No
QN-2929,Femenino,0,Si,No,56,Si,Si,Fiber optic,No,Si,No,No,Si,Si,One year,Si,Cheque,98.25,5508.35,Si
OP-1262,Femenino,0,Si,No,9,Si,No,Fiber optic,No,No,Si,No,No,No,Month-to-month,Si,Transferencia Bancaria,75.75,655.9,Si
DS-9504,Masculino,0,No,No,20,Si,Si,DSL,Si,No,No,Si,No,No,Month-to-month,No,Transferencia Bancaria,59.2,1191.2,No
BV-5035,Masculino,0,No,No,11,Si,No,Fiber optic,No,Si,No,No,No,No,Month-to-month,Si,Deposito bancario,75.9,866.4,No
DC-6267,Femenino,1,Si,No,30,Si,Si,Fiber optic,No,Si,No,No,Si,No,Month-to-month,Si,Cheque,90.05,2627.2,No
UV-3533,Masculino,0,Si,No,68,Si,No,DSL,Si,Si,Si,No,No,Si,Two year,No,Transferencia Bancaria,70.95,4741.45,No
LY-2439,Masculino,1,Si,No,38,Si,Si,Fiber optic,No,Si,Si,No,Si,Si,Month-to-month,Si,Cheque,102.6,4009.2,No
QP-4248,Femenino,1,Si,No,17,Si,Si,Fiber optic,Si,No,Si,No,No,No,Month-to-month,Si,Transferencia Bancaria,85.35,1463.45,Si
VX-1899,Masculino,0,No,No,48,Si,Si,Fiber optic,No,Si,Si,No,Si,Si,One year,Si,Tarjeta de Credito,106.1,5082.8,Si
VP-1478,Femenino,0,No,No,1,Si,No,DSL,No,No,No,No,No,No,Month-to-month,No,Cheque,43.8,43.8,No
HO-9995,Masculino,0,Si,Si,63,No,No Servicio Telef nico,DSL,Si,Si,Si,No,Si,Si,Two year,No,Cheque,59,3707.6,No
PL-2988,Femenino,0,No,No,3,Si,No,DSL,No,No,Si,No,Si,Si,One year,Si,Cheque,69.95,220.45,No
OJ-1371,Femenino,0,No,No,48,Si,Si,No,No internet service,No internet service,No internet service,No internet service,No internet service,No internet service,One year,No,Transferencia Bancaria,24.35,1133.7,No
IE-4999,Masculino,0,No,No,66,No,No Servicio Telef nico,DSL,No,No,No,Si,No,No,One year,No,Tarjeta de Credito,29.45,1983.15,No
AN-8883,Femenino,0,Si,Si,68,Si,Si,Fiber optic,No,Si,Si,No,No,No,Two year,Si,Tarjeta de Credito,84.4,5746.75,No
LL-4690,Masculino,1,No,No,17,Si,No,DSL,No,No,No,No,No,No,Month-to-month,Si,Cheque,45.05,770.6,Si
RR-2351,Femenino,0,Si,Si,7,Si,No,No,No internet service,No internet service,No internet service,No internet service,No internet service,No internet service,One year,No,Deposito bancario,20.65,134.05,No
BD-5980,Masculino,0,Si,No,72,Si,Si,DSL,Si,Si,Si,Si,Si,Si,Two year,Si,Transferencia Bancaria,87.1,6230.1,No
DQ-1498,Femenino,0,Si,No,29,Si,No,No,No internet service,No internet service,No internet service,No internet service,No internet service,No internet service,Month-to-month,No,Deposito bancario,19.85,573.05,No
WE-9469,Masculino,0,Si,No,37,Si,No,Fiber optic,No,No,Si,Si,No,Si,Month-to-month,Si,Cheque,90.35,3419.3,No
HQ-3331,Femenino,0,No,No,34,Si,Si,Fiber optic,Si,Si,Si,No,Si,Si,Month-to-month,Si,Deposito bancario,109.8,3587.25,Si
DF-9490,Femenino,1,No,No,42,Si,Si,Fiber optic,No,No,No,No,Si,No,Month-to-month,Si,Cheque,84.65,3541.35,Si
VK-2581,Femenino,0,Si,Si,59,Si,Si,DSL,Si,Si,No,Si,No,No,One year,No,Deposito bancario,65.5,3801.3,No
XS-5442,Masculino,0,Si,Si,11,Si,No,Fiber optic,No,No,No,No,Si,No,Month-to-month,Si,Transferencia Bancaria,79.5,868.5,Si
WE-7426,Masculino,1,Si,Si,60,Si,Si,Fiber optic,Si,No,No,No,No,No,Month-to-month,Si,Cheque,80.95,4859.1,No
MM-2851,Femenino,0,No,No,27,Si,No,DSL,No,Si,No,Si,No,No,Month-to-month,Si,Deposito bancario,56.15,1439.35,No
ND-3049,Femenino,0,No,No,1,Si,Si,Fiber optic,No,No,No,No,No,Si,Month-to-month,No,Deposito bancario,85.8,85.8,Si
AE-8580,Masculino,1,No,No,1,Si,No,Fiber optic,No,No,No,No,Si,No,Month-to-month,Si,Cheque,79.1,79.1,Si
TL-3307,Masculino,0,Si,No,17,No,No Servicio Telef nico,DSL,Si,No,Si,No,No,No,Month-to-month,No,Deposito bancario,34.4,592.75,No
FL-6625,Masculino,0,Si,No,58,Si,No,No,No internet service,No internet service,No internet service,No internet service,No internet service,No internet service,Two year,No,Deposito bancario,20.75,1185.95,No
MX-2967,Masculino,0,Si,Si,1,Si,No,No,No internet service,No internet service,No internet service,No internet service,No internet service,No internet service,One year,No,Deposito bancario,18.8,18.8,No
GQ-7963,Femenino,0,Si,Si,3,Si,No,DSL,No,No,No,No,No,No,Month-to-month,No,Deposito bancario,44.3,134.5,Si
HB-8189,Femenino,0,No,No,53,Si,Si,Fiber optic,Si,Si,Si,No,No,No,Month-to-month,No,Cheque,90.8,4921.2,No
KI-4163,Masculino,0,No,No,35,Si,Si,No,No internet service,No internet service,No internet service,No internet service,No internet service,No internet service,Month-to-month,Si,Cheque,25.6,901.25,No
FZ-1228,Masculino,0,Si,Si,50,Si,Si,Fiber optic,Si,No,Si,No,Si,Si,Month-to-month,No,Tarjeta de Credito,105.95,5341.8,Si
NS-3500,Masculino,0,Si,Si,68,Si,Si,DSL,No,Si,No,Si,No,Si,Two year,No,Tarjeta de Credito,70.8,4859.95,No
TY-1171,Masculino,0,Si,No,47,Si,Si,No,No internet service,No internet service,No internet service,No internet service,No internet service,No internet service,Month-to-month,No,Cheque,25.4,1139.2,No
FL-3761,Femenino,1,Si,No,65,Si,Si,Fiber optic,No,Si,Si,No,Si,Si,Month-to-month,Si,Transferencia Bancaria,108.8,7082.45,No
DC-2058,Masculino,0,No,No,5,Si,No,Fiber optic,No,No,No,No,No,No,Month-to-month,Si,Cheque,69.75,324.6,Si
XY-5364,Masculino,0,Si,No,51,Si,Si,Fiber optic,No,No,No,No,Si,Si,Month-to-month,Si,Cheque,94.65,4812.75,Si
AU-4829,Femenino,0,No,No,46,Si,Si,Fiber optic,No,No,No,No,Si,Si,Month-to-month,No,Transferencia Bancaria,96.05,4399.5,Si
NN-1219,Femenino,0,No,No,9,Si,Si,Fiber optic,No,No,No,No,No,No,Month-to-month,Si,Cheque,76.85,663.55,No
DM-8388,Femenino,0,No,No,8,Si,No,No,No internet service,No internet service,No internet service,No internet service,No internet service,No internet service,Two year,No,Deposito bancario,20.25,174.65,No
BW-4403,Masculino,0,No,No,14,Si,Si,No,No internet service,No internet service,No internet service,No internet service,No internet service,No internet service,One year,Si,Tarjeta de Credito,24.8,321.7,No
QE-9659,Femenino,0,No,No,45,Si,Si,Fiber optic,Si,Si,Si,Si,Si,Si,Month-to-month,Si,Cheque,115.65,5125.5,No
ZM-5405,Femenino,0,No,No,8,Si,Si,Fiber optic,No,No,No,No,No,No,Month-to-month,Si,Tarjeta de Credito,74.6,548.9,No
LH-5047,Masculino,1,No,Si,1,Si,No,DSL,No,No,Si,No,No,No,Month-to-month,Si,Deposito bancario,50.15,50.15,Si
OK-1442,Masculino,0,Si,Si,66,Si,No,Fiber optic,Si,Si,Si,No,Si,Si,One year,Si,Transferencia Bancaria,103.15,7031.3,No
AQ-4737,Masculino,0,Si,Si,72,Si,Si,DSL,Si,Si,Si,Si,No,No,Two year,No,Tarjeta de Credito,72.1,5016.65,No
VC-9158,Femenino,0,Si,No,41,Si,Si,Fiber optic,Si,Si,Si,Si,Si,Si,Month-to-month,Si,Transferencia Bancaria,113.6,4594.95,Si
CH-2808,Femenino,0,Si,Si,23,Si,Si,No,No internet service,No internet service,No internet service,No internet service,No internet service,No internet service,Two year,No,Deposito bancario,25.1,611.45,No
UE-6311,Femenino,0,No,No,29,Si,No,Fiber optic,No,No,No,No,Si,No,Month-to-month,Si,Cheque,78.9,2384.15,Si
TW-0793,Femenino,0,No,No,4,Si,Si,Fiber optic,Si,No,No,No,No,No,Month-to-month,Si,Cheque,80.15,319.85,No
WC-3283,Masculino,0,Si,Si,6,Si,Si,No,No internet service,No internet service,No internet service,No internet service,No internet service,No internet service,Two year,No,Deposito bancario,25.4,153.3,No
EN-1060,Femenino,1,Si,No,67,Si,Si,Fiber optic,Si,Si,Si,Si,No,Si,One year,Si,Tarjeta de Credito,105.4,7035.6,No
QX-0999,Masculino,1,No,Si,7,Si,No,DSL,No,No,No,No,No,No,Month-to-month,Si,Deposito bancario,45.75,344.2,No
MH-5451,Masculino,0,Si,Si,56,Si,Si,No,No internet service,No internet service,No internet service,No internet service,No internet service,No internet service,One year,Si,Deposito bancario,24.45,1431.65,No
WN-4836,Femenino,0,Si,No,72,Si,Si,No,No internet service,No internet service,No internet service,No internet service,No internet service,No internet service,Two year,No,Tarjeta de Credito,25,1849.2,No
BZ-9225,Masculino,0,Si,No,72,Si,Si,DSL,Si,Si,Si,No,Si,Si,Two year,Si,Cheque,85.25,6083.1,No
VX-0354,Masculino,0,Si,Si,23,Si,No,No,No internet service,No internet service,No internet service,No internet service,No internet service,No internet service,Two year,No,Tarjeta de Credito,19.6,426.65,No
QV-4422,Femenino,0,No,Si,35,Si,Si,DSL,No,No,No,No,No,No,Month-to-month,No,Deposito bancario,50.15,1655.35,No
SR-9365,Masculino,1,Si,No,27,Si,No,Fiber optic,No,No,No,No,No,No,Month-to-month,Si,Cheque,70.55,1943.9,No
IT-6839,Femenino,0,Si,Si,26,Si,Si,DSL,No,Si,No,Si,No,No,Month-to-month,Si,Cheque,60.05,1616.15,Si
OS-8332,Masculino,0,Si,Si,12,Si,Si,No,No internet service,No internet service,No internet service,No internet service,No internet service,No internet service,One year,No,Deposito bancario,26.4,314.95,No
BJ-4735,Femenino,0,No,No,40,Si,No,No,No internet service,No internet service,No internet service,No internet service,No internet service,No internet service,Two year,No,Deposito bancario,20.15,804.85,No
JK-0274,Masculino,0,Si,Si,7,No,No Servicio Telef nico,DSL,Si,Si,Si,No,Si,Si,Month-to-month,No,Deposito bancario,58.85,465.7,No
YH-5740,Masculino,0,Si,Si,70,Si,Si,Fiber optic,Si,Si,No,No,Si,No,Month-to-month,Si,Tarjeta de Credito,97.55,6669.05,No
SZ-8917,Masculino,0,Si,Si,60,Si,No,No,No internet service,No internet service,No internet service,No internet service,No internet service,No internet service,Two year,No,Tarjeta de Credito,19.65,1161.75,No
MZ-1696,Masculino,0,Si,Si,39,No,No Servicio Telef nico,DSL,No,No,No,No,No,No,One year,Si,Tarjeta de Credito,25.25,947.75,No
WW-7359,Masculino,0,Si,No,72,Si,Si,Fiber optic,Si,Si,Si,Si,Si,Si,Two year,No,Tarjeta de Credito,114.45,8375.05,No
HV-0375,Femenino,0,No,No,1,No,No Servicio Telef nico,DSL,No,No,No,No,Si,No,Month-to-month,Si,Cheque,34.7,34.7,Si
ZH-4906,Masculino,0,Si,Si,54,Si,Si,DSL,No,Si,No,Si,Si,No,One year,Si,Cheque,70.7,3770,No
WH-8593,Masculino,0,No,No,3,Si,Si,Fiber optic,No,No,No,No,No,Si,Month-to-month,Si,Cheque,85.3,264.8,Si
GW-3795,Femenino,0,Si,Si,63,Si,No,DSL,Si,Si,Si,Si,Si,No,Two year,No,Tarjeta de Credito,75.55,4707.85,No
PH-1298,Masculino,0,Si,Si,71,Si,Si,Fiber optic,No,Si,No,Si,No,No,Two year,Si,Cheque,84.8,6152.4,No
DH-6223,Femenino,0,No,No,42,Si,No,No,No internet service,No internet service,No internet service,No internet service,No internet service,No internet service,One year,Si,Deposito bancario,20.65,958.1,No
MJ-6961,Masculino,0,No,No,47,Si,No,No,No internet service,No internet service,No internet service,No internet service,No internet service,No internet service,Two year,No,Transferencia Bancaria,20.45,943,No
EQ-6097,Femenino,0,Si,Si,66,Si,Si,Fiber optic,No,Si,Si,No,Si,Si,One year,Si,Tarjeta de Credito,102.45,6615.15,Si
YL-4423,Femenino,0,Si,No,21,Si,Si,Fiber optic,Si,No,Si,No,Si,Si,Month-to-month,Si,Transferencia Bancaria,104.4,2200.25,Si
WP-8158,Masculino,0,No,No,11,No,No Servicio Telef nico,DSL,No,Si,No,Si,No,No,Month-to-month,Si,Cheque,35.65,425.1,No
YH-0107,Masculino,0,No,Si,1,Si,Si,Fiber optic,No,No,Si,No,Si,Si,Month-to-month,Si,Cheque,99.75,99.75,Si
FY-4918,Femenino,1,Si,No,55,Si,Si,Fiber optic,No,Si,Si,Si,No,No,Month-to-month,No,Cheque,90.45,5044.8,No
BN-0727,Masculino,0,No,No,69,Si,Si,Fiber optic,No,Si,Si,Si,Si,No,Two year,Si,Tarjeta de Credito,97.65,6743.55,No
CI-4854,Femenino,1,No,No,3,Si,No,Fiber optic,No,No,Si,No,No,No,Month-to-month,No,Cheque,73.85,196.4,No
SD-8640,Masculino,0,No,No,4,Si,No,DSL,No,No,Si,Si,Si,Si,Month-to-month,Si,Cheque,74.4,299.7,Si
MR-3280,Masculino,1,No,No,30,Si,Si,DSL,No,No,Si,Si,Si,No,Two year,Si,Tarjeta de Credito,69.1,2093.9,No
SR-6435,Femenino,0,No,No,5,Si,Si,Fiber optic,No,No,Si,Si,No,No,Month-to-month,Si,Cheque,82.75,417.75,No
WB-9964,Femenino,0,Si,No,71,Si,Si,No,No internet service,No internet service,No internet service,No internet service,No internet service,No internet service,Two year,Si,Tarjeta de Credito,24.4,1725.4,No
KF-6303,Femenino,0,No,No,29,Si,Si,DSL,No,Si,No,No,No,No,One year,Si,Cheque,55.25,1620.2,No
CC-1702,Masculino,0,Si,No,52,Si,Si,DSL,No,Si,No,Si,No,No,Month-to-month,No,Transferencia Bancaria,61.35,3169.55,No
CZ-8932,Masculino,0,No,No,68,Si,Si,DSL,Si,Si,Si,No,No,Si,One year,No,Tarjeta de Credito,76.75,5233.25,No
CW-0386,Femenino,0,Si,Si,46,Si,No,No,No internet service,No internet service,No internet service,No internet service,No internet service,No internet service,Two year,No,Deposito bancario,19.4,967.85,No
RU-5515,Masculino,0,No,No,8,Si,No,DSL,No,No,No,No,No,Si,Month-to-month,Si,Tarjeta de Credito,54.75,438.05,No
AH-0404,Masculino,0,Si,No,72,Si,No,No,No internet service,No internet service,No internet service,No internet service,No internet service,No internet service,Two year,No,Tarjeta de Credito,19.7,1421.9,No
NM-7279,Femenino,0,No,No,17,Si,No,No,No internet service,No internet service,No internet service,No internet service,No internet service,No internet service,One year,No,Transferencia Bancaria,19.9,323.15,No
VE-2081,Masculino,0,No,No,3,Si,No,Fiber optic,No,Si,Si,Si,Si,Si,Month-to-month,Si,Cheque,107.95,318.6,No
UT-6407,Femenino,1,No,No,2,Si,No,Fiber optic,No,Si,No,No,Si,No,Month-to-month,Si,Transferencia Bancaria,83.8,163.7,No
TZ-4116,Femenino,0,No,No,9,Si,No,Fiber optic,Si,No,No,No,No,No,Month-to-month,Si,Tarjeta de Credito,74.25,639.65,Si
HJ-9060,Femenino,0,No,No,51,No,No Servicio Telef nico,DSL,No,Si,Si,No,Si,Si,One year,Si,Tarjeta de Credito,56.4,2928.5,No
YN-2587,Femenino,0,Si,Si,6,Si,No,No,No internet service,No internet service,No internet service,No internet service,No internet service,No internet service,Two year,No,Deposito bancario,20.1,100.35,No
SK-7398,Femenino,0,Si,No,3,Si,Si,Fiber optic,No,No,No,No,Si,Si,Month-to-month,No,Cheque,94.9,273.2,No
FC-5935,Femenino,1,No,No,17,Si,Si,Fiber optic,No,No,No,No,Si,Si,Month-to-month,Si,Cheque,94.2,1608.15,No
RN-1958,Masculino,0,Si,No,30,Si,Si,DSL,No,No,No,No,No,No,Month-to-month,No,Cheque,49.9,1441.95,No
RG-5136,Masculino,0,No,No,31,Si,Si,DSL,No,Si,No,Si,Si,No,Month-to-month,Si,Cheque,71.05,2168.15,No
MV-8345,Femenino,0,No,No,45,Si,No,DSL,Si,No,Si,Si,Si,Si,Two year,No,Transferencia Bancaria,81.65,3618.7,No
BX-8226,Masculino,0,Si,No,64,Si,Si,Fiber optic,Si,Si,Si,No,No,No,One year,No,Transferencia Bancaria,89.45,5692.65,No
JR-3877,Masculino,0,No,No,1,Si,Si,DSL,No,No,No,No,Si,No,Month-to-month,Si,Cheque,59.85,59.85,Si
DK-8375,Femenino,1,No,No,1,Si,No,Fiber optic,No,No,No,No,No,No,Month-to-month,Si,Cheque,69.6,69.6,Si
IO-9705,Masculino,1,Si,Si,61,Si,Si,Fiber optic,No,Si,No,No,Si,Si,One year,No,Cheque,99,5969.3,No
OW-1015,Masculino,0,No,No,1,Si,No,No,No internet service,No internet service,No internet service,No internet service,No internet service,No internet service,Month-to-month,No,Deposito bancario,19.05,19.05,No
YM-7511,Masculino,0,No,No,9,No,No Servicio Telef nico,DSL,No,No,No,No,Si,Si,Month-to-month,Si,Cheque,45.4,418.8,Si
XB-2040,Masculino,0,Si,Si,72,Si,Si,Fiber optic,Si,Si,Si,Si,Si,Si,Two year,No,Transferencia Bancaria,114.45,8100.55,No
JO-7551,Femenino,0,No,No,1,Si,No,No,No internet service,No internet service,No internet service,No internet service,No internet service,No internet service,Month-to-month,No,Deposito bancario,19.5,19.5,Si
IP-8887,Femenino,0,Si,No,7,Si,No,DSL,No,No,No,No,No,No,Month-to-month,Si,Deposito bancario,44.25,313.45,No
JC-8646,Femenino,0,Si,No,66,Si,Si,Fiber optic,No,Si,Si,Si,No,No,One year,Si,Transferencia Bancaria,90.55,6130.95,No
IC-9804,Masculino,0,No,No,1,Si,No,Fiber optic,No,No,No,No,No,No,Month-to-month,Si,Cheque,69.9,69.9,Si
KJ-1222,Masculino,0,Si,Si,40,Si,No,No,No internet service,No internet service,No internet service,No internet service,No internet service,No internet service,Month-to-month,Si,Transferencia Bancaria,20.4,745.3,No
GH-0106,Masculino,0,No,No,16,Si,Si,DSL,No,Si,Si,No,No,Si,Month-to-month,Si,Transferencia Bancaria,71.4,1212.1,No
IX-5318,Femenino,0,No,No,2,Si,No,Fiber optic,No,Si,No,No,Si,No,Month-to-month,Si,Transferencia Bancaria,87.15,183.75,Si
VH-3768,Masculino,0,Si,No,67,Si,Si,No,No internet service,No internet service,No internet service,No internet service,No internet service,No internet service,Two year,No,Tarjeta de Credito,24.85,1583.5,No
WC-8952,Femenino,0,Si,No,41,Si,No,Fiber optic,Si,Si,Si,No,Si,Si,One year,Si,Transferencia Bancaria,104.45,4162.05,No
TP-2418,Femenino,0,Si,Si,56,Si,No,No,No internet service,No internet service,No internet service,No internet service,No internet service,No internet service,Two year,Si,Tarjeta de Credito,19.8,1119.9,No
RY-3963,Femenino,0,No,No,72,Si,Si,Fiber optic,Si,Si,Si,Si,Si,Si,Two year,Si,Transferencia Bancaria,116.45,8013.55,No
VE-3198,Femenino,0,Si,Si,3,Si,Si,Fiber optic,No,No,No,No,No,Si,Month-to-month,Si,Transferencia Bancaria,84.75,264.85,Si
ZQ-8540,Femenino,0,Si,No,54,Si,No,No,No internet service,No internet service,No internet service,No internet service,No internet service,No internet service,Two year,No,Tarjeta de Credito,20.05,1102.4,No
RE-1320,Masculino,1,No,No,52,Si,Si,Fiber optic,No,Si,Si,Si,Si,Si,Month-to-month,Si,Cheque,110.75,5832,No
JO-4137,Femenino,0,No,No,50,Si,No,Fiber optic,No,No,Si,Si,No,Si,Two year,Si,Transferencia Bancaria,89.7,4304.5,No
ZB-9436,Masculino,0,No,No,14,Si,Si,Fiber optic,No,No,No,Si,Si,No,Month-to-month,Si,Cheque,89.95,1178.4,Si
CE-7801,Masculino,0,Si,No,27,Si,No,DSL,Si,No,No,No,No,No,One year,No,Tarjeta de Credito,48.7,1421.75,No
BO-2057,Femenino,1,Si,No,72,Si,Si,Fiber optic,Si,Si,Si,Si,No,No,Two year,Si,Transferencia Bancaria,96.6,6827.5,No
QQ-3658,Masculino,0,No,No,62,Si,No,DSL,Si,Si,No,No,Si,Si,One year,Si,Tarjeta de Credito,74.3,4698.05,No
BG-1803,Femenino,0,No,No,12,Si,No,DSL,No,Si,No,Si,No,No,Month-to-month,Si,Cheque,54.3,654.5,No
XW-0134,Femenino,1,No,No,44,Si,No,DSL,No,No,Si,Si,Si,Si,One year,No,Transferencia Bancaria,74.85,3268.05,No
TW-6950,Masculino,0,Si,Si,54,Si,No,Fiber optic,No,Si,No,Si,No,No,Two year,Si,Transferencia Bancaria,79.95,4362.05,No
FH-5848,Femenino,0,No,No,68,Si,No,No,No internet service,No internet service,No internet service,No internet service,No internet service,No internet service,Two year,No,Transferencia Bancaria,20.05,1386.9,No
FN-2243,Masculino,0,No,No,20,Si,No,No,No internet service,No internet service,No internet service,No internet service,No internet service,No internet service,Month-to-month,No,Deposito bancario,19.4,415.4,No
MO-2511,Masculino,0,Si,Si,50,Si,Si,DSL,No,No,Si,No,No,No,One year,No,Transferencia Bancaria,54.9,2614.1,No
KZ-5356,Masculino,0,No,No,58,Si,Si,No,No internet service,No internet service,No internet service,No internet service,No internet service,No internet service,Two year,Si,Tarjeta de Credito,24.45,1513.6,No
XC-9470,Masculino,0,Si,Si,35,Si,Si,Fiber optic,No,Si,No,No,Si,No,Month-to-month,Si,Transferencia Bancaria,89.65,3161.6,No
CF-6519,Femenino,0,No,No,2,Si,No,DSL,No,No,No,No,No,No,Month-to-month,Si,Cheque,45.4,80.95,No
MI-3902,Masculino,0,Si,Si,63,Si,Si,DSL,Si,No,Si,Si,No,Si,Two year,No,Deposito bancario,75.7,4676.7,No
WT-0409,Femenino,0,Si,No,58,Si,Si,Fiber optic,Si,Si,Si,No,Si,Si,One year,Si,Tarjeta de Credito,110.65,6526.65,No
KI-8763,Femenino,0,Si,Si,27,Si,No,No,No internet service,No internet service,No internet service,No internet service,No internet service,No internet service,One year,Si,Deposito bancario,20.55,583.3,No
WH-3669,Femenino,0,Si,No,71,Si,Si,Fiber optic,Si,Si,Si,Si,Si,Si,Two year,Si,Tarjeta de Credito,115.15,8078.1,No
VT-3055,Femenino,0,No,No,63,Si,No,DSL,No,No,Si,No,No,Si,One year,No,Tarjeta de Credito,58.55,3503.5,No
KM-3144,Masculino,0,Si,No,71,Si,Si,Fiber optic,No,Si,Si,No,No,Si,Month-to-month,Si,Transferencia Bancaria,93.25,6669.45,No
BU-7279,Femenino,1,No,No,41,Si,Si,Fiber optic,Si,Si,Si,No,Si,Si,Month-to-month,Si,Cheque,113.2,4689.5,Si
MH-7156,Masculino,1,No,No,13,Si,No,Fiber optic,No,No,No,No,Si,Si,Month-to-month,Si,Cheque,90.5,1201.15,Si
GL-7198,Masculino,0,No,No,2,Si,No,Fiber optic,No,No,No,No,Si,No,Month-to-month,No,Cheque,79,143.65,Si
QV-2007,Femenino,0,Si,Si,68,Si,No,No,No internet service,No internet service,No internet service,No internet service,No internet service,No internet service,Two year,Si,Transferencia Bancaria,19.35,1292.65,No
PL-5207,Masculino,0,Si,Si,1,Si,No,DSL,Si,No,No,No,No,No,Month-to-month,Si,Deposito bancario,48.75,48.75,No
FY-2307,Masculino,1,No,No,65,Si,Si,Fiber optic,Si,No,Si,Si,Si,Si,Two year,Si,Cheque,109.05,7108.2,No
XN-5605,Masculino,1,Si,No,72,Si,Si,No,No internet service,No internet service,No internet service,No internet service,No internet service,No internet service,Two year,Si,Transferencia Bancaria,25,1802.55,No
AM-2155,Femenino,0,No,No,28,Si,Si,DSL,No,No,No,Si,No,No,Month-to-month,Si,Tarjeta de Credito,54.9,1505.15,No
AX-6181,Masculino,0,Si,Si,72,Si,Si,No,No internet service,No internet service,No internet service,No internet service,No internet service,No internet service,Two year,No,Tarjeta de Credito,24.75,1859.1,No
HF-5091,Femenino,0,No,No,2,Si,No,Fiber optic,Si,Si,No,No,Si,No,Month-to-month,Si,Cheque,91.15,168.5,No
VR-0516,Femenino,0,No,Si,18,Si,No,No,No internet service,No internet service,No internet service,No internet service,No internet service,No internet service,One year,No,Transferencia Bancaria,20.15,390.85,Si
LB-2519,Masculino,1,Si,No,60,Si,Si,Fiber optic,No,Si,Si,No,Si,Si,One year,Si,Cheque,104.35,6339.45,No
UL-8623,Femenino,1,No,No,26,Si,Si,DSL,No,No,No,Si,No,Si,Month-to-month,Si,Cheque,66.05,1652.4,No
PE-8380,Masculino,0,No,Si,1,Si,No,Fiber optic,No,No,No,No,No,No,Month-to-month,Si,Cheque,71.65,71.65,Si
DK-5687,Femenino,0,No,No,4,Si,No,No,No internet service,No internet service,No internet service,No internet service,No internet service,No internet service,Month-to-month,No,Deposito bancario,20.35,77.5,Si
LJ-1568,Masculino,0,Si,Si,68,Si,Si,DSL,Si,Si,Si,Si,Si,Si,Two year,Si,Tarjeta de Credito,92.2,6392.85,No
HD-7530,Femenino,0,No,No,38,Si,No,Fiber optic,No,Si,Si,Si,No,No,Month-to-month,Si,Tarjeta de Credito,84.25,3264.5,Si
HK-7789,Femenino,1,Si,No,42,Si,Si,Fiber optic,Si,No,Si,No,Si,Si,One year,Si,Transferencia Bancaria,105.2,4599.15,No
CK-7416,Femenino,0,Si,No,57,Si,No,No,No internet service,No internet service,No internet service,No internet service,No internet service,No internet service,Two year,Si,Transferencia Bancaria,19.6,1134.25,No
CW-2586,Masculino,0,Si,No,54,No,No Servicio Telef nico,DSL,No,Si,No,No,No,No,Month-to-month,No,Cheque,30.4,1621.35,No
IZ-3096,Femenino,0,No,No,12,Si,No,Fiber optic,No,No,No,No,No,Si,Month-to-month,No,Transferencia Bancaria,78.1,947.3,Si
KC-2348,Femenino,0,Si,No,44,Si,No,DSL,Si,Si,Si,No,No,No,One year,Si,Deposito bancario,61.5,2722.2,No
EM-8401,Masculino,0,Si,Si,42,Si,Si,DSL,Si,Si,No,No,Si,No,Month-to-month,Si,Transferencia Bancaria,69.4,3058.3,No
IB-4193,Masculino,0,Si,Si,72,Si,Si,No,No internet service,No internet service,No internet service,No internet service,No internet service,No internet service,Two year,No,Transferencia Bancaria,24.75,1769.6,No
ND-5377,Femenino,0,Si,Si,71,Si,Si,DSL,Si,Si,Si,Si,Si,Si,Two year,No,Deposito bancario,91.05,6293.75,No
AB-5922,Femenino,0,Si,No,19,Si,Si,Fiber optic,No,No,Si,No,No,Si,Month-to-month,No,Deposito bancario,89.65,1761.05,Si
LC-2474,Femenino,0,Si,No,23,Si,Si,DSL,No,No,No,Si,Si,Si,Month-to-month,Si,Tarjeta de Credito,73.65,1642.75,No
QN-0839,Femenino,0,No,No,30,Si,No,No,No internet service,No internet service,No internet service,No internet service,No internet service,No internet service,Two year,No,Tarjeta de Credito,19.4,578.5,No
OV-3506,Masculino,0,No,No,35,Si,Si,No,No internet service,No internet service,No internet service,No internet service,No internet service,No internet service,One year,No,Transferencia Bancaria,26.2,954.9,No
AN-9172,Femenino,0,No,No,10,Si,Si,Fiber optic,Si,No,No,No,Si,Si,Month-to-month,Si,Cheque,98.7,973.25,Si
VJ-6650,Masculino,0,No,No,1,Si,No,DSL,No,No,No,No,No,No,Month-to-month,Si,Transferencia Bancaria,43.85,43.85,No
PM-2178,Masculino,0,No,No,22,Si,No,Fiber optic,No,No,No,No,No,No,Month-to-month,Si,Deposito bancario,69.7,1490.4,No
TA-7492,Masculino,0,Si,Si,7,No,No Servicio Telef nico,DSL,Si,Si,Si,No,No,No,Two year,No,Deposito bancario,38.55,280,No
MA-2773,Femenino,0,No,No,36,No,No Servicio Telef nico,DSL,Si,Si,Si,Si,No,Si,Two year,Si,Deposito bancario,53.1,1901.25,No
LV-6016,Femenino,0,Si,Si,34,Si,No,No,No internet service,No internet service,No internet service,No internet service,No internet service,No internet service,Month-to-month,No,Deposito bancario,20.65,716.4,No
KS-7860,Masculino,0,Si,Si,72,Si,Si,DSL,Si,Si,Si,No,No,No,Two year,No,Tarjeta de Credito,64.45,4720,No
KZ-8966,Masculino,0,Si,Si,36,Si,Si,No,No internet service,No internet service,No internet service,No internet service,No internet service,No internet service,Two year,No,Tarjeta de Credito,25.1,930.95,No
HA-6910,Femenino,0,No,No,1,Si,No,Fiber optic,No,No,Si,No,No,No,Month-to-month,No,Cheque,76.35,76.35,Si
LX-4816,Femenino,0,No,No,23,Si,Si,Fiber optic,No,Si,No,No,No,No,Month-to-month,Si,Cheque,79.15,1676.95,Si
PB-9606,Masculino,1,Si,No,32,Si,Si,Fiber optic,No,No,No,No,No,Si,Month-to-month,Si,Cheque,85,2642.05,Si
QY-5149,Femenino,0,Si,Si,71,Si,Si,Fiber optic,Si,Si,Si,Si,No,No,One year,Si,Tarjeta de Credito,95.15,6770.85,No
XY-2070,Femenino,1,No,No,23,Si,Si,Fiber optic,No,No,Si,No,No,No,Month-to-month,Si,Deposito bancario,79.35,1835.3,No
BO-2085,Masculino,0,Si,No,17,Si,No,Fiber optic,No,No,Si,No,Si,Si,One year,Si,Transferencia Bancaria,96.65,1588.25,No
HS-0817,Masculino,0,No,No,1,Si,No,DSL,No,No,Si,Si,Si,Si,Month-to-month,Si,Cheque,75.5,75.5,No
PP-5442,Masculino,0,Si,Si,12,Si,No,No,No internet service,No internet service,No internet service,No internet service,No internet service,No internet service,Two year,No,Deposito bancario,19.7,258.35,No
QE-1927,Femenino,0,Si,No,72,Si,No,No,No internet service,No internet service,No internet service,No internet service,No internet service,No internet service,Two year,No,Tarjeta de Credito,20.5,1502.25,No
MH-1663,Masculino,0,No,No,1,Si,No,No,No internet service,No internet service,No internet service,No internet service,No internet service,No internet service,Month-to-month,No,Deposito bancario,19.2,19.2,No
QB-5663,Masculino,1,Si,No,72,Si,Si,Fiber optic,No,Si,No,No,Si,Si,Two year,No,Transferencia Bancaria,98.35,6929.4,No
MD-4450,Masculino,0,Si,Si,60,Si,Si,Fiber optic,No,No,No,No,No,No,Month-to-month,No,Transferencia Bancaria,74.35,4453.3,No
DH-6701,Femenino,0,Si,Si,61,No,No Servicio Telef nico,DSL,No,Si,Si,Si,Si,No,Two year,No,Tarjeta de Credito,51.35,3244.4,No
AK-7554,Femenino,0,Si,No,6,Si,No,DSL,No,No,No,No,No,No,Month-to-month,No,Deposito bancario,45.65,323.45,No
IQ-3536,Masculino,1,Si,No,32,Si,Si,Fiber optic,No,No,No,No,No,Si,Month-to-month,No,Cheque,85.3,2661.1,Si
BA-4911,Femenino,0,No,Si,31,Si,Si,Fiber optic,No,No,No,No,Si,No,Month-to-month,Si,Tarjeta de Credito,86.55,2697.4,Si
EJ-8496,Masculino,0,No,No,19,Si,No,Fiber optic,No,Si,No,No,No,No,Month-to-month,Si,Tarjeta de Credito,73.85,1424.5,Si
YV-0794,Masculino,0,Si,Si,72,Si,No,No,No internet service,No internet service,No internet service,No internet service,No internet service,No internet service,Two year,No,Transferencia Bancaria,20.3,1401.15,No
BH-5423,Femenino,0,No,No,32,Si,Si,DSL,No,Si,No,No,No,No,Month-to-month,Si,Cheque,54.2,1739.6,No
VV-6908,Masculino,0,Si,No,65,Si,Si,Fiber optic,No,Si,No,No,No,Si,Month-to-month,Si,Cheque,90.65,5931,No
EE-2959,Femenino,0,Si,Si,45,No,No Servicio Telef nico,DSL,Si,No,No,No,Si,Si,Month-to-month,Si,Transferencia Bancaria,50.9,2333.85,No
UM-1839,Masculino,0,No,No,42,Si,Si,No,No internet service,No internet service,No internet service,No internet service,No internet service,No internet service,One year,No,Cheque,25.05,949.85,No
YD-3030,Masculino,0,No,No,8,Si,Si,Fiber optic,No,No,No,No,No,No,Month-to-month,Si,Cheque,74.85,572.45,No
KK-7321,Masculino,0,No,Si,32,Si,No,No,No internet service,No internet service,No internet service,No internet service,No internet service,No internet service,Two year,No,Deposito bancario,20.5,696.8,No
XR-3402,Femenino,1,Si,No,22,Si,Si,DSL,Si,Si,No,Si,No,No,Month-to-month,Si,Deposito bancario,63.55,1381.8,No
TV-3132,Masculino,1,Si,No,57,No,No Servicio Telef nico,DSL,No,No,No,No,Si,Si,Month-to-month,Si,Cheque,44.85,2572.95,Si
AF-8286,Masculino,0,No,No,1,Si,No,DSL,Si,No,No,No,No,No,Month-to-month,No,Cheque,47.95,47.95,No
DD-8080,Masculino,1,No,No,1,Si,No,DSL,No,No,No,No,No,No,Month-to-month,No,Cheque,45.1,45.1,Si
WU-8356,Femenino,0,Si,No,1,Si,No,DSL,No,No,No,No,No,No,Month-to-month,Si,Cheque,45,45,No
MT-6365,Masculino,0,No,No,24,Si,No,Fiber optic,No,No,No,Si,Si,Si,Month-to-month,Si,Cheque,96,2122.45,Si
WX-1349,Masculino,0,No,No,1,Si,No,No,No internet service,No internet service,No internet service,No internet service,No internet service,No internet service,Month-to-month,No,Transferencia Bancaria,20.05,20.05,Si
DM-8058,Masculino,1,No,No,54,Si,Si,Fiber optic,No,Si,No,No,No,Si,Month-to-month,Si,Cheque,90.05,4931.8,No
ZX-9350,Femenino,0,No,No,4,Si,Si,No,No internet service,No internet service,No internet service,No internet service,No internet service,No internet service,Two year,Si,Tarjeta de Credito,25.3,116.95,No
YN-6990,Masculino,0,Si,Si,65,Si,Si,Fiber optic,Si,No,Si,Si,Si,Si,Two year,No,Transferencia Bancaria,108.65,6937.95,Si
JP-8958,Femenino,0,Si,No,56,Si,Si,No,No internet service,No internet service,No internet service,No internet service,No internet service,No internet service,One year,No,Cheque,24.3,1261.7,No
GQ-6959,Masculino,0,No,No,45,Si,No,DSL,Si,No,Si,No,Si,Si,Month-to-month,Si,Cheque,75.95,3273.8,No
WS-3173,Femenino,0,Si,Si,71,Si,No,No,No internet service,No internet service,No internet service,No internet service,No internet service,No internet service,Two year,No,Tarjeta de Credito,19.7,1415.85,No
HV-1265,Masculino,0,Si,No,59,Si,No,DSL,Si,Si,Si,No,Si,No,One year,No,Tarjeta de Credito,66.4,3958.2,No
UM-4115,Masculino,0,No,No,69,No,No Servicio Telef nico,DSL,No,Si,Si,No,No,No,One year,Si,Transferencia Bancaria,35.75,2492.25,No
TR-7369,Masculino,0,No,No,19,Si,No,No,No internet service,No internet service,No internet service,No internet service,No internet service,No internet service,One year,No,Deposito bancario,18.8,279.2,No
KF-1098,Femenino,0,Si,Si,55,Si,No,No,No internet service,No internet service,No internet service,No internet service,No internet service,No internet service,Two year,No,Tarjeta de Credito,19.4,1083,No
XH-7190,Femenino,0,No,No,38,Si,No,No,No internet service,No internet service,No internet service,No internet service,No internet service,No internet service,One year,No,Deposito bancario,19.3,755.5,No
TW-0621,Masculino,0,No,No,10,Si,No,DSL,No,No,No,No,No,No,Month-to-month,Si,Cheque,45.55,402.6,Si
RY-3537,Femenino,1,Si,No,47,Si,Si,DSL,Si,Si,Si,No,No,No,Month-to-month,Si,Tarjeta de Credito,67.45,3252,No
IT-2485,Femenino,0,Si,No,2,No,No Servicio Telef nico,DSL,No,No,No,No,No,Si,Month-to-month,Si,Cheque,35.1,68.75,Si
OY-3669,Masculino,0,No,No,1,Si,No,DSL,No,No,No,No,No,No,Month-to-month,No,Tarjeta de Credito,46.2,46.2,Si
EO-1612,Femenino,0,No,No,1,Si,No,DSL,No,No,No,No,No,No,Month-to-month,No,Cheque,45.15,45.15,Si
OH-6702,Masculino,1,No,No,1,No,No Servicio Telef nico,DSL,No,Si,Si,No,No,Si,Month-to-month,Si,Cheque,43.3,43.3,Si
BF-5296,Masculino,0,Si,Si,46,Si,No,No,No internet service,No internet service,No internet service,No internet service,No internet service,No internet service,Two year,Si,Deposito bancario,20.1,936.85,No
PY-4510,Femenino,1,No,No,38,Si,No,DSL,Si,Si,No,No,No,No,Month-to-month,Si,Tarjeta de Credito,57.15,2250.65,Si
JA-9359,Femenino,0,Si,No,65,Si,No,DSL,Si,No,Si,Si,No,No,Two year,No,Tarjeta de Credito,58.9,3857.1,No
SA-7517,Femenino,0,Si,No,19,Si,No,Fiber optic,Si,No,No,No,No,No,Month-to-month,Si,Cheque,73.2,1441.1,Si
HH-4143,Masculino,0,No,No,52,Si,No,Fiber optic,No,Si,No,No,No,Si,Month-to-month,Si,Cheque,85.35,4338.6,Si
DY-3279,Masculino,0,Si,Si,71,Si,No,No,No internet service,No internet service,No internet service,No internet service,No internet service,No internet service,Two year,No,Deposito bancario,19.45,1378.45,No
LG-7054,Femenino,0,No,No,1,Si,No,DSL,No,No,No,No,No,No,Month-to-month,No,Deposito bancario,45.95,45.95,Si
VN-0523,Femenino,1,No,No,52,No,No Servicio Telef nico,DSL,No,Si,Si,Si,Si,No,Month-to-month,Si,Cheque,50.5,2566.3,No
IW-9575,Masculino,0,Si,No,6,Si,Si,No,No internet service,No internet service,No internet service,No internet service,No internet service,No internet service,One year,No,Deposito bancario,25.1,171,No
MX-7105,Femenino,1,Si,No,26,Si,No,DSL,No,No,Si,No,No,Si,One year,No,Deposito bancario,60.7,1597.4,No
FR-7064,Masculino,1,No,No,48,Si,Si,Fiber optic,No,Si,No,No,Si,Si,One year,Si,Cheque,99,4744.35,No
UQ-7940,Femenino,0,Si,Si,64,Si,Si,Fiber optic,Si,No,No,Si,Si,Si,One year,Si,Transferencia Bancaria,104.4,6721.6,No
PN-0923,Femenino,0,No,No,3,Si,No,Fiber optic,No,Si,No,No,Si,No,Month-to-month,No,Cheque,83.75,247.25,Si
SX-3961,Masculino,0,No,No,1,Si,No,DSL,No,No,No,No,No,No,Month-to-month,Si,Transferencia Bancaria,44.05,44.05,No
BR-7010,Masculino,0,Si,Si,72,Si,Si,No,No internet service,No internet service,No internet service,No internet service,No internet service,No internet service,Two year,No,Tarjeta de Credito,24.1,1734.65,No
HJ-3566,Masculino,0,No,No,1,Si,No,DSL,No,No,No,No,No,No,Month-to-month,Si,Deposito bancario,45.55,45.55,No
IC-3062,Femenino,0,Si,Si,51,Si,Si,Fiber optic,Si,Si,No,No,No,Si,Month-to-month,Si,Cheque,93.8,4539.35,No
PR-9938,Femenino,0,Si,Si,41,Si,No,No,No internet service,No internet service,No internet service,No internet service,No internet service,No internet service,Two year,No,Transferencia Bancaria,19.7,804.25,No
KY-0973,Femenino,0,Si,Si,72,Si,No,DSL,Si,Si,Si,No,Si,No,Two year,Si,Tarjeta de Credito,70.65,5011.15,No
HH-5129,Femenino,0,Si,No,43,Si,Si,DSL,Si,Si,No,Si,Si,Si,Two year,No,Tarjeta de Credito,86.45,3574.5,No
CD-9637,Masculino,0,Si,No,72,Si,Si,Fiber optic,Si,Si,Si,Si,Si,Si,Two year,Si,Tarjeta de Credito,114.1,8086.4,No
JE-3946,Masculino,0,Si,No,47,Si,Si,Fiber optic,No,No,No,No,Si,Si,One year,Si,Tarjeta de Credito,95.2,4563,No
CV-7873,Masculino,0,No,No,72,Si,Si,DSL,Si,Si,Si,Si,Si,Si,Two year,No,Tarjeta de Credito,88.55,6362.35,No
WZ-0463,Masculino,0,No,No,3,Si,No,No,No internet service,No internet service,No internet service,No internet service,No internet service,No internet service,Month-to-month,Si,Tarjeta de Credito,20.75,67.1,No
JC-3494,Masculino,0,No,No,1,Si,No,Fiber optic,No,No,No,No,No,No,Month-to-month,Si,Cheque,70.05,70.05,Si
FV-6474,Masculino,0,No,No,2,Si,Si,Fiber optic,No,No,No,No,No,Si,Month-to-month,Si,Cheque,86,165.45,Si
QC-4524,Masculino,0,No,No,26,No,No Servicio Telef nico,DSL,Si,Si,No,No,No,Si,Month-to-month,Si,Transferencia Bancaria,44.65,1156.55,No
EX-5832,Masculino,0,Si,Si,29,Si,No,DSL,Si,No,No,No,No,Si,Month-to-month,Si,Deposito bancario,60.2,1834.15,No
DQ-8840,Femenino,1,Si,No,35,Si,Si,Fiber optic,Si,Si,No,Si,Si,No,Month-to-month,Si,Transferencia Bancaria,100.5,3653.35,Si
JO-2039,Masculino,0,No,No,27,Si,No,DSL,Si,Si,No,No,No,No,One year,No,Transferencia Bancaria,55.45,1477.65,No
JY-7217,Masculino,0,Si,Si,24,Si,No,DSL,Si,Si,No,Si,No,Si,Month-to-month,Si,Tarjeta de Credito,70.3,1706.45,No
FR-6695,Masculino,0,Si,Si,67,Si,No,DSL,Si,No,Si,Si,No,No,Two year,Si,Transferencia Bancaria,60.4,3953.7,No
LY-4547,Femenino,0,No,No,16,Si,Si,Fiber optic,No,No,No,No,No,No,Month-to-month,No,Cheque,72.65,1194.3,Si
QM-9894,Femenino,0,No,No,23,Si,No,DSL,No,Si,Si,No,No,No,One year,No,Transferencia Bancaria,55.8,1327.85,No
YQ-8069,Masculino,0,No,No,14,No,No Servicio Telef nico,DSL,No,Si,No,No,No,No,Month-to-month,Si,Deposito bancario,31.1,419.7,No
XU-6770,Femenino,0,Si,Si,1,Si,No,No,No internet service,No internet service,No internet service,No internet service,No internet service,No internet service,Month-to-month,Si,Cheque,21,21,Si
OR-4193,Femenino,1,No,No,1,Si,No,DSL,No,No,No,No,No,No,Month-to-month,No,Deposito bancario,45.1,45.1,Si
NT-1636,Masculino,1,No,No,4,No,No Servicio Telef nico,DSL,No,Si,No,No,Si,Si,Month-to-month,Si,Tarjeta de Credito,50.95,207.35,No
WA-3466,Masculino,0,No,Si,16,Si,Si,DSL,Si,Si,No,No,No,Si,Month-to-month,Si,Cheque,69.1,1083.7,No
PK-9281,Femenino,0,Si,No,46,No,No Servicio Telef nico,DSL,No,No,No,No,Si,Si,Month-to-month,Si,Cheque,43.95,2007.85,No
VB-3638,Masculino,0,No,Si,68,Si,Si,DSL,Si,Si,No,Si,Si,Si,Two year,Si,Transferencia Bancaria,86.5,5882.75,No
IM-7459,Masculino,0,No,No,38,Si,Si,DSL,Si,Si,Si,Si,No,No,Month-to-month,No,Cheque,69.95,2657.55,No
QW-7776,Masculino,1,Si,No,30,Si,No,DSL,No,Si,No,No,No,No,Month-to-month,Si,Transferencia Bancaria,50.4,1527.5,Si
TC-6689,Femenino,1,No,No,5,Si,No,Fiber optic,No,No,No,No,No,Si,Month-to-month,No,Cheque,78.95,378.4,Si
OY-8563,Masculino,0,No,No,17,Si,No,Fiber optic,No,Si,Si,No,No,Si,Month-to-month,Si,Tarjeta de Credito,90.95,1612.2,No
EE-0754,Masculino,0,Si,Si,4,Si,No,No,No internet service,No internet service,No internet service,No internet service,No internet service,No internet service,Two year,No,Deposito bancario,19.9,76.65,No
ZP-5777,Femenino,0,No,No,12,Si,No,No,No internet service,No internet service,No internet service,No internet service,No internet service,No internet service,One year,No,Cheque,20.15,260.7,No
IE-1951,Masculino,0,Si,Si,72,Si,Si,DSL,Si,Si,Si,Si,Si,Si,Two year,Si,Tarjeta de Credito,90.6,6441.85,No
NM-3318,Masculino,0,No,No,3,Si,No,Fiber optic,No,No,No,No,Si,Si,Month-to-month,Si,Cheque,92,266.8,No
IL-3143,Masculino,0,No,No,56,Si,Si,Fiber optic,No,Si,No,Si,No,Si,Month-to-month,Si,Cheque,94.45,5124.6,Si
RK-1022,Femenino,0,No,No,41,Si,Si,No,No internet service,No internet service,No internet service,No internet service,No internet service,No internet service,One year,Si,Deposito bancario,24.85,962.25,No
FJ-2361,Masculino,0,No,No,40,No,No Servicio Telef nico,DSL,No,Si,No,Si,No,No,One year,No,Tarjeta de Credito,36,1382.9,No
UO-2272,Femenino,0,No,No,7,Si,No,DSL,Si,Si,No,Si,Si,Si,Month-to-month,Si,Cheque,78.5,571.05,No
UT-8232,Masculino,0,No,No,69,Si,No,No,No internet service,No internet service,No internet service,No internet service,No internet service,No internet service,Two year,No,Tarjeta de Credito,19.95,1399.35,No
YH-3750,Masculino,0,Si,Si,7,Si,No,No,No internet service,No internet service,No internet service,No internet service,No internet service,No internet service,One year,No,Deposito bancario,20.65,150,No
KY-6637,Femenino,0,Si,Si,5,No,No Servicio Telef nico,DSL,No,Si,No,No,No,No,Month-to-month,Si,Cheque,30.5,167.2,No
ME-5668,Femenino,0,Si,Si,72,Si,Si,Fiber optic,Si,Si,Si,Si,Si,No,Two year,No,Tarjeta de Credito,106.1,7657.4,No
QM-0129,Masculino,0,Si,Si,44,Si,No,No,No internet service,No internet service,No internet service,No internet service,No internet service,No internet service,One year,Si,Transferencia Bancaria,20.5,865.05,No
CB-7188,Femenino,0,No,No,65,Si,Si,Fiber optic,No,Si,Si,No,Si,No,One year,Si,Cheque,95.5,6153.85,No
CS-5356,Femenino,0,No,No,3,Si,Si,DSL,No,No,No,Si,Si,No,Month-to-month,No,Cheque,64.6,174.2,No
CJ-3221,Masculino,0,No,No,24,Si,No,DSL,No,No,No,Si,No,No,Month-to-month,Si,Tarjeta de Credito,51.1,1269.6,No
VS-4720,Femenino,0,No,No,44,Si,Si,Fiber optic,No,Si,Si,No,No,No,Month-to-month,Si,Transferencia Bancaria,84.8,3862.55,Si
JQ-3219,Femenino,1,Si,No,72,Si,Si,DSL,Si,Si,Si,Si,Si,Si,Two year,No,Tarjeta de Credito,89.1,6352.4,No
NI-2801,Masculino,0,No,No,24,Si,No,DSL,Si,No,No,Si,No,No,Month-to-month,No,Cheque,54.95,1348.5,No
MH-3946,Masculino,0,No,No,1,Si,No,DSL,No,No,Si,No,No,No,Month-to-month,No,Deposito bancario,50.9,50.9,Si
ZK-4623,Masculino,0,Si,No,22,Si,No,No,No internet service,No internet service,No internet service,No internet service,No internet service,No internet service,Month-to-month,Si,Transferencia Bancaria,20.45,471.55,No
VA-6732,Masculino,0,Si,Si,70,Si,Si,DSL,No,Si,Si,Si,Si,Si,Two year,Si,Tarjeta de Credito,85.95,5931.75,No
AA-8201,Masculino,0,Si,Si,25,Si,Si,DSL,No,No,No,No,Si,No,Month-to-month,No,Cheque,60.35,1404.65,No
CF-7696,Masculino,0,Si,Si,37,Si,No,No,No internet service,No internet service,No internet service,No internet service,No internet service,No internet service,Two year,No,Transferencia Bancaria,19.8,726.1,No
CS-1845,Femenino,1,Si,Si,22,Si,Si,Fiber optic,No,No,No,No,Si,No,Month-to-month,No,Transferencia Bancaria,85.35,1961.6,No
VS-2123,Femenino,0,Si,Si,59,Si,Si,DSL,No,No,Si,Si,Si,No,Two year,Si,Transferencia Bancaria,72.1,4194.85,No
AZ-6651,Masculino,0,Si,Si,49,Si,Si,Fiber optic,No,No,Si,No,Si,Si,Month-to-month,Si,Cheque,99.8,4872.45,Si
GO-4566,Masculino,0,Si,Si,47,Si,Si,Fiber optic,No,No,Si,Si,Si,Si,Month-to-month,Si,Transferencia Bancaria,107.35,5118.95,Si
DG-2484,Femenino,0,Si,Si,31,Si,No,No,No internet service,No internet service,No internet service,No internet service,No internet service,No internet service,Month-to-month,Si,Deposito bancario,19.55,658.95,Si
QK-2018,Masculino,0,Si,Si,1,Si,No,Fiber optic,No,No,No,No,No,Si,Month-to-month,Si,Cheque,81.05,81.05,No
VP-2792,Masculino,0,No,No,3,Si,No,No,No internet service,No internet service,No internet service,No internet service,No internet service,No internet service,Month-to-month,Si,Cheque,20.5,76.95,No
JU-7409,Femenino,0,Si,No,53,Si,Si,Fiber optic,No,Si,Si,Si,Si,Si,One year,Si,Transferencia Bancaria,111.8,5809.75,No
MH-3247,Masculino,0,No,No,1,Si,No,No,No internet service,No internet service,No internet service,No internet service,No internet service,No internet service,Month-to-month,No,Deposito bancario,20.2,20.2,No
SV-1964,Masculino,0,No,No,20,Si,No,No,No internet service,No internet service,No internet service,No internet service,No internet service,No internet service,One year,Si,Deposito bancario,19.7,415.9,No
NU-4587,Femenino,0,No,No,3,Si,No,Fiber optic,Si,Si,No,No,No,No,Month-to-month,Si,Cheque,79.1,246.5,Si
DV-7297,Femenino,0,No,No,51,Si,No,No,No internet service,No internet service,No internet service,No internet service,No internet service,No internet service,One year,Si,Transferencia Bancaria,19.85,996.95,No
CG-2239,Femenino,0,Si,No,51,Si,No,DSL,Si,Si,No,Si,No,No,One year,Si,Transferencia Bancaria,60.5,3145.15,No
UY-0854,Femenino,0,Si,Si,13,Si,No,No,No internet service,No internet service,No internet service,No internet service,No internet service,No internet service,Two year,No,Deposito bancario,19.55,265.3,No
LC-7243,Femenino,0,No,No,1,Si,No,No,No internet service,No internet service,No internet service,No internet service,No internet service,No internet service,Month-to-month,No,Deposito bancario,20.9,20.9,No
KF-8267,Masculino,0,No,Si,1,Si,No,No,No internet service,No internet service,No internet service,No internet service,No internet service,No internet service,Month-to-month,Si,Deposito bancario,21.05,21.05,No
VM-4890,Masculino,0,No,No,63,Si,Si,DSL,Si,Si,Si,Si,No,No,One year,No,Cheque,71.5,4576.3,No
WD-9261,Masculino,0,No,No,3,Si,No,DSL,No,No,No,No,No,Si,Month-to-month,No,Deposito bancario,54.65,189.1,No
MN-3764,Masculino,0,No,No,46,Si,No,No,No internet service,No internet service,No internet service,No internet service,No internet service,No internet service,Two year,No,Tarjeta de Credito,19.2,908.15,No
YG-7442,Masculino,0,No,No,1,Si,Si,DSL,No,No,No,No,No,No,Month-to-month,Si,Tarjeta de Credito,49.8,49.8,No
BW-0420,Masculino,0,No,Si,8,No,No Servicio Telef nico,DSL,No,No,No,No,No,No,Month-to-month,No,Deposito bancario,25.5,215.2,Si
BU-8229,Femenino,0,Si,Si,71,Si,No,No,No internet service,No internet service,No internet service,No internet service,No internet service,No internet service,Two year,No,Transferencia Bancaria,20.5,1500.95,No
HV-7449,Masculino,0,Si,Si,55,Si,Si,Fiber optic,No,No,Si,No,Si,No,Month-to-month,Si,Tarjeta de Credito,90.4,5099.15,No
WS-5504,Femenino,0,No,No,70,Si,Si,Fiber optic,No,Si,Si,Si,No,No,One year,Si,Transferencia Bancaria,90.25,6385.95,No
ON-8183,Femenino,0,No,No,2,Si,No,Fiber optic,No,No,No,No,No,Si,Month-to-month,No,Cheque,80.75,159.45,Si
PZ-8466,Masculino,0,Si,Si,67,Si,Si,Fiber optic,Si,No,No,Si,Si,Si,Two year,No,Transferencia Bancaria,104.6,6885.75,No
RM-9614,Masculino,0,Si,No,65,Si,Si,Fiber optic,No,Si,No,No,Si,No,Month-to-month,Si,Transferencia Bancaria,91.85,5940.85,Si
IJ-8735,Masculino,0,Si,No,14,Si,No,DSL,No,No,Si,No,No,No,Month-to-month,No,Tarjeta de Credito,50.2,668.85,No
MU-0564,Femenino,0,Si,Si,20,Si,Si,Fiber optic,No,No,Si,Si,No,Si,Month-to-month,Si,Transferencia Bancaria,95.5,1916.2,No
IE-5054,Masculino,0,No,Si,1,Si,No,Fiber optic,No,Si,No,No,No,No,Month-to-month,Si,Cheque,75.35,75.35,Si
AS-5834,Masculino,0,No,No,1,Si,Si,Fiber optic,No,No,No,No,No,No,Month-to-month,Si,Cheque,75.45,75.45,Si
RF-0701,Femenino,0,Si,Si,49,Si,Si,Fiber optic,No,No,No,No,Si,Si,Month-to-month,Si,Transferencia Bancaria,95.4,4613.95,No
EF-0019,Femenino,0,No,No,72,Si,Si,Fiber optic,Si,Si,Si,No,Si,No,Two year,Si,Transferencia Bancaria,101.3,7261.25,No
PT-5619,Femenino,0,Si,No,46,Si,Si,DSL,Si,No,No,No,No,No,Month-to-month,No,Cheque,53.1,2459.8,No
XB-3737,Masculino,0,No,No,24,Si,Si,Fiber optic,No,Si,Si,No,No,No,Month-to-month,Si,Transferencia Bancaria,84.85,2048.8,No
CM-5882,Femenino,0,Si,Si,5,No,No Servicio Telef nico,DSL,No,Si,No,Si,No,No,Month-to-month,No,Cheque,34.25,163.55,No
QF-5846,Femenino,0,Si,Si,33,Si,Si,Fiber optic,No,Si,Si,Si,No,No,Month-to-month,No,Tarjeta de Credito,88.6,2888.7,No
KW-4445,Femenino,0,No,No,42,Si,Si,DSL,Si,Si,No,No,No,No,One year,Si,Transferencia Bancaria,60.15,2421.6,No
AP-3511,Masculino,0,No,No,23,Si,No,Fiber optic,Si,No,Si,No,Si,Si,One year,Si,Tarjeta de Credito,99.95,2292.75,No
HY-7967,Masculino,0,No,No,8,Si,No,Fiber optic,No,No,No,No,No,No,Month-to-month,No,Transferencia Bancaria,70.7,553.4,No
RR-2430,Masculino,0,No,No,66,Si,No,DSL,Si,Si,No,No,No,No,One year,Si,Deposito bancario,54.8,3465.7,No
XH-3948,Masculino,0,No,No,24,Si,No,DSL,Si,No,No,No,No,No,Month-to-month,Si,Transferencia Bancaria,49.55,1210.4,Si
BF-3723,Masculino,1,No,No,24,Si,Si,DSL,No,Si,No,No,No,No,Month-to-month,No,Tarjeta de Credito,54.8,1291.3,No
IY-0565,Masculino,0,No,No,69,Si,Si,DSL,Si,Si,Si,Si,No,Si,One year,Si,Tarjeta de Credito,78.6,5356.45,Si
WZ-5447,Femenino,0,No,No,53,Si,No,Fiber optic,No,Si,Si,No,Si,Si,One year,Si,Deposito bancario,100.3,5200.8,No
CH-5110,Femenino,0,No,No,60,No,No Servicio Telef nico,DSL,Si,No,Si,No,Si,Si,Two year,No,Cheque,53.6,3237.05,No
UT-5445,Femenino,0,Si,No,7,Si,No,Fiber optic,No,No,No,No,Si,No,Month-to-month,Si,Cheque,81.1,576.65,Si
OW-4425,Femenino,0,No,No,20,Si,No,No,No internet service,No internet service,No internet service,No internet service,No internet service,No internet service,One year,Si,Tarjeta de Credito,19.35,433.75,No
QV-7892,Femenino,0,Si,Si,23,Si,Si,Fiber optic,No,No,No,No,No,Si,Month-to-month,No,Cheque,85.6,1868.4,No
IC-9675,Masculino,0,Si,Si,72,Si,No,DSL,Si,No,Si,Si,Si,Si,Two year,Si,Cheque,80.8,5728.55,No
VR-1024,Masculino,0,Si,No,11,Si,Si,Fiber optic,No,No,No,No,No,No,Month-to-month,Si,Cheque,74.95,825.7,Si
MQ-4703,Masculino,0,No,No,21,Si,No,No,No internet service,No internet service,No internet service,No internet service,No internet service,No internet service,Two year,No,Deposito bancario,19.6,390.4,No
QC-9497,Masculino,1,No,No,1,Si,Si,Fiber optic,No,No,No,No,Si,Si,Month-to-month,Si,Cheque,93.55,93.55,Si
IC-5692,Masculino,1,No,No,31,Si,Si,Fiber optic,No,Si,No,No,Si,No,Month-to-month,Si,Cheque,90.7,2845.15,No
DD-0602,Femenino,0,No,No,57,Si,No,DSL,No,Si,Si,Si,Si,No,Two year,No,Deposito bancario,69.75,3894.4,No
MP-2208,Femenino,0,Si,Si,45,Si,No,No,No internet service,No internet service,No internet service,No internet service,No internet service,No internet service,Two year,Si,Transferencia Bancaria,20,886.4,No
UY-1960,Masculino,0,No,No,10,Si,Si,Fiber optic,No,Si,Si,No,No,Si,Month-to-month,Si,Cheque,95.25,1021.55,No
SD-0348,Femenino,0,Si,No,58,Si,Si,Fiber optic,No,No,Si,Si,Si,Si,Month-to-month,Si,Tarjeta de Credito,102.1,5885.4,Si
FZ-3190,Masculino,0,No,Si,14,Si,No,No,No internet service,No internet service,No internet service,No internet service,No internet service,No internet service,Month-to-month,No,Deposito bancario,19.95,268.4,No
RL-7336,Masculino,0,Si,No,27,Si,Si,DSL,Si,No,No,Si,Si,Si,One year,No,Deposito bancario,80.85,2204.35,No
MA-4373,Femenino,0,Si,Si,14,Si,Si,Fiber optic,No,Si,No,No,No,Si,Month-to-month,Si,Transferencia Bancaria,90.9,1259,Si
HJ-8901,Femenino,0,Si,Si,12,No,No Servicio Telef nico,DSL,No,Si,No,No,No,No,Month-to-month,No,Deposito bancario,29.2,309.1,Si
JS-7710,Femenino,0,Si,Si,69,Si,Si,Fiber optic,No,Si,No,Si,No,Si,Two year,Si,Transferencia Bancaria,93.3,6398.05,No
KL-5419,Femenino,0,Si,Si,25,Si,No,Fiber optic,No,Si,Si,No,Si,No,Month-to-month,Si,Transferencia Bancaria,89.15,2257.75,Si
NM-3424,Masculino,1,Si,No,58,Si,Si,Fiber optic,Si,Si,Si,No,Si,Si,One year,Si,Cheque,108.85,6287.25,Si
MF-9885,Femenino,0,Si,Si,35,No,No Servicio Telef nico,DSL,Si,No,No,Si,Si,No,Two year,Si,Tarjeta de Credito,46.35,1662.05,No
GF-4514,Femenino,1,No,No,16,Si,Si,Fiber optic,No,No,No,No,Si,No,Month-to-month,Si,Cheque,84.75,1350.15,Si
MV-0607,Masculino,0,Si,Si,45,Si,Si,DSL,No,Si,Si,No,Si,Si,One year,No,Tarjeta de Credito,78.75,3600.65,No
SA-3365,Femenino,0,No,No,17,Si,No,Fiber optic,No,Si,No,No,Si,No,Month-to-month,Si,Cheque,83.55,1329.15,No
AO-9828,Femenino,0,Si,Si,1,Si,No,DSL,No,No,No,No,No,No,Month-to-month,Si,Cheque,45.7,45.7,Si
BE-8022,Masculino,0,No,No,22,Si,No,No,No internet service,No internet service,No internet service,No internet service,No internet service,No internet service,One year,No,Deposito bancario,19.6,422.5,No
RE-8000,Femenino,1,No,No,1,Si,No,Fiber optic,No,No,No,No,No,No,Month-to-month,Si,Cheque,69.95,69.95,Si
LH-9993,Masculino,0,Si,Si,67,Si,No,DSL,Si,No,Si,Si,No,Si,Two year,No,Deposito bancario,67.85,4627.65,No
CL-0266,Femenino,0,Si,Si,67,Si,Si,Fiber optic,No,No,Si,Si,Si,Si,Two year,Si,Transferencia Bancaria,105.65,6717.9,No
ES-7615,Femenino,0,Si,No,2,No,No Servicio Telef nico,DSL,No,No,No,No,Si,Si,Month-to-month,No,Cheque,44.6,97.1,Si
VO-3858,Masculino,0,No,No,23,Si,Si,Fiber optic,No,No,No,No,No,No,Month-to-month,Si,Cheque,74.95,1710.45,Si
OZ-7020,Femenino,1,No,No,9,Si,No,Fiber optic,No,No,Si,No,No,No,Month-to-month,No,Tarjeta de Credito,75.5,637.4,No
QC-3977,Femenino,0,No,No,5,Si,No,No,No internet service,No internet service,No internet service,No internet service,No internet service,No internet service,Month-to-month,No,Deposito bancario,20.15,117.95,No
DI-0017,Masculino,0,No,No,54,No,No Servicio Telef nico,DSL,Si,No,No,Si,Si,No,Two year,No,Tarjeta de Credito,45.2,2460.55,No
PJ-1447,Femenino,0,No,No,57,Si,No,Fiber optic,No,No,Si,No,Si,Si,Two year,Si,Cheque,95.25,5464.65,Si
CL-8565,Masculino,0,No,No,24,Si,Si,Fiber optic,No,No,Si,No,Si,No,Month-to-month,Si,Deposito bancario,89.85,2165.05,Si
WQ-9139,Femenino,0,Si,Si,49,Si,Si,Fiber optic,No,Si,No,No,Si,Si,One year,No,Deposito bancario,100.45,4941.8,Si
HJ-0224,Masculino,0,No,No,5,Si,Si,DSL,No,No,No,No,No,No,Month-to-month,No,Cheque,47.15,223.15,Si
OV-8086,Masculino,0,No,No,2,Si,No,Fiber optic,No,No,No,No,No,Si,Month-to-month,Si,Cheque,80.2,181.1,Si
FR-9430,Femenino,0,No,Si,4,Si,Si,Fiber optic,No,No,Si,Si,No,No,Month-to-month,Si,Deposito bancario,87.1,341.45,Si
OP-7639,Masculino,0,Si,Si,70,Si,Si,DSL,Si,Si,Si,Si,Si,No,Two year,Si,Transferencia Bancaria,79.25,5731.85,No
GQ-3074,Masculino,0,No,No,5,Si,Si,Fiber optic,No,No,No,No,No,No,Month-to-month,Si,Transferencia Bancaria,75.9,357.75,Si
QG-1492,Masculino,0,Si,Si,53,Si,Si,DSL,Si,No,Si,Si,Si,Si,Month-to-month,No,Cheque,85.7,4616.1,No
RG-6845,Femenino,0,Si,No,47,Si,Si,Fiber optic,Si,Si,Si,No,Si,No,Month-to-month,Si,Cheque,98.75,4533.7,Si
OW-7328,Femenino,0,No,Si,31,Si,No,No,No internet service,No internet service,No internet service,No internet service,No internet service,No internet service,One year,No,Tarjeta de Credito,20.1,589.25,No
LZ-4418,Masculino,0,Si,Si,13,Si,No,DSL,No,Si,Si,Si,No,No,Month-to-month,No,Transferencia Bancaria,61.8,750.1,No
AZ-5155,Femenino,0,Si,Si,28,Si,Si,DSL,No,No,No,No,No,No,Month-to-month,No,Deposito bancario,49.9,1410.25,No
HG-8861,Femenino,0,No,No,10,Si,Si,Fiber optic,No,No,No,No,No,Si,Month-to-month,No,Cheque,86.45,830.85,Si
GR-1087,Masculino,0,Si,No,38,Si,No,No,No internet service,No internet service,No internet service,No internet service,No internet service,No internet service,Two year,No,Transferencia Bancaria,20.4,743.5,No
YU-7065,Femenino,0,No,No,1,Si,No,DSL,No,No,No,No,No,No,Month-to-month,Si,Deposito bancario,45.3,45.3,Si
VL-7694,Masculino,0,Si,No,67,Si,Si,Fiber optic,No,Si,Si,No,Si,Si,One year,No,Cheque,104.1,7040.85,Si
KZ-2546,Masculino,0,Si,No,52,Si,No,DSL,Si,Si,No,No,Si,Si,One year,Si,Deposito bancario,75.4,3865.45,No
RI-0181,Masculino,0,Si,Si,62,Si,No,Fiber optic,Si,Si,Si,Si,Si,Si,Two year,No,Deposito bancario,108.15,6825.65,No
PG-5989,Femenino,0,No,No,16,Si,No,Fiber optic,No,Si,No,No,No,Si,Month-to-month,Si,Cheque,86.25,1340.1,No
KT-4795,Femenino,1,Si,No,5,Si,Si,Fiber optic,No,Si,No,No,No,No,Month-to-month,Si,Cheque,81,371.65,Si
ON-8272,Masculino,0,No,No,12,Si,No,Fiber optic,No,No,Si,No,Si,Si,One year,No,Cheque,95.7,1184,No
PB-1488,Femenino,0,Si,Si,72,Si,Si,Fiber optic,Si,Si,Si,Si,Si,Si,Two year,Si,Transferencia Bancaria,116.85,8477.7,No
GI-0308,Masculino,1,No,No,71,Si,Si,Fiber optic,No,Si,No,Si,Si,Si,One year,No,Transferencia Bancaria,105.75,7382.85,No
FO-3778,Femenino,0,Si,No,24,Si,No,No,No internet service,No internet service,No internet service,No internet service,No internet service,No internet service,One year,No,Deposito bancario,20.15,456.85,No
RO-4452,Femenino,0,No,No,15,Si,No,No,No internet service,No internet service,No internet service,No internet service,No internet service,No internet service,Two year,No,Deposito bancario,19.6,331.6,No
OG-6481,Masculino,0,Si,No,67,Si,No,Fiber optic,Si,Si,No,No,No,Si,One year,Si,Tarjeta de Credito,90.6,6056.15,Si
LE-3090,Masculino,0,No,Si,2,Si,Si,DSL,Si,Si,No,No,No,No,Month-to-month,No,Transferencia Bancaria,60.95,134.6,No
AZ-5349,Femenino,0,Si,Si,5,No,No Servicio Telef nico,DSL,No,No,No,No,No,No,Month-to-month,No,Deposito bancario,25.05,125.5,No
TS-3753,Femenino,0,Si,No,15,Si,No,Fiber optic,No,No,No,No,Si,Si,Month-to-month,No,Cheque,88.15,1390.6,Si
VH-8305,Masculino,0,No,No,1,Si,No,No,No internet service,No internet service,No internet service,No internet service,No internet service,No internet service,Month-to-month,Si,Deposito bancario,20.2,20.2,Si
JJ-9720,Masculino,0,Si,Si,41,Si,No,DSL,Si,Si,Si,No,No,No,One year,Si,Transferencia Bancaria,60.3,2511.3,No
HZ-8100,Femenino,0,No,Si,43,Si,No,DSL,Si,Si,No,No,No,Si,Month-to-month,Si,Cheque,63.95,2737.05,No
ER-8775,Masculino,1,Si,No,1,Si,Si,Fiber optic,No,No,No,No,No,No,Month-to-month,No,Cheque,74.3,74.3,No
IE-8309,Femenino,1,No,No,1,Si,No,Fiber optic,No,No,No,No,No,No,Month-to-month,Si,Deposito bancario,70.6,70.6,No
JI-9172,Femenino,0,Si,Si,26,Si,No,Fiber optic,No,No,No,No,Si,Si,Month-to-month,Si,Cheque,90.8,2361.8,Si
QD-6298,Masculino,0,No,No,22,Si,Si,Fiber optic,No,Si,No,No,No,No,Month-to-month,Si,Cheque,79.35,1730.35,Si
HP-7398,Masculino,0,Si,No,71,Si,Si,DSL,Si,Si,Si,Si,Si,Si,Two year,No,Transferencia Bancaria,90.55,6404,No
GH-3546,Masculino,0,No,No,7,Si,No,No,No internet service,No internet service,No internet service,No internet service,No internet service,No internet service,Two year,No,Deposito bancario,19.45,165.35,No
YP-7361,Femenino,1,No,No,28,Si,Si,DSL,No,Si,Si,Si,No,No,Month-to-month,No,Transferencia Bancaria,64.45,1867.6,No
BZ-6557,Masculino,1,No,No,16,Si,No,Fiber optic,No,No,No,No,No,No,Month-to-month,No,Cheque,69.65,1043.3,No
QH-2550,Masculino,0,No,No,7,Si,No,No,No internet service,No internet service,No internet service,No internet service,No internet service,No internet service,One year,No,Deposito bancario,19.5,128.6,No
JT-7519,Femenino,0,No,No,69,Si,Si,Fiber optic,No,Si,Si,Si,Si,Si,Two year,Si,Transferencia Bancaria,110.5,7455.45,No
OI-2538,Femenino,0,No,Si,1,No,No Servicio Telef nico,DSL,No,No,No,No,No,No,Month-to-month,No,Deposito bancario,24.7,24.7,No
MS-8543,Masculino,0,No,No,3,Si,No,DSL,Si,No,Si,No,Si,Si,Month-to-month,Si,Cheque,77.4,206.15,No
JB-9961,Masculino,1,No,No,21,Si,No,Fiber optic,No,No,Si,No,Si,Si,Month-to-month,Si,Transferencia Bancaria,96.8,2030.3,Si
SA-1170,Femenino,0,Si,No,69,Si,Si,Fiber optic,No,Si,Si,No,No,No,Month-to-month,Si,Transferencia Bancaria,85.4,5869.4,No
JC-4872,Femenino,0,Si,No,71,No,No Servicio Telef nico,DSL,Si,Si,Si,Si,No,No,Two year,Si,Transferencia Bancaria,47.6,3377.8,No
BZ-5346,Femenino,0,Si,Si,69,Si,No,No,No internet service,No internet service,No internet service,No internet service,No internet service,No internet service,Two year,No,Deposito bancario,19.4,1346.2,No
LL-2038,Femenino,0,No,No,48,Si,Si,Fiber optic,No,No,Si,Si,Si,Si,Month-to-month,Si,Cheque,103.85,4946.05,No
IT-6173,Masculino,0,Si,No,47,Si,Si,Fiber optic,No,Si,Si,No,No,No,Month-to-month,Si,Transferencia Bancaria,83.35,4065,Si
UY-9734,Femenino,0,No,No,2,Si,Si,DSL,No,No,No,No,No,No,Month-to-month,Si,Cheque,49.4,106.55,Si
BG-1216,Masculino,0,No,No,45,Si,Si,Fiber optic,Si,No,Si,Si,Si,Si,Month-to-month,Si,Tarjeta de Credito,108.45,4964.7,No
NA-4138,Masculino,0,No,No,51,Si,Si,Fiber optic,No,Si,No,No,No,No,Month-to-month,No,Transferencia Bancaria,81,4085.75,No
UX-2189,Femenino,0,Si,No,22,Si,Si,DSL,Si,No,No,Si,Si,Si,Month-to-month,Si,Cheque,79.2,1742.75,Si
BI-0744,Masculino,0,No,No,72,Si,Si,DSL,Si,Si,Si,Si,Si,Si,Two year,No,Transferencia Bancaria,86.65,6224.8,No
IQ-7483,Masculino,0,Si,Si,37,Si,Si,Fiber optic,No,Si,Si,No,Si,No,Month-to-month,Si,Cheque,92.95,3415.25,No
KW-5248,Masculino,0,Si,Si,71,Si,Si,DSL,Si,Si,Si,Si,Si,Si,Two year,No,Cheque,90.35,6325.25,No
GZ-4958,Masculino,0,Si,Si,7,Si,No,DSL,No,No,Si,No,No,No,Month-to-month,No,Cheque,48.7,340.25,Si
MH-7996,Femenino,0,No,No,66,Si,Si,No,No internet service,No internet service,No internet service,No internet service,No internet service,No internet service,Two year,Si,Tarjeta de Credito,25.15,1683.6,No
PK-7833,Masculino,0,Si,Si,51,Si,No,DSL,Si,No,No,Si,Si,Si,One year,Si,Transferencia Bancaria,76.4,3966.3,No
OV-7061,Femenino,0,Si,Si,30,Si,No,No,No internet service,No internet service,No internet service,No internet service,No internet service,No internet service,One year,No,Transferencia Bancaria,19.55,608.5,No
RT-5153,Femenino,0,No,No,34,Si,Si,Fiber optic,No,No,No,No,Si,No,Month-to-month,No,Cheque,85.35,2896.6,No
QS-1852,Masculino,0,Si,Si,64,Si,Si,No,No internet service,No internet service,No internet service,No internet service,No internet service,No internet service,Two year,Si,Deposito bancario,24.8,1514.85,No
VR-4832,Masculino,1,Si,No,65,Si,Si,Fiber optic,No,Si,Si,No,Si,Si,One year,Si,Transferencia Bancaria,103.15,6792.45,No
LW-9079,Masculino,0,No,No,47,Si,Si,Fiber optic,Si,Si,No,Si,Si,No,Month-to-month,No,Deposito bancario,100.75,4669.2,No
EL-6356,Femenino,0,No,No,1,Si,No,Fiber optic,Si,No,No,No,Si,Si,Month-to-month,Si,Cheque,95.6,95.6,Si
GI-8624,Femenino,0,No,No,49,Si,Si,DSL,Si,Si,No,No,No,No,Month-to-month,Si,Tarjeta de Credito,59.75,2934.3,Si
EH-3392,Femenino,0,Si,Si,67,Si,Si,Fiber optic,No,Si,No,Si,Si,No,Two year,No,Tarjeta de Credito,94.1,6302.8,No
WW-5986,Masculino,0,No,Si,39,Si,No,No,No internet service,No internet service,No internet service,No internet service,No internet service,No internet service,One year,No,Transferencia Bancaria,19.35,779.2,No
BC-3061,Masculino,0,No,No,14,Si,No,No,No internet service,No internet service,No internet service,No internet service,No internet service,No internet service,Month-to-month,No,Deposito bancario,19.9,283.75,No
GJ-6179,Femenino,1,No,No,43,Si,No,Fiber optic,Si,Si,No,Si,Si,Si,Month-to-month,Si,Tarjeta de Credito,108.15,4600.7,Si
TB-7901,Masculino,1,No,No,56,Si,Si,Fiber optic,No,No,Si,No,Si,Si,Month-to-month,Si,Cheque,101.05,5594,No
PA-7228,Femenino,0,No,No,14,Si,No,DSL,No,No,No,Si,No,Si,One year,No,Tarjeta de Credito,59.1,772.85,No
LA-3177,Femenino,0,No,No,1,Si,No,Fiber optic,No,No,No,No,No,No,Month-to-month,No,Cheque,71.35,71.35,Si
QY-7746,Masculino,0,Si,Si,16,Si,No,DSL,Si,Si,No,No,No,No,One year,Si,Deposito bancario,55.85,857.8,No
HY-5804,Masculino,0,Si,Si,70,Si,Si,Fiber optic,Si,Si,No,No,Si,Si,Month-to-month,Si,Cheque,106.05,7554.05,No
FZ-9919,Masculino,1,Si,No,72,Si,Si,DSL,Si,Si,Si,No,Si,Si,Two year,Si,Tarjeta de Credito,84.1,5981.65,No
TS-5934,Femenino,0,Si,Si,23,Si,No,Fiber optic,No,No,Si,No,No,No,Month-to-month,Si,Tarjeta de Credito,75.3,1702.9,No
KH-3486,Masculino,0,No,Si,21,Si,Si,No,No internet service,No internet service,No internet service,No internet service,No internet service,No internet service,Month-to-month,No,Deposito bancario,24.7,467.15,No
QS-4897,Femenino,0,No,No,1,Si,No,No,No internet service,No internet service,No internet service,No internet service,No internet service,No internet service,Month-to-month,Si,Deposito bancario,20.15,20.15,Si
UQ-1084,Masculino,0,No,Si,1,Si,No,Fiber optic,No,No,No,No,No,No,Month-to-month,No,Transferencia Bancaria,69.75,69.75,Si
YW-8290,Femenino,1,Si,No,32,Si,Si,Fiber optic,No,No,No,No,Si,Si,Month-to-month,Si,Cheque,93.2,2931,Si
BJ-2955,Masculino,0,Si,Si,17,Si,No,Fiber optic,No,No,No,No,Si,No,Month-to-month,No,Cheque,80.85,1400.85,Si
DX-3806,Femenino,0,No,No,4,No,No Servicio Telef nico,DSL,Si,Si,No,No,No,No,Month-to-month,Si,Cheque,33.65,137.85,Si
XY-6784,Femenino,0,No,No,36,Si,Si,DSL,No,No,Si,No,No,No,One year,No,Cheque,55.8,1941.5,No
DQ-3933,Femenino,0,No,No,50,No,No Servicio Telef nico,DSL,No,Si,Si,Si,No,No,Two year,No,Tarjeta de Credito,39.7,1932.75,No
EI-6661,Femenino,0,Si,Si,48,No,No Servicio Telef nico,DSL,No,No,No,Si,No,No,Month-to-month,Si,Tarjeta de Credito,29.5,1423.05,No
TH-8957,Femenino,0,No,Si,50,Si,No,No,No internet service,No internet service,No internet service,No internet service,No internet service,No internet service,Two year,No,Tarjeta de Credito,20.15,970.85,No
PY-2251,Masculino,0,Si,No,72,Si,Si,DSL,Si,Si,Si,Si,No,Si,Two year,No,Tarjeta de Credito,79.55,5810.9,No
RN-5555,Masculino,0,No,Si,10,Si,Si,No,No internet service,No internet service,No internet service,No internet service,No internet service,No internet service,Month-to-month,No,Tarjeta de Credito,24.8,223.9,No
FO-1057,Femenino,0,No,No,18,Si,No,No,No internet service,No internet service,No internet service,No internet service,No internet service,No internet service,Month-to-month,No,Deposito bancario,19.65,391.7,No
RE-9300,Masculino,0,No,No,1,Si,No,Fiber optic,No,No,No,No,Si,No,Month-to-month,Si,Cheque,79.95,79.95,Si
AE-0761,Femenino,0,No,No,1,Si,No,No,No internet service,No internet service,No internet service,No internet service,No internet service,No internet service,Month-to-month,No,Cheque,19.3,19.3,Si
LG-8087,Masculino,0,No,No,9,Si,No,Fiber optic,No,No,Si,No,Si,Si,Month-to-month,Si,Cheque,94.05,811.65,No
BT-4137,Masculino,0,No,No,2,Si,Si,Fiber optic,Si,No,No,No,No,Si,Month-to-month,No,Deposito bancario,90.75,174.75,No
BC-2190,Femenino,0,Si,No,40,Si,Si,Fiber optic,No,No,No,Si,No,No,Month-to-month,Si,Tarjeta de Credito,78.85,3126.85,No
FB-6227,Masculino,0,Si,No,69,Si,Si,Fiber optic,No,No,Si,No,Si,Si,One year,No,Transferencia Bancaria,99.5,6841.45,No
MR-2153,Femenino,0,Si,No,37,Si,Si,Fiber optic,Si,No,Si,Si,No,Si,One year,Si,Cheque,99.2,3754.6,Si
WD-2911,Masculino,0,No,Si,18,Si,Si,Fiber optic,No,No,Si,No,No,No,Month-to-month,Si,Tarjeta de Credito,80.55,1406.65,No
PQ-7206,Masculino,1,Si,No,11,Si,No,Fiber optic,No,No,No,No,No,No,Month-to-month,Si,Cheque,70.2,834.7,No
UL-3106,Femenino,0,Si,No,8,Si,Si,Fiber optic,No,No,No,No,No,Si,Month-to-month,Si,Tarjeta de Credito,85.2,627.4,Si
VY-0925,Femenino,0,No,No,3,Si,Si,Fiber optic,No,No,No,No,No,No,Month-to-month,No,Cheque,75.25,242,Si
FZ-4547,Masculino,0,Si,Si,55,Si,No,DSL,Si,No,No,No,No,Si,One year,No,Tarjeta de Credito,59.45,3157,No
WN-7422,Masculino,0,Si,No,33,Si,Si,Fiber optic,No,Si,Si,No,No,Si,Month-to-month,Si,Cheque,93.35,3092,No
IW-0842,Femenino,0,No,No,46,Si,No,DSL,No,No,No,No,No,No,Month-to-month,No,Transferencia Bancaria,44.95,2168.9,No
HT-3521,Masculino,0,No,No,34,Si,Si,No,No internet service,No internet service,No internet service,No internet service,No internet service,No internet service,Two year,No,Transferencia Bancaria,26.1,980.35,No
ZB-3744,Femenino,0,No,No,3,Si,No,No,No internet service,No internet service,No internet service,No internet service,No internet service,No internet service,Month-to-month,No,Cheque,20.2,65.95,No
DI-3373,Masculino,0,Si,Si,30,Si,No,No,No internet service,No internet service,No internet service,No internet service,No internet service,No internet service,Two year,No,Deposito bancario,21.25,711.9,No
SG-8383,Femenino,0,No,No,33,Si,Si,DSL,Si,No,No,Si,No,No,One year,No,Cheque,59.4,1952.8,No
QK-7607,Masculino,0,Si,Si,45,Si,Si,Fiber optic,No,Si,Si,No,No,Si,One year,Si,Tarjeta de Credito,95,4368.85,No
PY-7707,Masculino,0,No,No,40,Si,No,DSL,Si,Si,No,Si,No,No,Month-to-month,Si,Deposito bancario,61.9,2647.1,No
HP-8984,Femenino,0,No,No,71,Si,Si,Fiber optic,Si,Si,Si,Si,Si,Si,Two year,Si,Cheque,118.65,8477.6,No
GF-4349,Masculino,0,No,No,1,Si,Si,DSL,No,No,Si,No,No,No,Month-to-month,No,Cheque,54.35,54.35,Si
DE-4139,Femenino,0,Si,Si,72,No,No Servicio Telef nico,DSL,Si,Si,Si,Si,Si,Si,Two year,No,Transferencia Bancaria,64.45,4528,No
DP-9779,Femenino,0,Si,Si,22,Si,No,Fiber optic,No,No,No,No,No,Si,Month-to-month,Si,Cheque,80.15,1790.65,No
FI-9805,Masculino,0,Si,Si,46,Si,No,No,No internet service,No internet service,No internet service,No internet service,No internet service,No internet service,One year,Si,Transferencia Bancaria,20.2,845.6,No
YO-5793,Femenino,0,Si,Si,55,Si,No,No,No internet service,No internet service,No internet service,No internet service,No internet service,No internet service,Two year,No,Deposito bancario,21,1210.3,No
IG-0673,Masculino,0,No,No,1,Si,No,No,No internet service,No internet service,No internet service,No internet service,No internet service,No internet service,Month-to-month,No,Deposito bancario,20.45,20.45,No
FC-4123,Femenino,0,No,No,12,Si,Si,DSL,No,No,No,Si,Si,Si,One year,Si,Deposito bancario,75.85,854.45,No
IM-8819,Masculino,0,No,No,31,Si,Si,Fiber optic,No,Si,No,No,No,No,Month-to-month,Si,Cheque,80.45,2429.1,No
EF-7802,Masculino,0,Si,No,5,No,No Servicio Telef nico,DSL,No,No,No,No,No,No,Month-to-month,Si,Cheque,24.95,100.4,Si
UE-8311,Femenino,0,Si,Si,67,Si,Si,DSL,Si,No,No,No,Si,Si,Two year,Si,Cheque,75.5,5229.45,No
EA-5858,Masculino,0,No,No,1,Si,No,DSL,No,No,No,No,No,No,Month-to-month,No,Deposito bancario,44.45,44.45,No
BU-8035,Masculino,0,Si,No,40,No,No Servicio Telef nico,DSL,Si,Si,Si,No,No,No,One year,Si,Cheque,42.35,1716.45,Si
ON-1163,Masculino,0,Si,Si,41,Si,Si,DSL,Si,Si,Si,No,Si,No,Month-to-month,Si,Tarjeta de Credito,74.55,3023.55,No
XV-9787,Masculino,0,No,No,1,Si,Si,Fiber optic,No,No,No,No,No,No,Month-to-month,Si,Cheque,75.3,75.3,Si
MU-8945,Masculino,0,No,No,51,Si,Si,Fiber optic,Si,Si,No,No,Si,No,One year,Si,Cheque,94.8,4837.6,Si
MJ-5656,Masculino,0,Si,Si,42,No,No Servicio Telef nico,DSL,Si,No,Si,Si,Si,No,Two year,No,Tarjeta de Credito,48.15,2032.3,No
OQ-6082,Masculino,0,Si,Si,23,Si,No,No,No internet service,No internet service,No internet service,No internet service,No internet service,No internet service,One year,No,Deposito bancario,19.65,436.9,No
HJ-8051,Femenino,1,No,No,1,Si,No,Fiber optic,No,No,No,No,No,No,Month-to-month,Si,Cheque,70.55,70.55,Si
OV-8974,Femenino,0,No,No,1,Si,No,No,No internet service,No internet service,No internet service,No internet service,No internet service,No internet service,Month-to-month,No,Deposito bancario,20.15,20.15,No
YL-4010,Femenino,0,No,No,56,Si,Si,Fiber optic,Si,Si,No,No,Si,Si,Month-to-month,Si,Tarjeta de Credito,106.6,5893.95,No
FR-1379,Masculino,0,No,Si,15,Si,Si,Fiber optic,No,Si,No,No,Si,No,Month-to-month,Si,Cheque,91,1430.05,No
GX-8612,Masculino,0,Si,Si,12,Si,Si,No,No internet service,No internet service,No internet service,No internet service,No internet service,No internet service,Two year,Si,Transferencia Bancaria,25.4,313,No
CH-6288,Femenino,0,Si,Si,54,Si,No,DSL,Si,No,Si,Si,No,Si,Two year,No,Transferencia Bancaria,69.95,3871.85,No
HO-8160,Femenino,0,No,No,7,Si,No,DSL,No,No,No,No,Si,Si,Month-to-month,Si,Cheque,66.85,458.1,No
GF-3023,Femenino,0,Si,Si,33,Si,Si,Fiber optic,No,No,No,No,No,Si,Month-to-month,No,Tarjeta de Credito,86.15,2745.7,Si
IN-6648,Masculino,0,Si,Si,16,Si,No,No,No internet service,No internet service,No internet service,No internet service,No internet service,No internet service,Month-to-month,No,Cheque,20.15,341.35,No
BK-4223,Femenino,0,No,Si,21,Si,No,DSL,Si,No,Si,No,No,Si,One year,No,Deposito bancario,64.85,1336.8,No
VT-4079,Masculino,1,Si,No,30,Si,Si,DSL,No,No,Si,No,Si,Si,Two year,No,Cheque,74.85,2181.75,No
WQ-1763,Masculino,0,No,No,3,Si,No,DSL,No,No,No,Si,No,No,Month-to-month,Si,Deposito bancario,50.5,147.75,No
UB-1391,Masculino,0,No,No,11,Si,No,Fiber optic,No,No,Si,No,No,No,Month-to-month,No,Cheque,72.9,818.45,No
JV-8894,Femenino,0,No,No,62,Si,Si,Fiber optic,Si,Si,Si,Si,Si,Si,One year,Si,Tarjeta de Credito,115.05,7133.45,No
VQ-2023,Masculino,0,No,No,18,Si,No,No,No internet service,No internet service,No internet service,No internet service,No internet service,No internet service,Month-to-month,No,Cheque,19,348.8,No
GK-1345,Masculino,0,No,Si,6,Si,No,No,No internet service,No internet service,No internet service,No internet service,No internet service,No internet service,Month-to-month,No,Deposito bancario,19.55,128.6,No
MK-2014,Femenino,0,No,No,46,Si,Si,Fiber optic,No,No,Si,No,Si,Si,One year,Si,Cheque,101.1,4674.4,No
FC-5628,Masculino,0,No,No,21,Si,Si,Fiber optic,No,No,No,No,No,Si,Month-to-month,Si,Cheque,84.1,1737.45,No
WB-2560,Masculino,0,No,No,68,Si,Si,No,No internet service,No internet service,No internet service,No internet service,No internet service,No internet service,Two year,Si,Transferencia Bancaria,24.15,1498.85,No
IP-0248,Femenino,0,No,No,1,Si,Si,DSL,No,No,No,No,No,No,Month-to-month,Si,Cheque,50.1,50.1,No
DK-7978,Femenino,0,Si,No,25,Si,No,Fiber optic,No,No,Si,No,No,No,Month-to-month,Si,Cheque,74.6,1797.75,No
UP-4335,Femenino,0,No,Si,24,Si,No,No,No internet service,No internet service,No internet service,No internet service,No internet service,No internet service,Two year,No,Deposito bancario,19.75,498.1,No
IA-0524,Femenino,0,Si,No,30,Si,Si,Fiber optic,No,No,No,No,No,Si,Month-to-month,Si,Cheque,85,2624.25,Si
YN-2737,Femenino,0,No,No,2,Si,No,Fiber optic,No,No,No,No,No,Si,Month-to-month,No,Cheque,80.55,184.1,Si
EZ-1784,Masculino,0,Si,No,51,Si,Si,Fiber optic,No,Si,Si,No,Si,Si,One year,Si,Transferencia Bancaria,106.8,5498.8,No
FV-9297,Femenino,0,Si,Si,57,Si,Si,DSL,Si,No,Si,Si,Si,Si,Two year,Si,Cheque,84.5,4845.4,No
YY-8007,Femenino,0,No,No,15,Si,Si,No,No internet service,No internet service,No internet service,No internet service,No internet service,No internet service,Two year,No,Transferencia Bancaria,25.05,369.1,No
HR-7101,Femenino,0,Si,Si,72,Si,No,DSL,Si,Si,Si,Si,Si,Si,Two year,Si,Transferencia Bancaria,83.7,6096.9,No
YF-5159,Femenino,0,No,No,2,Si,No,Fiber optic,No,No,Si,No,No,No,Month-to-month,Si,Cheque,75.8,160.75,Si
CP-6635,Masculino,0,Si,No,28,Si,Si,Fiber optic,No,Si,Si,No,Si,No,Month-to-month,No,Tarjeta de Credito,96.6,2684.35,No
RQ-4021,Masculino,1,Si,No,29,Si,Si,Fiber optic,No,No,Si,No,Si,Si,Month-to-month,Si,Cheque,98.5,3004.15,Si
YB-5453,Masculino,0,Si,Si,70,Si,No,Fiber optic,Si,Si,Si,Si,Si,No,Two year,Si,Tarjeta de Credito,101.1,6994.8,No
LZ-5039,Femenino,0,No,No,13,Si,No,No,No internet service,No internet service,No internet service,No internet service,No internet service,No internet service,One year,No,Deposito bancario,20.2,273.25,No
VU-2931,Femenino,1,Si,No,59,Si,Si,Fiber optic,Si,Si,Si,Si,No,No,One year,Si,Cheque,94.05,5483.9,No
TI-9061,Masculino,1,Si,No,13,Si,Si,Fiber optic,No,No,No,No,Si,Si,Month-to-month,Si,Cheque,95.25,1233.65,Si
AS-8699,Masculino,1,Si,No,7,Si,Si,Fiber optic,No,No,No,No,No,No,Month-to-month,Si,Deposito bancario,74.4,527.9,Si
PI-6418,Femenino,0,Si,No,62,Si,No,DSL,Si,No,Si,Si,Si,Si,Two year,No,Deposito bancario,81,4985.9,No
OC-8220,Femenino,0,No,No,21,Si,No,DSL,Si,No,Si,Si,No,No,One year,Si,Cheque,60.25,1258.35,No
WF-3995,Femenino,0,No,No,2,Si,No,DSL,No,No,Si,No,No,Si,Month-to-month,No,Cheque,60.85,111.4,No
QT-1895,Femenino,0,No,No,1,Si,No,DSL,No,No,No,No,No,No,Month-to-month,No,Tarjeta de Credito,43.95,43.95,No
OE-2038,Masculino,0,No,No,4,Si,No,Fiber optic,No,No,Si,No,No,Si,Month-to-month,No,Cheque,86.05,308.1,No
PZ-1178,Femenino,0,No,No,19,Si,No,No,No internet service,No internet service,No internet service,No internet service,No internet service,No internet service,One year,No,Tarjeta de Credito,20.25,383.65,No
AU-7927,Femenino,0,No,No,30,Si,No,Fiber optic,No,No,No,Si,Si,No,Month-to-month,No,Cheque,85.15,2555.9,Si
VE-2626,Masculino,0,Si,Si,67,Si,No,No,No internet service,No internet service,No internet service,No internet service,No internet service,No internet service,Two year,Si,Tarjeta de Credito,19.4,1284.2,No
RM-2878,Masculino,1,Si,No,72,Si,Si,Fiber optic,Si,Si,Si,No,No,Si,Two year,Si,Tarjeta de Credito,102.65,7550.3,No
DY-1657,Masculino,0,Si,No,53,Si,No,No,No internet service,No internet service,No internet service,No internet service,No internet service,No internet service,Two year,No,Tarjeta de Credito,19.9,1110.05,No
MQ-7311,Femenino,0,No,No,5,Si,No,No,No internet service,No internet service,No internet service,No internet service,No internet service,No internet service,One year,No,Cheque,19.55,99.6,No
WM-7375,Masculino,1,Si,No,71,Si,No,Fiber optic,No,Si,Si,Si,No,Si,Two year,Si,Tarjeta de Credito,95.5,6707.15,No
XG-1136,Femenino,0,Si,Si,50,Si,Si,DSL,No,Si,Si,Si,Si,Si,One year,Si,Tarjeta de Credito,84.15,4164.4,No
FM-2530,Masculino,0,Si,Si,56,Si,Si,Fiber optic,No,No,Si,Si,Si,Si,Two year,Si,Cheque,103.2,5873.75,No
DZ-6844,Masculino,0,No,No,2,Si,No,DSL,No,No,No,Si,No,No,Month-to-month,Si,Tarjeta de Credito,50.2,109.25,No
WJ-4695,Femenino,1,No,No,2,Si,Si,Fiber optic,No,No,Si,No,No,Si,Month-to-month,Si,Cheque,88.55,179.25,Si
OD-7619,Masculino,0,Si,Si,24,Si,Si,DSL,Si,No,No,No,No,No,Month-to-month,No,Cheque,54.75,1338.15,Si
GH-5970,Masculino,0,Si,Si,46,Si,No,No,No internet service,No internet service,No internet service,No internet service,No internet service,No internet service,Two year,No,Tarjeta de Credito,19.95,862.4,No
XU-8879,Masculino,0,Si,No,71,Si,Si,Fiber optic,Si,Si,Si,Si,Si,Si,Two year,Si,Cheque,116.25,8564.75,No
MO-3689,Femenino,0,No,No,29,No,No Servicio Telef nico,DSL,No,No,No,Si,No,No,Month-to-month,Si,Cheque,31.2,926.2,No
PN-4195,Masculino,0,Si,Si,69,Si,Si,No,No internet service,No internet service,No internet service,No internet service,No internet service,No internet service,Two year,No,Transferencia Bancaria,24.45,1718.2,No
XZ-5003,Masculino,0,Si,No,71,Si,Si,DSL,No,Si,Si,Si,Si,Si,Two year,No,Tarjeta de Credito,84.2,5956.85,No
RQ-3988,Femenino,1,No,No,1,Si,No,Fiber optic,No,No,No,No,Si,Si,Month-to-month,Si,Cheque,91.3,91.3,Si
FW-7622,Masculino,1,Si,No,56,Si,No,DSL,Si,Si,Si,Si,Si,Si,Two year,Si,Transferencia Bancaria,85.65,4824.45,No
NC-6922,Masculino,0,No,Si,56,Si,No,No,No internet service,No internet service,No internet service,No internet service,No internet service,No internet service,One year,Si,Deposito bancario,21.2,1238.65,No
GI-2514,Masculino,0,No,No,1,Si,No,Fiber optic,No,No,No,No,Si,No,Month-to-month,Si,Cheque,79.5,79.5,Si
NQ-9891,Femenino,0,Si,No,28,Si,Si,No,No internet service,No internet service,No internet service,No internet service,No internet service,No internet service,One year,No,Deposito bancario,25.55,672.2,No
IU-6131,Femenino,0,Si,Si,19,Si,No,No,No internet service,No internet service,No internet service,No internet service,No internet service,No internet service,Month-to-month,No,Deposito bancario,20.2,382.2,No
AW-8548,Masculino,0,Si,No,66,Si,Si,DSL,No,No,No,Si,No,Si,Month-to-month,No,Cheque,63.85,4264.6,No
DR-9798,Femenino,0,Si,Si,17,Si,Si,DSL,No,No,Si,Si,No,No,One year,Si,Deposito bancario,61.95,1070.7,No
UE-8532,Masculino,0,Si,Si,52,Si,Si,No,No internet service,No internet service,No internet service,No internet service,No internet service,No internet service,Two year,No,Deposito bancario,25.75,1345.85,No
DD-6296,Femenino,0,No,No,19,Si,No,DSL,No,Si,No,No,Si,No,One year,No,Cheque,58.2,1045.25,No
VR-7951,Femenino,0,No,No,36,Si,No,DSL,Si,Si,Si,Si,Si,Si,One year,No,Transferencia Bancaria,85.85,3003.55,No
FL-5931,Masculino,1,Si,No,7,Si,No,Fiber optic,No,No,No,No,No,No,Month-to-month,Si,Deposito bancario,70.1,467.55,Si
YO-4815,Masculino,0,Si,Si,72,Si,Si,Fiber optic,Si,Si,Si,Si,No,Si,One year,Si,Tarjeta de Credito,104.9,7537.5,No
VX-2659,Masculino,0,Si,Si,67,Si,Si,Fiber optic,Si,Si,Si,No,Si,Si,One year,Si,Cheque,111.3,7482.1,Si
NE-0380,Masculino,1,No,No,34,Si,No,Fiber optic,No,Si,Si,No,Si,Si,One year,Si,Cheque,99.85,3343.15,No
OY-3207,Masculino,1,Si,No,57,Si,Si,Fiber optic,No,Si,Si,No,No,Si,Month-to-month,Si,Transferencia Bancaria,95.25,5427.05,Si
GY-4285,Femenino,0,Si,No,7,Si,No,Fiber optic,No,No,Si,No,Si,No,Month-to-month,Si,Cheque,86.25,587.1,Si
EW-7216,Femenino,1,Si,No,1,Si,Si,Fiber optic,No,No,Si,No,Si,Si,Month-to-month,Si,Cheque,100.8,100.8,Si
MS-4365,Masculino,0,Si,No,8,Si,No,No,No internet service,No internet service,No internet service,No internet service,No internet service,No internet service,Month-to-month,Si,Transferencia Bancaria,19.55,161.15,No
TY-7036,Femenino,0,No,No,69,Si,Si,Fiber optic,No,No,Si,Si,Si,Si,Two year,No,Cheque,104,7028.5,No
AD-5802,Femenino,0,Si,No,50,Si,Si,Fiber optic,Si,No,Si,No,Si,Si,One year,Si,Deposito bancario,104.4,5232.9,No
FE-8076,Masculino,0,No,No,10,Si,No,No,No internet service,No internet service,No internet service,No internet service,No internet service,No internet service,One year,No,Deposito bancario,19.5,225.85,No
YP-5197,Femenino,0,Si,Si,12,Si,Si,No,No internet service,No internet service,No internet service,No internet service,No internet service,No internet service,Two year,No,Tarjeta de Credito,25.25,274.7,No
MS-8337,Femenino,0,No,No,14,Si,No,Fiber optic,No,Si,No,No,No,Si,Month-to-month,Si,Cheque,86.3,1180.95,Si
GV-4312,Femenino,0,Si,No,70,No,No Servicio Telef nico,DSL,Si,No,Si,Si,No,Si,Two year,Si,Transferencia Bancaria,49.85,3370.2,No
LJ-8495,Femenino,1,No,No,64,Si,Si,Fiber optic,Si,No,Si,Si,Si,Si,Month-to-month,Si,Transferencia Bancaria,108.95,7111.3,No
JT-0839,Femenino,0,Si,Si,66,Si,Si,DSL,Si,Si,Si,Si,Si,Si,Two year,No,Tarjeta de Credito,89.9,5958.85,No
WO-5494,Femenino,0,Si,Si,71,Si,No,DSL,Si,No,Si,Si,Si,Si,Two year,Si,Tarjeta de Credito,82,5999.85,No
UH-1302,Masculino,1,No,No,20,Si,No,Fiber optic,No,No,No,No,Si,Si,Month-to-month,No,Cheque,89.95,1648.45,No
EO-2234,Masculino,0,Si,No,72,Si,No,DSL,Si,Si,No,Si,Si,Si,Two year,Si,Transferencia Bancaria,79.35,5753.25,No
IJ-8619,Femenino,0,Si,Si,71,Si,No,DSL,Si,Si,Si,Si,No,No,Two year,No,Tarjeta de Credito,64.05,4492.9,No
LK-8378,Masculino,0,Si,Si,38,Si,Si,Fiber optic,No,No,Si,No,Si,Si,Month-to-month,Si,Tarjeta de Credito,101.15,3956.7,No
BJ-8182,Femenino,0,No,No,28,Si,Si,Fiber optic,No,Si,No,No,No,Si,Month-to-month,Si,Cheque,89.95,2625.55,Si
HF-2528,Masculino,1,Si,No,17,Si,No,Fiber optic,No,Si,No,No,No,No,Month-to-month,Si,Cheque,76.45,1233.4,Si
GN-1153,Masculino,0,No,No,33,No,No Servicio Telef nico,DSL,No,Si,No,No,Si,No,One year,Si,Cheque,39.1,1309,No
QE-3298,Femenino,0,Si,Si,23,No,No Servicio Telef nico,DSL,Si,No,No,Si,No,No,Two year,No,Deposito bancario,34.6,813.45,No
DX-0788,Masculino,0,Si,Si,58,Si,No,No,No internet service,No internet service,No internet service,No internet service,No internet service,No internet service,One year,Si,Cheque,19.55,1108.8,No
YA-3597,Femenino,1,Si,No,70,Si,Si,Fiber optic,No,Si,No,Si,Si,Si,Two year,Si,Transferencia Bancaria,104.45,7349.35,No
LF-3496,Masculino,0,Si,No,4,Si,No,Fiber optic,No,No,No,No,No,No,Month-to-month,No,Cheque,70.5,294.2,No
UO-5242,Masculino,0,Si,Si,45,Si,No,No,No internet service,No internet service,No internet service,No internet service,No internet service,No internet service,Two year,No,Deposito bancario,20.35,929.2,No
CZ-2482,Masculino,0,No,No,10,Si,No,Fiber optic,No,No,No,No,No,No,Month-to-month,Si,Cheque,70,740,Si
SZ-6479,Masculino,0,Si,Si,36,Si,No,No,No internet service,No internet service,No internet service,No internet service,No internet service,No internet service,Two year,No,Tarjeta de Credito,19.45,754.5,No
VB-8097,Masculino,0,No,No,54,Si,No,DSL,Si,Si,No,Si,Si,No,Month-to-month,Si,Deposito bancario,69.9,3883.3,No
HK-4500,Masculino,0,Si,Si,23,Si,Si,DSL,No,Si,No,Si,No,No,Two year,No,Deposito bancario,59.7,1414.2,No
KW-9917,Femenino,0,Si,Si,41,Si,Si,DSL,Si,Si,Si,No,Si,No,One year,Si,Tarjeta de Credito,78.35,3211.2,No
ZD-3420,Masculino,1,No,No,5,Si,No,Fiber optic,No,No,No,No,No,No,Month-to-month,Si,Deposito bancario,71.45,371.6,No
LY-2212,Masculino,0,Si,Si,27,No,No Servicio Telef nico,DSL,No,Si,Si,No,No,Si,One year,Si,Tarjeta de Credito,45.85,1246.4,No
IM-1393,Femenino,0,No,No,1,Si,No,Fiber optic,No,No,No,Si,Si,Si,Month-to-month,Si,Cheque,95.85,95.85,No
RH-8069,Femenino,0,Si,Si,67,No,No Servicio Telef nico,DSL,Si,No,No,Si,No,No,Two year,No,Tarjeta de Credito,35.7,2545.7,No
GC-3398,Femenino,1,Si,Si,72,Si,Si,DSL,Si,Si,Si,Si,Si,Si,Two year,Si,Tarjeta de Credito,89.55,6448.85,No
WG-2908,Femenino,0,Si,Si,56,Si,Si,No,No internet service,No internet service,No internet service,No internet service,No internet service,No internet service,Two year,Si,Tarjeta de Credito,24.95,1468.9,No
AJ-3378,Masculino,0,Si,Si,44,Si,Si,No,No internet service,No internet service,No internet service,No internet service,No internet service,No internet service,One year,No,Cheque,24.85,1013.6,No
QC-1013,Femenino,1,Si,No,66,Si,Si,Fiber optic,No,Si,No,No,Si,Si,Month-to-month,Si,Cheque,100.8,6690.75,No
QL-0866,Femenino,0,No,No,34,Si,Si,DSL,Si,Si,No,Si,No,No,One year,Si,Deposito bancario,64.4,2088.75,Si
FF-6050,Femenino,0,Si,No,69,Si,Si,Fiber optic,No,No,Si,Si,Si,Si,Two year,No,Transferencia Bancaria,105.35,7240.65,No
BQ-7181,Femenino,0,Si,Si,1,Si,Si,Fiber optic,Si,No,Si,No,Si,Si,Month-to-month,Si,Cheque,102.45,102.45,Si
RA-0362,Femenino,0,No,No,40,Si,No,No,No internet service,No internet service,No internet service,No internet service,No internet service,No internet service,Two year,No,Tarjeta de Credito,19.65,830.25,No
DF-9554,Masculino,0,Si,Si,30,Si,Si,DSL,Si,No,No,No,No,No,Month-to-month,Si,Transferencia Bancaria,54.45,1588.7,No
AC-5527,Femenino,0,No,No,11,Si,No,DSL,No,No,No,Si,Si,Si,Month-to-month,No,Deposito bancario,70.5,829.3,No
DD-0829,Femenino,0,No,No,15,Si,No,No,No internet service,No internet service,No internet service,No internet service,No internet service,No internet service,One year,No,Tarjeta de Credito,20.1,302.45,No
UB-1399,Masculino,0,No,No,11,Si,No,DSL,No,No,Si,No,Si,Si,Month-to-month,Si,Cheque,69.35,712.25,No
JL-1813,Femenino,0,Si,Si,64,Si,No,No,No internet service,No internet service,No internet service,No internet service,No internet service,No internet service,One year,No,Transferencia Bancaria,19.8,1336.65,No
PI-0336,Masculino,1,Si,No,72,Si,No,DSL,Si,Si,Si,Si,Si,No,Two year,No,Transferencia Bancaria,74.4,5360.75,No
OC-7322,Masculino,1,Si,No,72,Si,Si,Fiber optic,Si,Si,Si,Si,No,No,Two year,Si,Transferencia Bancaria,93.05,6735.05,No
VH-9537,Femenino,0,No,Si,1,Si,No,DSL,Si,No,No,No,No,No,Month-to-month,No,Deposito bancario,51.2,51.2,No
TI-4957,Femenino,0,No,Si,15,Si,No,DSL,Si,Si,Si,Si,No,No,One year,No,Tarjeta de Credito,65.6,1010,No
PJ-2054,Femenino,0,No,No,60,Si,Si,DSL,No,No,Si,Si,Si,Si,One year,No,Tarjeta de Credito,80.55,4847.05,No
HE-9150,Masculino,0,No,No,56,Si,No,DSL,Si,No,Si,No,No,No,One year,No,Deposito bancario,52.7,3019.7,No
QG-9030,Femenino,0,No,No,8,Si,No,No,No internet service,No internet service,No internet service,No internet service,No internet service,No internet service,Two year,No,Deposito bancario,20.85,161.65,No
IE-6204,Femenino,0,No,No,3,Si,No,Fiber optic,No,No,Si,Si,No,No,Month-to-month,No,Tarjeta de Credito,80.1,217.55,Si
WQ-3126,Femenino,0,Si,No,49,Si,Si,DSL,No,No,No,No,No,No,Month-to-month,Si,Tarjeta de Credito,52.15,2583.75,No
CK-4529,Femenino,0,No,No,2,Si,No,Fiber optic,No,No,No,No,Si,No,Month-to-month,Si,Cheque,80.2,146.05,Si
CL-2506,Femenino,0,No,No,6,Si,No,Fiber optic,Si,Si,Si,Si,No,Si,Month-to-month,Si,Transferencia Bancaria,98.15,567.45,Si
WR-7176,Masculino,0,No,No,70,Si,Si,Fiber optic,Si,Si,Si,Si,Si,Si,Two year,Si,Transferencia Bancaria,114.95,7711.25,No
IH-1583,Masculino,0,No,No,12,Si,Si,Fiber optic,No,Si,Si,Si,Si,Si,Month-to-month,Si,Deposito bancario,112.95,1384.75,Si
IK-5732,Masculino,1,Si,No,52,Si,No,Fiber optic,Si,No,Si,Si,Si,Si,One year,Si,Transferencia Bancaria,104.45,5481.25,No
GZ-9239,Femenino,0,Si,No,72,Si,Si,Fiber optic,Si,Si,Si,Si,Si,Si,Two year,Si,Tarjeta de Credito,113.65,8124.2,No
BA-7205,Femenino,0,No,No,40,Si,No,No,No internet service,No internet service,No internet service,No internet service,No internet service,No internet service,Two year,Si,Transferencia Bancaria,20.6,827.3,No
ON-0151,Femenino,0,No,No,1,Si,No,Fiber optic,No,No,No,No,No,No,Month-to-month,No,Deposito bancario,70.9,70.9,Si
MU-4140,Femenino,1,No,No,3,Si,No,Fiber optic,No,No,Si,No,Si,No,Month-to-month,Si,Cheque,86.85,220.95,Si
EX-0093,Femenino,1,No,No,40,Si,No,Fiber optic,No,No,No,No,Si,Si,Month-to-month,Si,Cheque,91.55,3673.6,No
RA-8064,Masculino,0,No,Si,1,Si,No,DSL,No,No,Si,No,No,No,Month-to-month,Si,Cheque,49.85,49.85,No
QA-0219,Masculino,0,Si,No,30,Si,No,No,No internet service,No internet service,No internet service,No internet service,No internet service,No internet service,One year,No,Tarjeta de Credito,19.8,576.65,No
JD-0320,Masculino,0,Si,Si,23,Si,No,Fiber optic,Si,No,No,Si,Si,Si,Month-to-month,Si,Cheque,99.85,2331.3,Si
PI-7180,Masculino,0,Si,Si,1,Si,Si,Fiber optic,No,No,No,No,No,No,Month-to-month,Si,Cheque,74.5,74.5,Si
IN-9168,Femenino,1,Si,No,44,Si,Si,Fiber optic,No,No,Si,Si,Si,Si,Month-to-month,No,Cheque,104.15,4495.65,No
RF-3571,Masculino,0,No,No,65,Si,Si,Fiber optic,No,Si,Si,Si,Si,Si,Month-to-month,Si,Cheque,109.15,6941.2,Si
UO-0015,Femenino,1,No,No,7,Si,No,DSL,Si,No,No,No,No,No,Month-to-month,Si,Cheque,48.2,340.35,No
AF-5334,Masculino,1,No,No,72,Si,Si,No,No internet service,No internet service,No internet service,No internet service,No internet service,No internet service,Two year,Si,Tarjeta de Credito,25.1,1789.9,No
SD-2754,Femenino,1,No,No,8,Si,Si,Fiber optic,No,No,No,Si,Si,Si,Month-to-month,Si,Tarjeta de Credito,100.15,908.55,No
VR-9578,Femenino,0,No,No,16,Si,Si,DSL,No,No,Si,No,No,Si,Month-to-month,Si,Tarjeta de Credito,65.2,1043.35,Si
FK-1587,Masculino,1,Si,Si,66,Si,Si,Fiber optic,No,No,Si,No,Si,Si,Month-to-month,Si,Tarjeta de Credito,99.5,6822.15,Si
QN-6140,Masculino,0,No,No,1,Si,No,Fiber optic,No,No,No,No,No,No,Month-to-month,Si,Deposito bancario,71.55,71.55,Si
JL-8963,Masculino,0,No,Si,3,Si,No,DSL,Si,No,Si,No,No,No,Month-to-month,No,Deposito bancario,55.9,157.55,No
KT-4307,Masculino,0,Si,No,53,Si,Si,Fiber optic,Si,No,Si,No,No,Si,Month-to-month,No,Cheque,93.9,5029.2,Si
LN-1465,Masculino,1,Si,No,8,Si,No,DSL,No,No,Si,Si,No,Si,Month-to-month,Si,Tarjeta de Credito,64.4,581.7,No
FL-5440,Masculino,1,Si,No,69,Si,Si,Fiber optic,No,Si,Si,Si,Si,Si,Two year,Si,Transferencia Bancaria,108.4,7318.2,Si
DQ-2135,Femenino,0,No,No,5,Si,No,Fiber optic,No,Si,No,No,Si,No,Month-to-month,Si,Deposito bancario,85.3,420.45,No
QH-4056,Femenino,0,Si,Si,72,Si,Si,Fiber optic,Si,No,Si,Si,Si,Si,Two year,No,Deposito bancario,107.45,7576.7,No
MC-7470,Femenino,0,Si,No,13,No,No Servicio Telef nico,DSL,No,No,Si,No,Si,Si,Month-to-month,Si,Transferencia Bancaria,48.75,633.4,Si
MX-7488,Femenino,0,No,No,4,Si,Si,Fiber optic,No,No,No,No,Si,No,Month-to-month,Si,Cheque,85.65,321.65,Si
JI-7401,Femenino,0,Si,Si,54,Si,Si,DSL,Si,Si,Si,Si,Si,Si,Two year,No,Tarjeta de Credito,91.3,4965,No
FI-9339,Masculino,0,Si,No,72,Si,Si,DSL,No,Si,Si,Si,Si,Si,Two year,No,Transferencia Bancaria,85.95,6151.9,No
FE-2027,Masculino,0,No,No,12,Si,Si,Fiber optic,No,Si,Si,No,Si,Si,Month-to-month,Si,Cheque,106.7,1253.9,Si
DZ-2672,Masculino,0,No,No,1,No,No Servicio Telef nico,DSL,No,No,No,No,No,No,Month-to-month,Si,Cheque,25.15,25.15,Si
DG-4706,Masculino,1,No,No,1,Si,No,DSL,No,No,No,No,No,No,Month-to-month,No,Cheque,45.2,45.2,No
MQ-3870,Femenino,0,Si,No,54,Si,Si,Fiber optic,No,Si,Si,Si,Si,Si,One year,No,Cheque,110.35,5893.15,Si
MF-6670,Masculino,0,Si,Si,69,Si,Si,Fiber optic,No,No,Si,No,No,No,Two year,Si,Tarjeta de Credito,79.2,5420.65,No
PE-6177,Femenino,0,No,No,48,Si,No,DSL,Si,Si,No,No,No,No,Two year,No,Tarjeta de Credito,55.5,2627.35,No
CZ-4800,Femenino,0,Si,Si,48,Si,Si,Fiber optic,Si,Si,No,No,Si,Si,One year,Si,Tarjeta de Credito,103.25,5037.55,Si
HQ-4813,Femenino,0,Si,No,8,Si,Si,Fiber optic,No,No,No,Si,No,Si,Month-to-month,Si,Cheque,90.25,743.75,No
KK-7579,Masculino,0,Si,Si,71,Si,Si,DSL,Si,Si,Si,Si,Si,Si,Two year,Si,Deposito bancario,91.25,6589.6,No
DM-7377,Masculino,0,No,No,2,Si,No,DSL,Si,No,No,No,No,No,Month-to-month,Si,Cheque,47.8,92.45,Si
EI-8402,Masculino,0,Si,No,67,Si,No,Fiber optic,Si,Si,No,No,Si,Si,One year,Si,Tarjeta de Credito,100.9,6733.15,No
DS-4947,Masculino,0,Si,Si,34,Si,Si,Fiber optic,No,Si,No,No,Si,Si,Month-to-month,Si,Transferencia Bancaria,97.7,3410,No
NI-7245,Femenino,0,No,No,3,Si,No,Fiber optic,No,No,No,No,No,No,Month-to-month,Si,Cheque,69.85,199.85,No
OR-0002,Femenino,0,Si,Si,9,Si,No,DSL,No,Si,No,Si,Si,No,One year,Si,Deposito bancario,65.6,593.3,No
OI-3324,Masculino,0,Si,Si,71,Si,No,Fiber optic,Si,Si,Si,No,Si,Si,One year,Si,Transferencia Bancaria,104.65,7288.4,No
OF-5414,Masculino,0,No,No,57,Si,Si,Fiber optic,No,No,No,Si,Si,No,Two year,Si,Tarjeta de Credito,90.45,5229.8,No
WP-4967,Masculino,0,No,No,72,No,No Servicio Telef nico,DSL,Si,Si,Si,Si,Si,Si,Two year,Si,Transferencia Bancaria,63.7,4464.8,No
OB-8552,Femenino,1,Si,Si,48,Si,No,Fiber optic,Si,No,Si,Si,Si,Si,Month-to-month,Si,Cheque,104.5,5068.05,No
BR-8499,Masculino,0,No,No,18,Si,No,No,No internet service,No internet service,No internet service,No internet service,No internet service,No internet service,One year,No,Deposito bancario,20.1,401.85,No
QD-9154,Masculino,0,Si,Si,43,Si,Si,Fiber optic,No,No,Si,Si,Si,Si,One year,Si,Tarjeta de Credito,104.3,4451.85,No
BF-8197,Femenino,0,Si,Si,72,Si,Si,DSL,Si,Si,Si,Si,Si,Si,Two year,Si,Transferencia Bancaria,93.25,6688.95,No
GV-2577,Masculino,0,Si,Si,35,Si,Si,DSL,No,No,No,Si,Si,Si,One year,Si,Transferencia Bancaria,73.45,2661.1,No
OI-9367,Masculino,0,No,No,4,Si,No,No,No internet service,No internet service,No internet service,No internet service,No internet service,No internet service,Month-to-month,No,Deposito bancario,20.7,73.05,No
UA-6770,Femenino,0,Si,Si,49,Si,Si,No,No internet service,No internet service,No internet service,No internet service,No internet service,No internet service,Two year,No,Deposito bancario,25.25,1211.65,No
HH-6463,Femenino,0,Si,Si,71,Si,Si,Fiber optic,Si,Si,Si,No,Si,No,Two year,No,Transferencia Bancaria,100.5,7030.65,No
VJ-7928,Masculino,0,Si,Si,11,Si,No,Fiber optic,No,No,No,No,Si,Si,Month-to-month,No,Cheque,90.6,1020.2,No
WI-1187,Masculino,0,Si,Si,63,Si,Si,DSL,Si,Si,Si,Si,Si,Si,Two year,Si,Tarjeta de Credito,89.4,5597.65,No
OJ-9776,Femenino,1,No,No,65,Si,Si,Fiber optic,No,Si,Si,No,Si,No,Month-to-month,Si,Transferencia Bancaria,95.45,6223.3,No
RP-1306,Femenino,0,No,Si,49,Si,No,No,No internet service,No internet service,No internet service,No internet service,No internet service,No internet service,Two year,No,Tarjeta de Credito,20.45,1024.65,No
JT-8949,Femenino,0,No,No,29,Si,Si,Fiber optic,No,No,Si,No,Si,Si,Month-to-month,Si,Tarjeta de Credito,98.6,2933.2,Si
LV-2774,Femenino,1,Si,No,15,Si,Si,Fiber optic,No,No,Si,Si,No,No,Month-to-month,Si,Cheque,83.05,1258.3,Si
PY-3097,Femenino,0,Si,Si,4,Si,No,No,No internet service,No internet service,No internet service,No internet service,No internet service,No internet service,Month-to-month,Si,Cheque,19.95,82.9,No
SJ-2266,Femenino,0,Si,No,72,Si,Si,Fiber optic,No,Si,Si,Si,Si,Si,One year,No,Tarjeta de Credito,109.15,7789.6,No
PA-0869,Femenino,1,Si,No,26,Si,No,Fiber optic,No,No,Si,No,Si,No,Month-to-month,Si,Tarjeta de Credito,85.7,2067,No
JS-4238,Femenino,1,Si,No,35,Si,Si,Fiber optic,No,No,Si,No,Si,Si,Month-to-month,No,Transferencia Bancaria,102.05,3452.55,No
YD-2972,Femenino,0,No,No,57,Si,Si,Fiber optic,No,Si,No,Si,No,Si,One year,No,Cheque,94.7,5468.95,No
FE-1104,Masculino,0,Si,Si,28,Si,Si,DSL,No,Si,No,No,No,Si,Month-to-month,No,Cheque,64.4,1802.15,No
IL-2809,Femenino,0,Si,No,25,Si,Si,No,No internet service,No internet service,No internet service,No internet service,No internet service,No internet service,One year,Si,Deposito bancario,26.8,733.55,No
EC-5499,Femenino,0,Si,No,47,Si,No,DSL,Si,No,Si,No,Si,No,One year,Si,Tarjeta de Credito,66.05,3021.45,No
FL-4981,Femenino,0,Si,Si,57,Si,Si,DSL,Si,Si,No,Si,No,No,Month-to-month,No,Transferencia Bancaria,65.2,3687.85,No
PH-9121,Masculino,1,Si,No,16,Si,Si,Fiber optic,No,No,No,No,Si,No,Month-to-month,Si,Tarjeta de Credito,85.05,1391.15,No
IW-3113,Masculino,0,No,No,5,Si,No,DSL,Si,No,Si,No,No,No,Month-to-month,Si,Deposito bancario,55.8,274.35,No
IL-3211,Masculino,0,Si,No,17,Si,No,Fiber optic,No,No,No,No,No,No,Month-to-month,Si,Transferencia Bancaria,70.4,1214.05,Si
TH-4612,Femenino,1,No,No,56,Si,Si,Fiber optic,No,Si,Si,No,Si,Si,One year,Si,Transferencia Bancaria,104.75,5510.65,Si
BW-4277,Masculino,0,Si,Si,72,Si,No,No,No internet service,No internet service,No internet service,No internet service,No internet service,No internet service,Two year,No,Transferencia Bancaria,19.95,1322.85,No
NS-4094,Femenino,1,No,No,21,Si,Si,Fiber optic,No,No,No,No,Si,Si,Month-to-month,Si,Cheque,94.25,1973.75,Si
TE-0234,Femenino,0,Si,Si,48,No,No Servicio Telef nico,DSL,Si,No,Si,No,No,Si,One year,No,Tarjeta de Credito,45,2196.3,No
TS-4304,Femenino,0,Si,No,68,Si,Si,Fiber optic,Si,Si,Si,Si,Si,Si,Two year,No,Transferencia Bancaria,114.9,7843.55,No
AA-1552,Femenino,0,No,No,30,Si,Si,Fiber optic,Si,No,No,Si,Si,Si,Month-to-month,No,Transferencia Bancaria,106.4,3211.9,No
FK-2637,Femenino,0,Si,No,3,Si,No,DSL,No,No,No,No,No,No,Month-to-month,Si,Deposito bancario,46.1,130.15,No
MV-9796,Femenino,1,No,No,14,No,No Servicio Telef nico,DSL,Si,No,Si,Si,No,No,Two year,No,Deposito bancario,39.7,692.35,No
EC-7874,Femenino,0,No,Si,4,Si,No,No,No internet service,No internet service,No internet service,No internet service,No internet service,No internet service,Month-to-month,Si,Transferencia Bancaria,20.05,85.5,No
IN-0020,Femenino,0,Si,Si,71,Si,Si,Fiber optic,No,Si,Si,No,No,Si,Two year,Si,Tarjeta de Credito,95.75,6849.4,No
RK-7089,Masculino,0,Si,Si,8,Si,Si,No,No internet service,No internet service,No internet service,No internet service,No internet service,No internet service,One year,No,Deposito bancario,24.4,203.95,No
JX-2683,Masculino,0,Si,Si,61,No,No Servicio Telef nico,DSL,Si,No,Si,No,No,No,Month-to-month,No,Transferencia Bancaria,33.6,2117.2,No
ZM-9548,Masculino,0,Si,Si,72,Si,Si,Fiber optic,No,Si,Si,Si,No,No,Two year,No,Transferencia Bancaria,90.45,6565.85,No
XN-8739,Femenino,0,No,No,5,Si,Si,Fiber optic,No,No,No,No,Si,No,Month-to-month,Si,Cheque,84,424.75,No
JH-9755,Femenino,0,No,No,49,Si,No,DSL,Si,Si,Si,Si,No,No,Two year,No,Transferencia Bancaria,67.4,3306.85,No
QS-3981,Masculino,0,No,No,8,Si,No,No,No internet service,No internet service,No internet service,No internet service,No internet service,No internet service,Month-to-month,Si,Transferencia Bancaria,19.7,168.9,No
HQ-2789,Masculino,0,No,No,3,Si,No,Fiber optic,No,No,No,No,No,Si,Month-to-month,Si,Cheque,80.35,253.8,No
CM-9424,Masculino,0,Si,Si,9,Si,No,No,No internet service,No internet service,No internet service,No internet service,No internet service,No internet service,Two year,No,Deposito bancario,19.6,197.4,No
WJ-5067,Masculino,0,Si,Si,67,Si,No,DSL,Si,Si,No,No,No,No,Two year,Si,Transferencia Bancaria,54.2,3838.2,No
WX-3450,Masculino,0,No,No,46,Si,No,DSL,No,No,No,No,No,No,Month-to-month,Si,Tarjeta de Credito,45.2,2065.15,No
WN-9251,Femenino,0,Si,No,67,Si,Si,DSL,Si,Si,Si,No,No,Si,One year,No,Deposito bancario,75.1,5064.45,No
DA-6974,Femenino,0,Si,No,55,Si,No,No,No internet service,No internet service,No internet service,No internet service,No internet service,No internet service,One year,No,Cheque,19.7,1140.05,No
UU-2616,Masculino,0,Si,No,33,Si,Si,DSL,Si,Si,Si,No,Si,No,Month-to-month,Si,Transferencia Bancaria,72.75,2447.45,No
JH-7064,Masculino,0,Si,Si,62,Si,No,No,No internet service,No internet service,No internet service,No internet service,No internet service,No internet service,Two year,No,Tarjeta de Credito,20.05,1263.9,No
MH-5103,Femenino,0,No,Si,1,Si,No,DSL,No,No,No,No,No,No,Month-to-month,No,Deposito bancario,45.95,45.95,Si
AW-7989,Masculino,0,Si,Si,49,No,No Servicio Telef nico,DSL,Si,No,No,No,No,Si,Month-to-month,Si,Cheque,39.2,1838.15,No
VV-4373,Masculino,0,No,No,1,Si,No,DSL,No,No,No,No,No,No,Month-to-month,Si,Cheque,44.75,44.75,No
UW-4559,Masculino,0,Si,No,14,Si,Si,Fiber optic,No,Si,Si,No,No,No,Month-to-month,Si,Cheque,82.65,1185,No
IG-7268,Masculino,1,No,No,18,Si,Si,Fiber optic,No,No,Si,Si,Si,No,Month-to-month,No,Transferencia Bancaria,93.9,1743.9,No
XW-1846,Femenino,1,No,No,1,Si,No,Fiber optic,No,No,No,No,No,No,Month-to-month,Si,Cheque,70.15,70.15,Si
KG-0235,Femenino,0,No,No,1,Si,No,Fiber optic,No,No,Si,No,Si,No,Month-to-month,Si,Tarjeta de Credito,85.55,85.55,Si
BW-6650,Femenino,0,Si,No,72,Si,Si,Fiber optic,Si,Si,Si,Si,Si,Si,Two year,Si,Tarjeta de Credito,117.15,8529.5,No
KY-9570,Masculino,0,No,No,64,Si,Si,Fiber optic,Si,No,Si,Si,No,Si,Two year,No,Tarjeta de Credito,99.25,6549.45,No
YG-6993,Masculino,0,Si,No,69,Si,Si,Fiber optic,Si,Si,Si,Si,Si,Si,Two year,Si,Transferencia Bancaria,112.55,7806.5,No
SY-2712,Femenino,0,No,No,1,Si,Si,No,No internet service,No internet service,No internet service,No internet service,No internet service,No internet service,Month-to-month,Si,Cheque,25.7,25.7,No
BG-0730,Masculino,0,Si,Si,71,Si,Si,DSL,Si,Si,Si,Si,Si,Si,Two year,No,Tarjeta de Credito,90.3,6287.3,No
IB-5498,Femenino,0,Si,Si,66,Si,No,DSL,No,No,No,Si,No,No,One year,Si,Tarjeta de Credito,49.4,3251.85,No
NT-9101,Masculino,0,No,No,2,Si,No,No,No internet service,No internet service,No internet service,No internet service,No internet service,No internet service,Month-to-month,No,Deposito bancario,19.4,50.6,No
SM-0013,Femenino,1,Si,No,71,Si,No,Fiber optic,Si,Si,Si,Si,Si,Si,Two year,Si,Transferencia Bancaria,109.7,7904.25,No
QD-9314,Masculino,0,No,No,11,Si,No,DSL,No,Si,No,No,Si,No,One year,Si,Cheque,61.25,729.95,No
AN-9308,Masculino,0,No,Si,47,Si,No,DSL,Si,Si,No,No,No,No,Month-to-month,Si,Cheque,55.3,2654.05,No
GB-2884,Femenino,0,Si,No,35,Si,No,Fiber optic,No,No,No,No,No,No,Month-to-month,Si,Cheque,70.3,2416.55,Si
NJ-3757,Masculino,1,Si,No,32,Si,Si,Fiber optic,No,Si,Si,No,Si,Si,Month-to-month,No,Transferencia Bancaria,106.35,3520.75,Si
DH-3413,Masculino,0,Si,Si,60,Si,Si,Fiber optic,No,Si,No,Si,Si,Si,Month-to-month,Si,Transferencia Bancaria,103.75,5969.95,No
PH-7649,Masculino,0,No,No,11,Si,No,No,No internet service,No internet service,No internet service,No internet service,No internet service,No internet service,One year,No,Deposito bancario,19.5,226.8,No
TC-6114,Femenino,0,No,No,29,No,No Servicio Telef nico,DSL,Si,Si,No,Si,No,No,One year,No,Tarjeta de Credito,39.5,1082.75,No
TR-3787,Masculino,0,Si,Si,21,No,No Servicio Telef nico,DSL,No,No,No,No,No,No,Month-to-month,Si,Cheque,26.05,565.75,No
GY-2573,Masculino,1,Si,No,48,Si,Si,Fiber optic,No,No,Si,No,No,Si,Month-to-month,Si,Tarjeta de Credito,91.05,4370.75,No
UM-5156,Femenino,0,No,Si,3,No,No Servicio Telef nico,DSL,No,Si,No,No,No,No,Month-to-month,No,Deposito bancario,29.65,90.05,No
QB-1247,Femenino,0,Si,Si,43,Si,No,DSL,No,Si,No,No,No,No,Month-to-month,No,Deposito bancario,50.2,2169.4,No
GM-6734,Masculino,0,No,No,5,Si,Si,Fiber optic,No,Si,Si,No,Si,Si,Month-to-month,No,Cheque,105.3,550.6,No
OA-9822,Femenino,0,No,No,1,Si,No,DSL,No,No,No,No,No,Si,Month-to-month,Si,Cheque,55.45,55.45,No
ER-6161,Masculino,0,Si,Si,71,Si,Si,DSL,Si,No,Si,Si,Si,Si,One year,No,Cheque,85.45,6300.85,No
JZ-1226,Femenino,0,Si,Si,8,Si,No,No,No internet service,No internet service,No internet service,No internet service,No internet service,No internet service,One year,No,Cheque,19.8,160.05,No
EI-7318,Masculino,0,No,No,8,Si,Si,DSL,No,No,No,No,Si,No,Month-to-month,Si,Cheque,59.25,436.6,No
PZ-3771,Masculino,0,No,No,20,Si,Si,Fiber optic,No,No,Si,No,Si,No,Month-to-month,Si,Tarjeta de Credito,90.7,1781.35,No
KC-5136,Femenino,0,Si,Si,33,Si,Si,Fiber optic,Si,No,Si,No,Si,Si,One year,Si,Deposito bancario,103.7,3467,Si
BS-8231,Masculino,0,No,No,71,Si,Si,Fiber optic,No,Si,No,No,No,No,One year,Si,Tarjeta de Credito,79.05,5552.5,No
LH-6486,Femenino,1,Si,No,31,Si,Si,Fiber optic,No,No,Si,No,Si,No,One year,Si,Cheque,90.7,2835.5,No
BF-4083,Femenino,1,Si,No,38,Si,Si,Fiber optic,Si,Si,No,No,No,Si,One year,No,Tarjeta de Credito,95,3591.25,No
WP-3722,Masculino,0,No,No,1,Si,No,Fiber optic,No,No,No,No,Si,Si,Month-to-month,Si,Cheque,88.35,88.35,Si
KB-7389,Femenino,0,Si,Si,2,No,No Servicio Telef nico,DSL,No,Si,No,No,No,No,Month-to-month,Si,Deposito bancario,30.25,63.75,No
WI-7176,Femenino,0,Si,No,12,No,No Servicio Telef nico,DSL,No,No,Si,No,Si,Si,Month-to-month,Si,Transferencia Bancaria,49.85,617.15,No
ZU-5141,Femenino,0,No,Si,9,Si,No,Fiber optic,Si,No,Si,Si,No,Si,Month-to-month,No,Transferencia Bancaria,93,870.25,No
HD-1089,Masculino,1,No,Si,11,Si,No,DSL,No,Si,No,Si,No,No,Month-to-month,Si,Cheque,54.55,601.25,No
HK-7623,Masculino,0,No,Si,6,Si,No,No,No internet service,No internet service,No internet service,No internet service,No internet service,No internet service,Month-to-month,No,Deposito bancario,19.7,111.65,No
SU-0310,Femenino,0,Si,No,71,Si,No,DSL,Si,Si,Si,Si,Si,Si,One year,Si,Transferencia Bancaria,84.8,6046.1,No
PY-5197,Femenino,0,Si,Si,42,Si,Si,Fiber optic,Si,Si,No,No,Si,No,One year,Si,Tarjeta de Credito,94.45,3923.8,No
ER-2929,Femenino,0,Si,Si,8,Si,No,Fiber optic,No,No,Si,No,Si,Si,Month-to-month,Si,Cheque,94.2,777.3,Si
SE-7548,Femenino,0,No,No,5,Si,No,Fiber optic,No,Si,No,No,Si,Si,Month-to-month,Si,Cheque,96.25,512.45,Si
VS-8835,Femenino,0,Si,No,2,Si,No,Fiber optic,No,No,No,No,No,No,Month-to-month,Si,Cheque,70.7,141.45,Si
RP-6619,Femenino,0,Si,Si,45,Si,No,No,No internet service,No internet service,No internet service,No internet service,No internet service,No internet service,Two year,No,Deposito bancario,20.85,892.15,No
RH-3275,Masculino,0,Si,Si,28,No,No Servicio Telef nico,DSL,No,Si,Si,Si,Si,Si,One year,Si,Tarjeta de Credito,60,1682.05,No
TY-3503,Femenino,0,Si,No,43,Si,Si,Fiber optic,No,Si,No,No,No,No,Month-to-month,No,Cheque,80.45,3398.9,No
GO-6901,Masculino,0,No,Si,60,Si,Si,DSL,Si,No,Si,Si,Si,Si,Two year,Si,Cheque,84.95,4984.85,No
NL-1623,Femenino,0,Si,No,42,No,No Servicio Telef nico,DSL,No,Si,No,Si,No,No,One year,No,Deposito bancario,33.55,1445.3,Si
XS-7021,Masculino,0,Si,Si,7,No,No Servicio Telef nico,DSL,Si,No,Si,Si,No,Si,Two year,No,Tarjeta de Credito,49.65,305.55,No
OU-9621,Femenino,0,Si,No,25,Si,No,No,No internet service,No internet service,No internet service,No internet service,No internet service,No internet service,One year,Si,Transferencia Bancaria,20.2,507.9,No
KZ-9898,Femenino,1,Si,Si,40,Si,Si,Fiber optic,No,No,No,No,Si,Si,Month-to-month,Si,Tarjeta de Credito,94.55,3640.45,Si
NH-8982,Masculino,0,No,No,27,Si,Si,Fiber optic,No,No,Si,No,Si,Si,One year,Si,Transferencia Bancaria,100.5,2673.45,No
KW-4307,Masculino,0,No,No,10,No,No Servicio Telef nico,DSL,No,Si,No,Si,No,No,Month-to-month,No,Cheque,35.75,389.8,No
YE-0141,Femenino,1,No,No,27,Si,Si,Fiber optic,No,Si,Si,No,No,No,Month-to-month,Si,Transferencia Bancaria,86.45,2401.05,No
ZK-2450,Femenino,0,No,No,11,Si,No,DSL,No,No,Si,Si,No,No,One year,No,Transferencia Bancaria,53.8,651.55,No
DE-3694,Masculino,0,Si,Si,4,No,No Servicio Telef nico,DSL,Si,No,No,No,Si,No,Month-to-month,No,Tarjeta de Credito,38.55,156.1,No
JR-3893,Masculino,0,No,No,68,No,No Servicio Telef nico,DSL,No,No,Si,No,No,Si,Month-to-month,Si,Transferencia Bancaria,39.9,2796.35,No
OA-9603,Masculino,1,No,No,1,Si,No,Fiber optic,No,No,No,No,No,No,Month-to-month,Si,Cheque,70.05,70.05,No
KX-1133,Femenino,0,No,No,18,Si,No,No,No internet service,No internet service,No internet service,No internet service,No internet service,No internet service,One year,No,Deposito bancario,20.1,407.05,No
PE-5236,Femenino,0,No,No,57,Si,Si,Fiber optic,Si,Si,Si,No,Si,Si,Two year,Si,Transferencia Bancaria,112.95,6465,Si
GV-0142,Masculino,0,No,No,26,Si,No,No,No internet service,No internet service,No internet service,No internet service,No internet service,No internet service,Month-to-month,Si,Cheque,20.3,511.25,No
FY-1049,Femenino,0,Si,No,17,No,No Servicio Telef nico,DSL,No,Si,Si,No,No,No,Month-to-month,Si,Tarjeta de Credito,35.65,646.05,No
FO-7854,Masculino,0,No,No,1,No,No Servicio Telef nico,DSL,No,No,No,No,No,Si,Month-to-month,No,Cheque,35.9,35.9,Si
FA-2519,Masculino,0,No,Si,38,Si,Si,Fiber optic,No,No,Si,No,Si,Si,Month-to-month,Si,Transferencia Bancaria,99.25,3777.15,Si
LN-8406,Masculino,1,Si,No,59,Si,No,Fiber optic,Si,Si,Si,No,No,No,One year,Si,Tarjeta de Credito,82.95,4903.15,No
BU-1821,Masculino,0,No,No,30,Si,No,DSL,Si,No,Si,No,No,No,Two year,Si,Deposito bancario,55.65,1653.85,No
JQ-8263,Masculino,1,No,No,2,No,No Servicio Telef nico,DSL,No,No,No,No,No,No,Month-to-month,Si,Deposito bancario,24.45,47.5,Si
UY-0023,Femenino,1,Si,No,50,Si,Si,No,No internet service,No internet service,No internet service,No internet service,No internet service,No internet service,One year,No,Cheque,25.2,1306.3,No
DP-8314,Masculino,0,No,No,9,No,No Servicio Telef nico,DSL,Si,No,Si,Si,No,Si,One year,No,Deposito bancario,50.8,463.6,No
WC-1465,Femenino,0,Si,Si,3,Si,No,No,No internet service,No internet service,No internet service,No internet service,No internet service,No internet service,Month-to-month,No,Deposito bancario,19.65,60.65,No
SF-9481,Femenino,0,No,Si,14,Si,No,DSL,No,No,Si,No,Si,No,Month-to-month,Si,Tarjeta de Credito,59.8,824.85,No
SV-6360,Femenino,1,No,No,31,Si,No,Fiber optic,Si,No,No,No,No,No,Month-to-month,Si,Tarjeta de Credito,73.55,2094.65,No
GG-0567,Femenino,0,No,No,7,Si,No,DSL,Si,Si,Si,No,No,No,Month-to-month,No,Cheque,61.4,438.9,No
IV-7089,Femenino,0,No,No,8,Si,Si,Fiber optic,Si,No,No,Si,Si,Si,Month-to-month,Si,Transferencia Bancaria,103.35,847.3,Si
MR-8884,Masculino,0,Si,Si,17,Si,No,No,No internet service,No internet service,No internet service,No internet service,No internet service,No internet service,One year,No,Transferencia Bancaria,19.9,329.75,No
UD-2171,Masculino,0,Si,Si,32,Si,No,No,No internet service,No internet service,No internet service,No internet service,No internet service,No internet service,Month-to-month,Si,Tarjeta de Credito,19.45,674.55,No
IK-9050,Femenino,1,No,No,2,Si,No,Fiber optic,No,No,No,No,Si,No,Month-to-month,No,Deposito bancario,81.5,162.55,No
YM-2205,Masculino,1,No,No,7,Si,Si,Fiber optic,No,No,No,No,Si,No,Month-to-month,Si,Cheque,84.8,546.95,Si
CA-9802,Femenino,0,Si,Si,72,Si,Si,Fiber optic,Si,Si,Si,No,Si,Si,Two year,No,Tarjeta de Credito,109.55,7887.25,No
IZ-1254,Femenino,1,No,No,31,Si,Si,Fiber optic,No,Si,No,No,Si,Si,Month-to-month,Si,Cheque,99.95,3186.65,Si
WZ-0187,Femenino,0,Si,Si,27,Si,No,Fiber optic,Si,No,No,No,No,No,Month-to-month,No,Deposito bancario,74.4,1972.35,No
TO-9492,Femenino,0,No,No,18,Si,Si,Fiber optic,No,Si,No,No,Si,No,Month-to-month,Si,Tarjeta de Credito,90,1527.35,Si
VW-1475,Masculino,0,No,No,7,Si,No,Fiber optic,No,No,Si,No,No,No,Month-to-month,Si,Cheque,74.9,490.55,No
OT-9221,Femenino,1,No,No,14,Si,Si,Fiber optic,No,Si,Si,No,Si,Si,Month-to-month,Si,Cheque,104.85,1531.4,Si
MV-1357,Masculino,0,Si,Si,11,Si,No,DSL,No,No,Si,No,Si,No,Month-to-month,Si,Transferencia Bancaria,59.65,683.25,No
MV-7602,Femenino,0,Si,Si,72,Si,Si,Fiber optic,Si,No,Si,Si,Si,Si,Two year,Si,Transferencia Bancaria,110.45,8058.85,No
FU-3325,Masculino,0,Si,Si,28,Si,Si,Fiber optic,Si,Si,No,No,Si,Si,One year,No,Cheque,106.1,2847.4,Si
QM-5908,Masculino,1,No,No,15,Si,Si,Fiber optic,No,No,No,No,No,No,Month-to-month,Si,Tarjeta de Credito,74.2,1133.9,Si
BV-1197,Femenino,1,No,No,4,Si,Si,Fiber optic,No,No,No,No,No,No,Month-to-month,Si,Cheque,74.45,294.45,No
KG-5406,Femenino,0,No,No,71,Si,Si,No,No internet service,No internet service,No internet service,No internet service,No internet service,No internet service,Two year,No,Cheque,24.55,1719.15,No
YY-8481,Femenino,0,No,No,5,Si,No,Fiber optic,No,Si,No,Si,No,Si,Month-to-month,Si,Cheque,89.35,461.7,Si
HY-5968,Masculino,0,Si,Si,47,Si,Si,No,No internet service,No internet service,No internet service,No internet service,No internet service,No internet service,Two year,No,Deposito bancario,24.55,1160.45,No
EF-5198,Masculino,1,Si,No,57,Si,No,Fiber optic,No,Si,Si,No,Si,No,One year,Si,Cheque,90.65,5199.8,No
GM-7516,Masculino,1,Si,No,50,Si,Si,Fiber optic,Si,No,Si,No,Si,Si,Two year,Si,Tarjeta de Credito,105.05,5163.3,No
AD-7140,Masculino,0,No,No,8,Si,No,No,No internet service,No internet service,No internet service,No internet service,No internet service,No internet service,Month-to-month,Si,Tarjeta de Credito,20.45,162.3,No
XT-2230,Femenino,0,Si,Si,48,Si,No,No,No internet service,No internet service,No internet service,No internet service,No internet service,No internet service,Two year,No,Deposito bancario,19.55,883.35,No
YL-7706,Femenino,0,No,No,70,Si,No,No,No internet service,No internet service,No internet service,No internet service,No internet service,No internet service,One year,No,Transferencia Bancaria,19.7,1341.5,No
KT-2585,Masculino,0,No,Si,1,Si,No,DSL,Si,Si,No,Si,No,Si,Month-to-month,Si,Transferencia Bancaria,70.45,70.45,No
UY-7994,Masculino,0,Si,No,8,Si,Si,Fiber optic,No,No,No,No,No,Si,Month-to-month,Si,Transferencia Bancaria,85.65,659.45,No
IA-2609,Femenino,0,No,No,1,Si,Si,Fiber optic,No,No,No,No,No,No,Month-to-month,Si,Cheque,77.15,77.15,Si
CS-1740,Masculino,0,No,No,1,No,No Servicio Telef nico,DSL,No,No,No,No,No,Si,Month-to-month,Si,Transferencia Bancaria,35.25,35.25,Si
BI-7717,Masculino,0,Si,Si,60,Si,No,No,No internet service,No internet service,No internet service,No internet service,No internet service,No internet service,Two year,No,Deposito bancario,20.55,1205.05,No
RA-6559,Masculino,0,Si,Si,49,Si,Si,Fiber optic,No,No,No,Si,Si,Si,One year,Si,Cheque,97.95,4917.9,No
OH-2636,Masculino,0,Si,No,4,No,No Servicio Telef nico,DSL,No,Si,No,No,Si,Si,Month-to-month,Si,Cheque,48.55,201,Si
MR-4716,Femenino,0,No,No,29,Si,No,No,No internet service,No internet service,No internet service,No internet service,No internet service,No internet service,One year,No,Deposito bancario,20,599.3,No
LJ-2143,Femenino,0,Si,No,67,Si,Si,No,No internet service,No internet service,No internet service,No internet service,No internet service,No internet service,Two year,Si,Tarjeta de Credito,25.25,1733.15,No
OO-1323,Femenino,0,Si,No,53,Si,Si,Fiber optic,No,Si,No,No,Si,Si,Month-to-month,Si,Tarjeta de Credito,98.4,5149.5,Si
MN-3200,Masculino,0,Si,No,67,Si,Si,DSL,Si,Si,Si,Si,No,No,Two year,No,Tarjeta de Credito,70.9,4677.1,No
HX-6164,Femenino,0,Si,Si,6,Si,No,No,No internet service,No internet service,No internet service,No internet service,No internet service,No internet service,Month-to-month,No,Deposito bancario,19.85,119.3,No
IX-5630,Femenino,0,No,No,47,Si,Si,Fiber optic,No,Si,Si,No,Si,Si,Month-to-month,Si,Cheque,106.35,4849.1,No
DW-0320,Femenino,0,No,No,53,Si,No,Fiber optic,Si,Si,Si,Si,No,Si,Two year,No,Deposito bancario,99.5,5424.25,No
MG-9135,Masculino,0,Si,No,69,Si,No,DSL,Si,Si,Si,Si,Si,Si,Two year,Si,Deposito bancario,84.7,5878.9,No
GL-1212,Masculino,0,No,No,3,Si,No,Fiber optic,Si,No,No,No,No,Si,Month-to-month,Si,Deposito bancario,86.05,244.85,No
JG-7878,Masculino,0,No,No,4,Si,No,DSL,No,No,No,No,No,No,Month-to-month,No,Deposito bancario,44.55,220.75,No
AU-1088,Masculino,0,Si,Si,56,Si,Si,DSL,Si,Si,No,Si,No,Si,Two year,Si,Tarjeta de Credito,75.85,4261.2,No
GZ-0397,Masculino,1,Si,No,59,Si,Si,Fiber optic,No,No,No,No,Si,Si,Month-to-month,Si,Transferencia Bancaria,93.85,5574.75,Si
YW-6614,Masculino,1,Si,No,61,Si,Si,No,No internet service,No internet service,No internet service,No internet service,No internet service,No internet service,Two year,No,Transferencia Bancaria,25,1501.75,No
OZ-9588,Femenino,0,Si,No,2,Si,No,DSL,No,No,No,No,No,No,Month-to-month,Si,Cheque,45,89.75,No
EU-7641,Masculino,1,Si,Si,46,Si,Si,Fiber optic,Si,Si,Si,No,Si,No,Month-to-month,Si,Cheque,100.7,4541.2,Si
EP-6476,Masculino,0,Si,Si,12,Si,No,No,No internet service,No internet service,No internet service,No internet service,No internet service,No internet service,Month-to-month,No,Deposito bancario,20.5,255.5,No
ZV-9921,Femenino,0,No,No,14,Si,Si,Fiber optic,No,No,Si,No,No,No,Month-to-month,Si,Cheque,80.45,1072,Si
FG-1174,Femenino,0,Si,Si,28,Si,Si,Fiber optic,No,No,No,Si,No,Si,One year,Si,Cheque,90.45,2509.25,No
HV-6620,Masculino,0,No,No,24,Si,No,DSL,Si,Si,No,Si,No,No,Month-to-month,No,Transferencia Bancaria,60.45,1440.75,No
ML-4701,Masculino,0,No,No,31,Si,No,DSL,No,No,Si,Si,No,No,Month-to-month,Si,Cheque,55.25,1715.65,Si
MA-1032,Femenino,0,Si,Si,68,Si,Si,DSL,Si,Si,Si,Si,No,Si,One year,Si,Cheque,78.45,5333.35,No
TQ-7641,Masculino,0,No,Si,39,Si,Si,Fiber optic,No,No,No,Si,Si,Si,Two year,No,Deposito bancario,100.55,3895.35,No
TK-1552,Femenino,0,Si,No,42,Si,No,No,No internet service,No internet service,No internet service,No internet service,No internet service,No internet service,Month-to-month,No,Tarjeta de Credito,20.35,869.9,No
GV-9206,Masculino,0,Si,No,13,No,No Servicio Telef nico,DSL,Si,No,No,Si,Si,Si,Month-to-month,Si,Cheque,54.45,706.85,Si
ZL-8622,Femenino,0,Si,No,6,Si,Si,Fiber optic,No,Si,No,No,No,Si,Month-to-month,Si,Cheque,90.75,512.25,No
BB-1596,Masculino,0,No,No,35,Si,Si,Fiber optic,No,No,No,No,No,No,Month-to-month,No,Tarjeta de Credito,75.35,2636.05,Si
UX-6188,Femenino,0,Si,No,38,Si,No,No,No internet service,No internet service,No internet service,No internet service,No internet service,No internet service,One year,Si,Tarjeta de Credito,20.25,814.75,No
KW-2333,Masculino,0,No,No,18,Si,No,No,No internet service,No internet service,No internet service,No internet service,No internet service,No internet service,Two year,No,Tarjeta de Credito,20.05,388.6,No
SK-5702,Femenino,0,Si,No,4,Si,No,No,No internet service,No internet service,No internet service,No internet service,No internet service,No internet service,Month-to-month,No,Deposito bancario,19.6,93.45,No
YW-1134,Masculino,0,Si,No,27,Si,No,DSL,No,Si,No,Si,No,No,Month-to-month,Si,Cheque,53.8,1389.85,No
GW-6061,Masculino,0,No,Si,41,Si,No,DSL,Si,Si,Si,No,Si,No,One year,No,Deposito bancario,70.2,2894.55,No
TD-0679,Masculino,0,Si,Si,50,Si,No,DSL,Si,No,No,Si,Si,Si,One year,No,Cheque,75.5,4025.6,No
WC-6585,Masculino,0,Si,Si,72,Si,No,No,No internet service,No internet service,No internet service,No internet service,No internet service,No internet service,Two year,No,Cheque,20.35,1354.4,No
YG-9067,Femenino,0,No,No,70,Si,Si,No,No internet service,No internet service,No internet service,No internet service,No internet service,No internet service,One year,No,Tarjeta de Credito,26.05,1856.4,No
SQ-9067,Masculino,0,Si,Si,44,Si,No,No,No internet service,No internet service,No internet service,No internet service,No internet service,No internet service,One year,No,Transferencia Bancaria,20.6,926,No
WX-8433,Masculino,0,No,No,2,Si,No,Fiber optic,Si,No,No,No,No,No,Month-to-month,Si,Cheque,75.7,189.2,Si
SP-1776,Femenino,0,Si,Si,34,Si,No,No,No internet service,No internet service,No internet service,No internet service,No internet service,No internet service,One year,Si,Transferencia Bancaria,20.1,682.1,No
SD-8735,Femenino,1,Si,No,72,Si,Si,No,No internet service,No internet service,No internet service,No internet service,No internet service,No internet service,Two year,No,Transferencia Bancaria,24.3,1778.7,No
PU-9668,Masculino,0,Si,No,71,Si,Si,No,No internet service,No internet service,No internet service,No internet service,No internet service,No internet service,Two year,Si,Cheque,24.5,1816.2,No
GP-9405,Femenino,0,No,No,64,Si,Si,Fiber optic,No,Si,Si,Si,Si,Si,Two year,Si,Tarjeta de Credito,110.5,7069.25,No
QU-1926,Femenino,0,Si,No,72,Si,Si,No,No internet service,No internet service,No internet service,No internet service,No internet service,No internet service,Two year,Si,Transferencia Bancaria,25.25,1841.2,No
GN-3707,Masculino,0,No,No,1,Si,Si,Fiber optic,No,No,No,No,No,No,Month-to-month,Si,Deposito bancario,74.25,74.25,Si
NV-7016,Masculino,1,Si,No,29,Si,No,Fiber optic,Si,No,Si,No,No,Si,One year,No,Transferencia Bancaria,90.1,2656.7,No
NV-5829,Femenino,0,Si,No,23,Si,No,DSL,Si,No,Si,Si,No,Si,One year,Si,Transferencia Bancaria,68.75,1689.45,No
AX-9565,Masculino,0,Si,Si,52,Si,No,No,No internet service,No internet service,No internet service,No internet service,No internet service,No internet service,Two year,No,Deposito bancario,19.2,1054.75,No
LI-8922,Femenino,1,No,No,25,Si,Si,Fiber optic,No,Si,No,No,No,Si,Month-to-month,Si,Cheque,89.7,2187.55,Si
LI-8869,Femenino,0,No,No,64,Si,Si,Fiber optic,Si,Si,Si,Si,Si,Si,Two year,Si,Transferencia Bancaria,115.1,7334.05,No
UM-8245,Femenino,1,No,No,16,Si,Si,Fiber optic,No,No,No,No,Si,Si,Month-to-month,Si,Cheque,96.4,1581.2,Si
SA-5186,Masculino,1,No,No,1,Si,No,Fiber optic,No,No,No,No,No,No,Month-to-month,Si,Transferencia Bancaria,69.5,69.5,Si
RX-0447,Masculino,0,No,No,24,Si,Si,Fiber optic,No,Si,No,No,Si,Si,Month-to-month,Si,Transferencia Bancaria,99.65,2404.85,No
WW-4927,Masculino,0,Si,No,2,Si,Si,Fiber optic,No,No,Si,No,Si,No,Month-to-month,Si,Cheque,91.45,171.45,No
YP-5788,Femenino,0,Si,Si,34,Si,No,DSL,Si,Si,Si,Si,Si,Si,Two year,No,Deposito bancario,84.75,2839.45,No
SF-5373,Masculino,1,Si,No,36,Si,Si,Fiber optic,No,No,No,No,No,Si,Month-to-month,Si,Tarjeta de Credito,85.25,3132.75,Si
KB-0661,Masculino,0,Si,Si,53,Si,Si,DSL,No,No,Si,Si,Si,Si,One year,Si,Deposito bancario,78.75,3942.45,No
WW-9081,Femenino,0,Si,Si,47,Si,No,No,No internet service,No internet service,No internet service,No internet service,No internet service,No internet service,Two year,No,Tarjeta de Credito,20.25,873.4,No
ZQ-0784,Masculino,0,No,Si,72,Si,No,No,No internet service,No internet service,No internet service,No internet service,No internet service,No internet service,Two year,No,Tarjeta de Credito,19.9,1529.65,No
PZ-3133,Masculino,0,Si,Si,72,Si,Si,Fiber optic,Si,Si,No,Si,No,Si,Two year,Si,Tarjeta de Credito,97.75,6991.6,No
ZJ-5766,Masculino,0,No,No,1,Si,No,No,No internet service,No internet service,No internet service,No internet service,No internet service,No internet service,Month-to-month,No,Deposito bancario,19.4,19.4,Si
GJ-8931,Femenino,0,No,No,9,Si,Si,Fiber optic,No,No,No,No,No,Si,Month-to-month,Si,Cheque,83.3,803.3,Si
PV-4277,Femenino,0,No,No,8,Si,No,Fiber optic,No,No,No,No,Si,No,Month-to-month,Si,Transferencia Bancaria,80.1,679.3,Si
TC-0022,Masculino,1,No,No,45,Si,No,DSL,Si,No,Si,No,No,Si,One year,No,Tarjeta de Credito,62.7,2791.5,Si
SV-0722,Femenino,0,No,No,7,Si,No,Fiber optic,No,No,Si,Si,Si,Si,Month-to-month,Si,Cheque,100.4,715,No
YV-3612,Femenino,0,Si,No,71,Si,Si,No,No internet service,No internet service,No internet service,No internet service,No internet service,No internet service,Two year,Si,Tarjeta de Credito,24.45,1681.6,No
YC-9825,Femenino,1,No,No,41,Si,No,Fiber optic,No,No,Si,Si,Si,Si,One year,Si,Transferencia Bancaria,101.1,4016.2,No
NS-5397,Masculino,0,Si,Si,67,No,No Servicio Telef nico,DSL,Si,No,No,No,Si,Si,Two year,No,Tarjeta de Credito,50.9,3281.65,No
HB-8565,Masculino,0,Si,No,69,Si,Si,Fiber optic,Si,Si,Si,Si,No,Si,One year,Si,Tarjeta de Credito,107.2,7317.1,No
DH-2000,Femenino,1,Si,No,70,Si,Si,DSL,Si,Si,Si,Si,Si,Si,Two year,Si,Transferencia Bancaria,92.2,6474.45,No
HH-0203,Masculino,0,No,No,25,Si,Si,No,No internet service,No internet service,No internet service,No internet service,No internet service,No internet service,One year,No,Transferencia Bancaria,25.3,676.35,Si
ER-8670,Masculino,0,No,No,72,Si,Si,Fiber optic,Si,Si,Si,Si,Si,Si,Two year,No,Transferencia Bancaria,113.4,8164.1,No
UJ-7758,Masculino,0,Si,Si,34,No,No Servicio Telef nico,DSL,No,No,No,Si,Si,No,Two year,Si,Cheque,40.55,1325.85,No
ON-2050,Femenino,0,Si,Si,65,Si,Si,No,No internet service,No internet service,No internet service,No internet service,No internet service,No internet service,Two year,No,Tarjeta de Credito,26,1654.85,No
JC-7055,Femenino,0,No,No,70,Si,Si,Fiber optic,Si,Si,Si,Si,Si,Si,Two year,Si,Tarjeta de Credito,111.95,7795.95,No
UU-0739,Femenino,0,Si,Si,72,No,No Servicio Telef nico,DSL,Si,No,Si,No,Si,Si,Two year,Si,Tarjeta de Credito,53.8,3952.45,No
DX-4826,Masculino,0,No,Si,35,Si,No,DSL,No,No,No,Si,Si,Si,One year,Si,Deposito bancario,72.1,2495.15,No
KM-0952,Masculino,0,No,No,13,Si,Si,Fiber optic,Si,No,No,No,Si,Si,Month-to-month,No,Deposito bancario,98.15,1230.25,Si
KL-7285,Femenino,0,Si,No,12,Si,Si,DSL,Si,No,Si,No,Si,Si,One year,No,Cheque,78.85,876.75,No
PQ-0654,Femenino,0,Si,Si,62,Si,No,DSL,Si,No,Si,Si,Si,No,One year,Si,Transferencia Bancaria,70.75,4263.45,No
NT-7175,Femenino,0,No,No,25,Si,No,DSL,Si,No,No,Si,Si,Si,Month-to-month,Si,Tarjeta de Credito,76.15,1992.95,No
SH-7963,Femenino,0,No,No,52,No,No Servicio Telef nico,DSL,Si,Si,No,Si,No,No,Two year,No,Deposito bancario,39.1,1982.1,No
BP-9796,Masculino,1,No,No,8,Si,No,Fiber optic,No,No,No,No,No,No,Month-to-month,Si,Tarjeta de Credito,69.95,562.7,No
GW-0188,Masculino,0,No,No,2,Si,No,No,No internet service,No internet service,No internet service,No internet service,No internet service,No internet service,Month-to-month,No,Deposito bancario,20.05,33.7,No
GM-8129,Femenino,0,Si,Si,56,Si,No,No,No internet service,No internet service,No internet service,No internet service,No internet service,No internet service,Two year,No,Deposito bancario,20.05,1090.1,No
DD-2882,Femenino,0,No,No,12,Si,No,No,No internet service,No internet service,No internet service,No internet service,No internet service,No internet service,Month-to-month,No,Transferencia Bancaria,19.45,227.45,No
LQ-3547,Femenino,0,Si,No,47,Si,Si,No,No internet service,No internet service,No internet service,No internet service,No internet service,No internet service,One year,No,Cheque,26.9,1250.85,No
NO-9137,Masculino,1,No,No,2,Si,No,No,No internet service,No internet service,No internet service,No internet service,No internet service,No internet service,Month-to-month,No,Cheque,19.2,37.2,No
TT-5843,Femenino,0,No,No,18,Si,No,DSL,No,No,Si,No,No,No,Month-to-month,Si,Deposito bancario,50,892.7,No
RJ-1849,Femenino,0,No,No,8,Si,No,DSL,Si,No,No,No,Si,No,Month-to-month,Si,Cheque,60,487.75,No
GA-8868,Masculino,0,Si,No,45,Si,Si,Fiber optic,Si,No,Si,No,No,No,Month-to-month,Si,Deposito bancario,84.55,3713.95,No
UK-4061,Masculino,0,No,No,3,Si,No,DSL,No,No,No,No,No,No,Month-to-month,No,Deposito bancario,45.45,141.7,No
XP-5380,Femenino,0,No,No,38,Si,No,No,No internet service,No internet service,No internet service,No internet service,No internet service,No internet service,One year,No,Deposito bancario,20.05,678.2,No
QM-8263,Masculino,0,Si,No,72,Si,Si,Fiber optic,Si,Si,Si,Si,Si,Si,Two year,Si,Cheque,115.55,8425.3,No
EY-8178,Masculino,0,No,No,46,Si,Si,Fiber optic,Si,Si,No,No,No,Si,Month-to-month,Si,Cheque,93.7,4154.8,Si
JC-3230,Femenino,0,Si,Si,71,Si,Si,Fiber optic,Si,Si,Si,No,Si,No,Two year,Si,Tarjeta de Credito,99,7061.65,No
OR-0277,Masculino,0,Si,Si,66,No,No Servicio Telef nico,DSL,No,No,No,Si,Si,Si,Two year,No,Transferencia Bancaria,50.55,3364.55,No
IE-5130,Masculino,1,No,No,25,Si,Si,Fiber optic,No,Si,Si,No,Si,Si,Month-to-month,No,Deposito bancario,105.95,2655.25,Si
WY-3230,Masculino,0,No,No,18,Si,Si,DSL,No,No,Si,Si,Si,Si,One year,Si,Tarjeta de Credito,82,1425.45,Si
BP-7996,Femenino,0,Si,Si,13,Si,Si,No,No internet service,No internet service,No internet service,No internet service,No internet service,No internet service,Two year,Si,Transferencia Bancaria,25,332.5,No
WL-3227,Femenino,0,Si,Si,65,Si,Si,DSL,Si,Si,Si,Si,Si,Si,Two year,No,Transferencia Bancaria,91.55,5963.95,No
BD-0407,Masculino,0,Si,No,60,Si,Si,Fiber optic,No,Si,Si,No,Si,No,Month-to-month,Si,Cheque,95.75,5742.9,Si
FU-2266,Masculino,0,Si,Si,15,Si,No,No,No internet service,No internet service,No internet service,No internet service,No internet service,No internet service,Two year,No,Deposito bancario,19.35,278.85,No
UL-8237,Femenino,0,Si,No,72,Si,Si,No,No internet service,No internet service,No internet service,No internet service,No internet service,No internet service,Two year,No,Tarjeta de Credito,24.85,1871.85,No
UD-9600,Masculino,0,Si,No,30,Si,Si,Fiber optic,No,No,No,No,Si,Si,Month-to-month,Si,Tarjeta de Credito,94.05,2866.45,Si
AZ-8216,Femenino,0,Si,Si,42,Si,No,Fiber optic,No,No,Si,Si,Si,Si,Two year,Si,Cheque,100.4,4303.65,No
BT-9153,Femenino,0,Si,No,71,Si,Si,No,No internet service,No internet service,No internet service,No internet service,No internet service,No internet service,Two year,No,Transferencia Bancaria,25,1753,No
SJ-4074,Femenino,0,No,No,1,Si,No,DSL,No,No,No,No,No,Si,Month-to-month,Si,Deposito bancario,54.75,54.75,Si
AT-3269,Masculino,1,No,No,39,Si,Si,Fiber optic,No,No,No,No,Si,Si,Month-to-month,Si,Transferencia Bancaria,95.65,3759.05,Si
PE-5186,Femenino,0,No,No,35,Si,No,No,No internet service,No internet service,No internet service,No internet service,No internet service,No internet service,Month-to-month,No,Transferencia Bancaria,19.25,617.65,No
AM-1074,Femenino,0,Si,Si,53,Si,No,Fiber optic,No,Si,Si,Si,Si,Si,Month-to-month,Si,Transferencia Bancaria,108.25,5935.1,No
GM-4910,Femenino,0,No,No,1,Si,Si,Fiber optic,No,No,No,No,Si,Si,Month-to-month,Si,Cheque,94.6,94.6,Si
WY-0354,Femenino,1,Si,Si,31,Si,No,Fiber optic,No,No,Si,Si,Si,Si,Month-to-month,Si,Cheque,98.9,2911.3,Si
FE-4361,Masculino,0,No,No,48,Si,No,No,No internet service,No internet service,No internet service,No internet service,No internet service,No internet service,Two year,No,Tarjeta de Credito,20.15,982.95,No
UM-7748,Femenino,1,No,Si,30,Si,Si,Fiber optic,No,No,No,Si,Si,Si,Month-to-month,Si,Cheque,101.3,2974.5,No
ZC-0380,Masculino,0,No,No,10,Si,No,No,No internet service,No internet service,No internet service,No internet service,No internet service,No internet service,Month-to-month,No,Tarjeta de Credito,20,198.7,No
FE-7145,Femenino,0,No,Si,12,Si,Si,Fiber optic,No,Si,Si,No,Si,Si,Month-to-month,Si,Cheque,105.3,1275.65,No
MV-6463,Femenino,1,No,No,57,Si,No,DSL,Si,No,Si,Si,Si,No,Two year,No,Transferencia Bancaria,69.85,4003,No
JQ-3969,Femenino,0,Si,No,58,Si,No,DSL,Si,Si,No,No,Si,No,Month-to-month,Si,Tarjeta de Credito,65.25,3791.6,No
EG-9624,Femenino,0,No,No,37,Si,No,No,No internet service,No internet service,No internet service,No internet service,No internet service,No internet service,Two year,No,Deposito bancario,19.8,813.3,No
EQ-1051,Femenino,0,Si,Si,44,Si,No,No,No internet service,No internet service,No internet service,No internet service,No internet service,No internet service,Month-to-month,No,Deposito bancario,19.6,780.25,No
AS-5849,Masculino,0,No,Si,27,Si,No,No,No internet service,No internet service,No internet service,No internet service,No internet service,No internet service,One year,No,Tarjeta de Credito,20.05,552.9,No
IN-5780,Femenino,0,No,No,8,Si,No,DSL,No,No,No,Si,No,No,Month-to-month,No,Cheque,49.4,408.25,No
OY-7576,Masculino,1,No,No,3,Si,Si,Fiber optic,No,No,No,No,No,No,Month-to-month,Si,Cheque,76.05,231.8,Si
ZJ-4526,Femenino,1,Si,No,25,Si,No,Fiber optic,No,Si,Si,No,No,Si,Month-to-month,No,Transferencia Bancaria,88.4,2191.15,No
FZ-8384,Femenino,0,Si,Si,57,Si,Si,Fiber optic,No,Si,No,No,Si,Si,Month-to-month,Si,Cheque,100.6,5611.7,No
RN-3750,Femenino,0,No,No,12,Si,No,No,No internet service,No internet service,No internet service,No internet service,No internet service,No internet service,Month-to-month,No,Deposito bancario,19.45,246.25,No
CQ-0962,Femenino,0,Si,Si,62,Si,No,No,No internet service,No internet service,No internet service,No internet service,No internet service,No internet service,Two year,No,Transferencia Bancaria,20.3,1296.15,No
YX-3096,Femenino,0,Si,No,65,Si,Si,Fiber optic,No,Si,Si,Si,Si,Si,Two year,Si,Transferencia Bancaria,107.65,7082.85,No
BC-1265,Femenino,0,Si,No,71,Si,Si,DSL,No,No,Si,Si,Si,Si,Two year,Si,Transferencia Bancaria,80.45,5662.25,No
LX-5837,Femenino,0,Si,Si,21,Si,No,DSL,No,Si,No,No,Si,No,One year,Si,Tarjeta de Credito,58.85,1215.45,No
AZ-5945,Masculino,0,Si,No,71,Si,Si,Fiber optic,Si,Si,Si,No,Si,Si,One year,Si,Cheque,109.6,7854.15,No
QR-8325,Femenino,0,No,No,7,Si,No,Fiber optic,No,No,Si,No,No,No,Month-to-month,Si,Cheque,75.15,525,No
VM-6384,Femenino,0,No,No,72,Si,No,DSL,Si,Si,Si,Si,No,Si,Two year,Si,Tarjeta de Credito,73,5265.2,No
SL-2262,Femenino,0,No,No,1,Si,No,Fiber optic,No,No,No,No,No,No,Month-to-month,No,Cheque,70.1,70.1,No
CL-7730,Femenino,0,Si,Si,72,Si,Si,Fiber optic,No,Si,Si,Si,No,Si,Two year,Si,Transferencia Bancaria,98.65,7129.45,No
HI-1135,Femenino,0,Si,Si,64,Si,Si,Fiber optic,No,Si,Si,Si,Si,Si,One year,Si,Cheque,111.45,7266.95,No
AP-0164,Femenino,0,No,No,72,Si,Si,Fiber optic,Si,Si,Si,Si,Si,Si,Two year,Si,Cheque,114.9,8496.7,No
ES-6481,Femenino,0,No,No,29,Si,Si,Fiber optic,No,No,Si,No,Si,Si,Month-to-month,No,Transferencia Bancaria,100.55,2878.75,No
NE-1790,Femenino,0,No,No,13,Si,No,No,No internet service,No internet service,No internet service,No internet service,No internet service,No internet service,Two year,Si,Deposito bancario,20.4,261.3,No
EE-1550,Femenino,0,No,No,31,Si,Si,Fiber optic,Si,Si,No,No,Si,Si,Month-to-month,No,Cheque,104.35,3205.6,No
TM-5539,Masculino,1,No,No,1,Si,No,Fiber optic,No,No,No,No,No,No,Month-to-month,Si,Cheque,69.75,69.75,Si
SA-4323,Masculino,0,Si,Si,7,No,No Servicio Telef nico,DSL,Si,No,No,Si,No,No,Month-to-month,Si,Cheque,34.5,279.25,Si
BZ-4446,Masculino,0,Si,No,61,Si,Si,Fiber optic,No,Si,Si,No,Si,Si,Month-to-month,Si,Cheque,105.55,6281.45,Si
IV-5202,Femenino,0,No,Si,39,No,No Servicio Telef nico,DSL,No,No,Si,No,No,No,Month-to-month,No,Tarjeta de Credito,30.1,1131.3,Si
JC-5976,Masculino,0,Si,No,10,Si,No,Fiber optic,No,No,No,No,No,No,Month-to-month,Si,Cheque,70.3,738.2,Si
RK-8198,Femenino,0,Si,Si,14,Si,Si,DSL,No,Si,No,Si,Si,Si,Month-to-month,No,Tarjeta de Credito,80.45,1137.05,No
OC-0137,Femenino,0,No,No,1,Si,Si,Fiber optic,No,Si,No,No,No,No,Month-to-month,Si,Deposito bancario,80.2,80.2,Si
NQ-3351,Femenino,0,Si,Si,67,Si,Si,Fiber optic,Si,No,No,Si,No,Si,One year,Si,Tarjeta de Credito,94.35,6341.45,Si
EO-9297,Femenino,0,No,No,72,Si,Si,DSL,Si,Si,Si,Si,Si,Si,Two year,Si,Transferencia Bancaria,91.35,6697.2,No
JN-7593,Masculino,0,Si,Si,6,Si,No,DSL,No,No,No,No,No,No,Month-to-month,Si,Transferencia Bancaria,44.6,260.8,Si
YB-4588,Femenino,0,No,No,1,Si,No,No,No internet service,No internet service,No internet service,No internet service,No internet service,No internet service,Month-to-month,Si,Deposito bancario,19.6,19.6,Si
QJ-1069,Masculino,0,Si,Si,25,Si,No,No,No internet service,No internet service,No internet service,No internet service,No internet service,No internet service,One year,No,Cheque,19.9,505.45,No
JO-3336,Femenino,1,No,No,33,Si,Si,Fiber optic,No,Si,Si,Si,Si,Si,Month-to-month,Si,Cheque,110.45,3655.45,Si
DS-7799,Masculino,0,No,No,18,Si,No,DSL,Si,No,Si,Si,Si,No,Month-to-month,Si,Cheque,68.35,1299.8,No
PA-8766,Masculino,0,Si,No,71,Si,No,DSL,No,Si,Si,Si,Si,Si,Two year,Si,Tarjeta de Credito,79.1,5564.85,No
CK-5315,Masculino,1,Si,Si,28,Si,Si,DSL,No,No,No,No,No,No,One year,Si,Cheque,51,1381.8,No
IC-3130,Femenino,0,No,Si,2,Si,Si,Fiber optic,Si,No,No,No,No,No,Month-to-month,No,Tarjeta de Credito,80.55,188.1,No
FN-0820,Masculino,0,Si,Si,17,Si,Si,DSL,No,Si,Si,Si,No,No,Month-to-month,Si,Deposito bancario,66.7,1077.05,No
FV-0880,Masculino,0,No,No,56,Si,Si,Fiber optic,Si,Si,No,No,No,No,Month-to-month,Si,Cheque,86.4,4922.4,No
AN-4611,Femenino,0,Si,No,60,No,No Servicio Telef nico,DSL,Si,Si,Si,No,No,Si,One year,No,Cheque,50.05,2911.5,No
HK-4213,Femenino,0,No,No,33,Si,Si,No,No internet service,No internet service,No internet service,No internet service,No internet service,No internet service,Two year,No,Tarjeta de Credito,25.7,826.1,No
LS-2792,Femenino,0,No,No,1,Si,No,Fiber optic,Si,Si,No,Si,No,No,Month-to-month,Si,Deposito bancario,83.4,83.4,No
GZ-5028,Masculino,0,No,No,2,Si,No,Fiber optic,No,No,No,No,No,No,Month-to-month,No,Tarjeta de Credito,70.7,140.7,Si
BM-0014,Masculino,0,Si,No,63,Si,Si,Fiber optic,Si,No,No,Si,No,No,Two year,Si,Tarjeta de Credito,84.65,5377.8,No
XW-6861,Masculino,1,Si,No,7,Si,Si,Fiber optic,No,No,Si,No,Si,Si,Month-to-month,Si,Cheque,99.25,665.45,Si
PC-9018,Femenino,0,No,No,55,Si,No,DSL,No,Si,Si,No,No,Si,Two year,Si,Deposito bancario,64.75,3617.1,No
QU-4837,Femenino,0,Si,No,65,Si,Si,Fiber optic,Si,Si,No,Si,Si,No,One year,Si,Transferencia Bancaria,100.15,6643.5,No
TJ-6877,Masculino,0,Si,No,1,Si,No,Fiber optic,No,No,No,Si,Si,No,Month-to-month,Si,Cheque,84.8,84.8,Si
ZM-9953,Masculino,0,No,No,63,Si,Si,No,No internet service,No internet service,No internet service,No internet service,No internet service,No internet service,Two year,No,Deposito bancario,25.25,1559.3,No
HQ-0907,Femenino,1,Si,No,70,Si,Si,Fiber optic,Si,Si,Si,Si,Si,Si,Two year,Si,Tarjeta de Credito,113,7987.6,No
NK-7665,Femenino,0,Si,Si,36,No,No Servicio Telef nico,DSL,Si,No,Si,Si,No,No,Two year,No,Tarjeta de Credito,40.65,1547.35,No
DC-6769,Masculino,0,No,No,52,Si,No,Fiber optic,No,Si,Si,Si,Si,Si,One year,Si,Transferencia Bancaria,105,5426.85,Si
KM-2433,Masculino,0,No,No,22,Si,Si,DSL,Si,No,No,No,No,No,Month-to-month,Si,Cheque,54.45,1127.35,Si
LN-4391,Masculino,0,No,No,22,Si,No,Fiber optic,No,Si,Si,Si,No,Si,Month-to-month,Si,Transferencia Bancaria,94.95,2142.8,No
ZN-8250,Femenino,1,No,No,5,Si,No,DSL,Si,Si,No,Si,No,No,Month-to-month,No,Tarjeta de Credito,59.9,287.85,No
ZR-2195,Femenino,0,Si,No,47,Si,No,Fiber optic,No,No,Si,No,No,Si,Month-to-month,Si,Cheque,85.3,4045.65,Si
SA-3550,Femenino,0,No,No,33,Si,Si,Fiber optic,No,No,No,No,No,Si,Month-to-month,Si,Cheque,83.35,2757.85,Si
TR-2011,Masculino,0,No,No,18,No,No Servicio Telef nico,DSL,No,Si,Si,No,No,No,Month-to-month,Si,Tarjeta de Credito,33.5,600,Si
GH-8562,Femenino,0,No,No,1,Si,No,No,No internet service,No internet service,No internet service,No internet service,No internet service,No internet service,Month-to-month,No,Tarjeta de Credito,19.8,19.8,No
PY-5893,Masculino,0,No,No,56,Si,No,DSL,No,Si,Si,Si,Si,Si,Two year,Si,Tarjeta de Credito,81.8,4534.45,No
MX-4986,Femenino,0,No,No,2,Si,No,No,No internet service,No internet service,No internet service,No internet service,No internet service,No internet service,Month-to-month,Si,Deposito bancario,20,40.9,No
FO-6131,Masculino,0,No,No,35,Si,Si,DSL,Si,No,Si,No,No,No,Month-to-month,Si,Cheque,59.6,2094.9,No
YN-3027,Femenino,0,Si,No,64,Si,Si,No,No internet service,No internet service,No internet service,No internet service,No internet service,No internet service,Two year,No,Tarjeta de Credito,25,1584.8,No
IM-5609,Femenino,0,No,No,15,Si,Si,Fiber optic,Si,No,Si,No,No,No,Month-to-month,Si,Tarjeta de Credito,84.35,1302.65,No
IL-4873,Masculino,0,No,No,24,Si,No,Fiber optic,No,No,No,No,Si,Si,Month-to-month,Si,Cheque,90.35,2238.5,Si
MC-4727,Masculino,0,No,No,1,Si,No,DSL,No,No,No,No,No,Si,Month-to-month,No,Deposito bancario,55.55,55.55,No
WH-9481,Femenino,0,Si,Si,70,Si,No,DSL,Si,No,No,Si,Si,Si,Two year,No,Tarjeta de Credito,75.35,5437.75,No
KX-2725,Masculino,0,Si,No,1,Si,No,Fiber optic,No,No,No,No,Si,Si,Month-to-month,Si,Cheque,90.75,90.75,Si
DJ-9565,Femenino,0,No,Si,4,Si,Si,Fiber optic,No,Si,No,No,Si,No,Month-to-month,No,Deposito bancario,89.6,365.65,Si
VU-4328,Femenino,0,No,No,39,Si,No,DSL,No,No,No,Si,No,Si,One year,No,Cheque,59.3,2209.15,No
LS-3301,Femenino,0,No,No,29,Si,Si,DSL,Si,No,No,No,No,Si,Month-to-month,Si,Cheque,66.1,1912.15,No
ZB-7473,Femenino,0,Si,Si,14,Si,No,No,No internet service,No internet service,No internet service,No internet service,No internet service,No internet service,Two year,No,Deposito bancario,18.8,255.55,No
PN-3166,Femenino,0,No,No,61,Si,Si,DSL,Si,No,Si,Si,Si,Si,Two year,No,Tarjeta de Credito,86.45,5175.3,No
NT-5639,Masculino,0,No,Si,13,Si,No,DSL,Si,No,No,No,No,No,Month-to-month,Si,Tarjeta de Credito,52.1,670.65,No
YR-8780,Femenino,0,No,No,66,No,No Servicio Telef nico,DSL,Si,Si,Si,Si,No,No,Two year,Si,Deposito bancario,47.4,3177.25,No
HF-8348,Masculino,0,No,No,2,No,No Servicio Telef nico,DSL,No,No,Si,No,Si,Si,Month-to-month,Si,Cheque,49.25,90.35,Si
FO-5140,Femenino,0,Si,No,59,Si,Si,Fiber optic,Si,Si,Si,No,Si,Si,One year,Si,Tarjeta de Credito,109.15,6557.75,No
SG-6242,Masculino,0,Si,Si,62,Si,Si,Fiber optic,Si,Si,No,No,Si,No,One year,Si,Tarjeta de Credito,94.95,5791.85,No
OR-8166,Masculino,1,Si,No,33,Si,No,Fiber optic,Si,Si,No,Si,No,Si,One year,Si,Cheque,93.55,3055.5,No
OO-8414,Masculino,0,No,Si,66,Si,No,DSL,No,Si,Si,Si,Si,Si,Two year,Si,Tarjeta de Credito,79.5,5196.1,No
AA-8454,Femenino,0,No,No,72,Si,Si,Fiber optic,Si,Si,Si,Si,Si,Si,Two year,No,Tarjeta de Credito,115.05,8405,No
WL-6849,Masculino,0,No,Si,1,Si,No,No,No internet service,No internet service,No internet service,No internet service,No internet service,No internet service,Month-to-month,No,Deposito bancario,19.75,19.75,Si
NZ-4659,Femenino,0,No,No,19,Si,Si,Fiber optic,Si,Si,No,No,No,Si,Month-to-month,Si,Cheque,95.15,1789.25,Si
AU-4531,Femenino,0,Si,Si,51,Si,Si,Fiber optic,Si,No,No,Si,Si,No,One year,Si,Deposito bancario,95.15,5000.05,No
XO-4191,Masculino,0,No,No,63,Si,Si,Fiber optic,No,Si,No,Si,Si,Si,Month-to-month,No,Cheque,105.4,6713.2,No
OE-2150,Masculino,0,No,No,27,Si,No,No,No internet service,No internet service,No internet service,No internet service,No internet service,No internet service,One year,No,Transferencia Bancaria,20.1,562.6,No
XI-8429,Masculino,0,No,No,22,Si,Si,Fiber optic,Si,No,No,No,Si,Si,Month-to-month,Si,Transferencia Bancaria,101.35,2317.1,Si
CF-1855,Femenino,1,No,No,4,Si,No,No,No internet service,No internet service,No internet service,No internet service,No internet service,No internet service,Month-to-month,No,Deposito bancario,20.05,91.45,No
BU-4878,Masculino,0,Si,Si,42,Si,No,No,No internet service,No internet service,No internet service,No internet service,No internet service,No internet service,Two year,No,Deposito bancario,20.7,828.85,No
EB-1872,Femenino,0,No,No,29,Si,No,No,No internet service,No internet service,No internet service,No internet service,No internet service,No internet service,One year,No,Deposito bancario,20.35,617.35,No
BH-2608,Femenino,0,No,No,4,Si,No,Fiber optic,No,No,No,No,No,No,Month-to-month,Si,Tarjeta de Credito,70.05,266.9,Si
YM-7026,Masculino,0,No,No,30,Si,No,No,No internet service,No internet service,No internet service,No internet service,No internet service,No internet service,One year,No,Deposito bancario,19.7,625.05,No
LX-7341,Masculino,0,Si,No,4,Si,Si,Fiber optic,No,No,No,No,No,No,Month-to-month,Si,Cheque,74.65,301.4,Si
UV-6997,Masculino,0,Si,Si,71,Si,No,DSL,Si,Si,Si,Si,Si,Si,Two year,No,Transferencia Bancaria,85.45,6029.9,No
EH-9674,Masculino,0,Si,No,46,No,No Servicio Telef nico,DSL,Si,No,Si,Si,No,No,Two year,No,Tarjeta de Credito,40.4,1842.7,No
MJ-9462,Masculino,0,No,No,4,Si,Si,DSL,No,No,No,No,No,No,Month-to-month,No,Deposito bancario,50.4,206.6,Si
YV-8128,Femenino,0,No,No,7,Si,Si,Fiber optic,Si,No,No,No,No,No,Month-to-month,Si,Deposito bancario,79.65,604.7,Si
VH-5440,Masculino,0,No,No,69,Si,Si,Fiber optic,No,Si,No,Si,Si,Si,One year,Si,Transferencia Bancaria,105.2,7386.05,No
BK-5781,Femenino,0,Si,No,72,Si,Si,Fiber optic,Si,Si,Si,No,Si,No,Two year,No,Transferencia Bancaria,100.65,7334.05,No
FU-4283,Masculino,1,No,No,19,Si,Si,Fiber optic,No,No,Si,No,No,No,Month-to-month,Si,Cheque,79.85,1471.75,Si
TW-5213,Masculino,0,No,No,28,Si,No,Fiber optic,No,No,Si,Si,No,Si,Month-to-month,No,Cheque,91,2626.15,No
TT-1569,Masculino,0,Si,No,5,Si,Si,Fiber optic,No,Si,No,No,No,No,Month-to-month,Si,Cheque,78.75,412.1,Si
MF-8628,Femenino,1,Si,No,72,Si,Si,Fiber optic,Si,Si,Si,Si,Si,Si,Two year,Si,Tarjeta de Credito,116.75,8277.05,No
BR-2397,Masculino,1,Si,Si,8,Si,No,Fiber optic,No,No,No,No,Si,No,Month-to-month,Si,Tarjeta de Credito,80.45,583.45,Si
WI-7629,Femenino,0,No,No,7,Si,No,DSL,Si,No,No,No,No,Si,One year,Si,Cheque,59.1,369.25,No
GL-5445,Femenino,0,No,No,22,Si,No,DSL,Si,No,No,No,No,No,Month-to-month,Si,Cheque,49.8,1049.05,No
HX-3976,Masculino,0,No,No,72,Si,No,No,No internet service,No internet service,No internet service,No internet service,No internet service,No internet service,Two year,No,Transferencia Bancaria,19.3,1414.8,No
NE-2466,Masculino,0,Si,Si,8,Si,No,No,No internet service,No internet service,No internet service,No internet service,No internet service,No internet service,Month-to-month,No,Tarjeta de Credito,19.65,169.75,No
KC-0254,Masculino,0,Si,No,52,Si,Si,DSL,Si,Si,Si,Si,No,Si,One year,Si,Tarjeta de Credito,81.4,4354.45,No
CV-5472,Femenino,0,No,No,68,No,No Servicio Telef nico,DSL,Si,No,Si,Si,No,No,Two year,No,Deposito bancario,38.9,2719.2,No
SZ-6461,Femenino,0,Si,No,71,Si,Si,DSL,Si,Si,Si,Si,Si,Si,Two year,No,Transferencia Bancaria,87.95,6365.35,No
QU-8150,Masculino,0,No,No,2,Si,No,No,No internet service,No internet service,No internet service,No internet service,No internet service,No internet service,Month-to-month,No,Deposito bancario,19.85,51.6,No
IL-9508,Femenino,1,No,No,34,Si,Si,Fiber optic,No,Si,No,Si,Si,No,Month-to-month,Si,Cheque,96.35,3190.25,No
DJ-2346,Femenino,0,No,No,35,No,No Servicio Telef nico,DSL,No,No,No,No,No,No,Month-to-month,No,Cheque,24.15,812.5,No
LY-1697,Femenino,0,Si,Si,61,Si,No,No,No internet service,No internet service,No internet service,No internet service,No internet service,No internet service,One year,No,Tarjeta de Credito,19.1,1143.8,No
OQ-1942,Masculino,0,No,No,1,Si,No,DSL,No,No,No,No,No,No,Month-to-month,No,Cheque,44,44,No
VF-4749,Femenino,0,No,No,1,Si,Si,DSL,No,No,No,No,No,No,Month-to-month,Si,Deposito bancario,50.1,50.1,Si
ZS-9640,Femenino,0,Si,Si,53,Si,No,DSL,No,No,Si,No,No,Si,One year,No,Tarjeta de Credito,60.6,3297,No
LZ-4231,Femenino,0,Si,No,72,Si,Si,No,No internet service,No internet service,No internet service,No internet service,No internet service,No internet service,Two year,No,Transferencia Bancaria,25.65,1887,No
UA-7598,Masculino,0,Si,No,2,Si,No,Fiber optic,No,No,Si,No,No,No,Month-to-month,No,Cheque,76.4,151.8,Si
OU-7938,Masculino,0,No,No,3,Si,No,Fiber optic,No,No,Si,Si,Si,Si,Month-to-month,Si,Cheque,98.7,293.65,Si
AW-8510,Femenino,1,No,No,13,Si,Si,Fiber optic,Si,No,No,No,Si,Si,Month-to-month,Si,Cheque,100.8,1308.1,Si
AQ-6128,Masculino,1,Si,No,41,No,No Servicio Telef nico,DSL,No,Si,Si,No,Si,Si,Month-to-month,Si,Cheque,53.95,2215.4,No
BD-3594,Femenino,0,Si,No,24,Si,No,No,No internet service,No internet service,No internet service,No internet service,No internet service,No internet service,One year,No,Tarjeta de Credito,20.4,482.8,No
AP-0431,Femenino,0,Si,Si,28,Si,No,Fiber optic,No,No,No,No,Si,Si,One year,Si,Transferencia Bancaria,90.1,2598.95,Si
VR-5133,Masculino,0,No,No,8,No,No Servicio Telef nico,DSL,Si,No,No,No,No,No,Month-to-month,No,Deposito bancario,29.35,216.45,No
DA-5996,Masculino,0,No,No,1,Si,No,No,No internet service,No internet service,No internet service,No internet service,No internet service,No internet service,Month-to-month,Si,Deposito bancario,20.45,20.45,No
YA-6838,Femenino,0,No,No,54,Si,Si,Fiber optic,No,No,Si,Si,No,Si,Two year,Si,Transferencia Bancaria,95.1,5064.85,No
JP-0484,Masculino,0,No,No,41,Si,Si,No,No internet service,No internet service,No internet service,No internet service,No internet service,No internet service,Month-to-month,Si,Transferencia Bancaria,25.25,996.45,No
RO-7883,Femenino,0,Si,No,19,Si,No,DSL,No,No,No,No,No,No,Month-to-month,No,Deposito bancario,44.9,839.65,No
LG-0244,Femenino,0,Si,Si,72,Si,Si,DSL,Si,Si,Si,Si,Si,Si,Two year,No,Transferencia Bancaria,92.65,6733,No
CG-7274,Masculino,0,No,No,62,No,No Servicio Telef nico,DSL,Si,Si,Si,Si,No,No,Two year,Si,Transferencia Bancaria,43.7,2618.3,No
YU-4295,Femenino,1,Si,Si,56,Si,No,DSL,Si,No,No,Si,Si,Si,Two year,Si,Tarjeta de Credito,72.6,4084.35,No
NI-3426,Masculino,0,No,No,15,Si,Si,DSL,No,No,No,No,No,No,Month-to-month,No,Cheque,51.55,765.5,Si
BT-8225,Masculino,1,No,No,10,Si,No,Fiber optic,No,No,No,No,No,Si,Month-to-month,Si,Cheque,79.25,793.55,Si
EJ-4635,Masculino,0,Si,Si,32,Si,No,No,No internet service,No internet service,No internet service,No internet service,No internet service,No internet service,Two year,No,Deposito bancario,18.95,613.95,No
ZS-1866,Masculino,0,No,No,21,Si,No,No,No internet service,No internet service,No internet service,No internet service,No internet service,No internet service,Month-to-month,No,Tarjeta de Credito,20.5,402.85,No
TV-4636,Masculino,0,Si,Si,62,Si,No,No,No internet service,No internet service,No internet service,No internet service,No internet service,No internet service,One year,No,Transferencia Bancaria,19.95,1244.8,No
UJ-4236,Femenino,0,No,No,2,No,No Servicio Telef nico,DSL,No,No,No,No,No,No,Month-to-month,No,Cheque,24.5,46.4,No
XB-9392,Masculino,0,No,Si,27,Si,No,No,No internet service,No internet service,No internet service,No internet service,No internet service,No internet service,Two year,No,Deposito bancario,20.6,581.85,No
VA-3387,Masculino,0,No,No,5,Si,Si,Fiber optic,No,No,No,No,Si,Si,Month-to-month,Si,Transferencia Bancaria,94.85,462.8,Si
SS-6402,Femenino,0,No,No,25,No,No Servicio Telef nico,DSL,Si,Si,Si,No,Si,Si,One year,No,Cheque,61.05,1540.2,No
NM-1143,Femenino,0,No,No,2,Si,Si,Fiber optic,No,No,No,No,No,Si,Month-to-month,Si,Cheque,85.7,169.8,Si
SA-1169,Masculino,0,No,No,49,Si,Si,Fiber optic,No,Si,No,Si,Si,Si,One year,Si,Transferencia Bancaria,106.65,5168.1,No
KY-1110,Femenino,0,No,No,63,Si,Si,Fiber optic,Si,Si,Si,No,Si,Si,Month-to-month,No,Tarjeta de Credito,108.25,6780.1,No
PL-9929,Femenino,0,No,Si,4,Si,No,No,No internet service,No internet service,No internet service,No internet service,No internet service,No internet service,Month-to-month,No,Tarjeta de Credito,20.4,94.5,No
PZ-3518,Femenino,0,Si,No,1,Si,No,DSL,No,No,No,No,Si,No,Month-to-month,Si,Deposito bancario,55.3,55.3,No
JU-2371,Masculino,0,No,No,11,Si,No,No,No internet service,No internet service,No internet service,No internet service,No internet service,No internet service,Month-to-month,No,Deposito bancario,20.25,208,No
QP-7693,Masculino,1,No,No,52,Si,Si,Fiber optic,No,No,No,No,No,No,Month-to-month,Si,Transferencia Bancaria,72.95,3829.75,No
BJ-0924,Femenino,1,Si,No,60,Si,Si,Fiber optic,No,Si,No,No,No,Si,Month-to-month,No,Cheque,89.45,5294.6,No
FB-5074,Masculino,0,No,No,64,Si,Si,Fiber optic,No,No,Si,Si,Si,Si,One year,Si,Tarjeta de Credito,104.65,6889.8,No
BK-2351,Femenino,0,Si,Si,43,Si,No,DSL,Si,No,Si,No,Si,Si,Two year,No,Transferencia Bancaria,75.2,3254.35,No
BF-4455,Femenino,0,Si,No,61,Si,Si,Fiber optic,No,No,No,Si,Si,Si,One year,No,Transferencia Bancaria,101.15,6383.9,No
MO-0415,Femenino,0,No,No,1,Si,No,DSL,No,No,No,No,No,No,Month-to-month,No,Deposito bancario,44.4,44.4,Si
BQ-1724,Masculino,1,No,No,5,Si,No,Fiber optic,No,No,No,No,Si,Si,Month-to-month,Si,Cheque,89.5,477.7,Si
KX-3948,Masculino,0,No,No,66,Si,Si,DSL,Si,Si,Si,Si,No,No,Two year,No,Transferencia Bancaria,68.75,4447.55,No
AR-2323,Masculino,0,Si,No,67,Si,No,Fiber optic,Si,Si,Si,Si,Si,Si,Two year,Si,Cheque,111.05,7321.05,No
MF-0815,Femenino,0,Si,No,42,Si,No,Fiber optic,No,No,Si,Si,Si,Si,Two year,Si,Tarjeta de Credito,99,4135,No
XT-4826,Masculino,1,Si,No,1,Si,Si,Fiber optic,No,No,No,No,Si,No,Month-to-month,Si,Cheque,86.05,86.05,Si
XT-5480,Femenino,0,Si,Si,31,Si,No,No,No internet service,No internet service,No internet service,No internet service,No internet service,No internet service,Two year,No,Deposito bancario,21,697.7,No
FH-8295,Masculino,0,No,No,7,Si,No,No,No internet service,No internet service,No internet service,No internet service,No internet service,No internet service,Month-to-month,Si,Deposito bancario,19.4,168.65,No
IN-2495,Masculino,0,No,No,4,No,No Servicio Telef nico,DSL,No,No,No,No,Si,Si,Month-to-month,Si,Cheque,44.55,174.3,Si
YJ-9086,Masculino,0,Si,Si,34,Si,Si,DSL,No,No,Si,No,Si,Si,One year,No,Transferencia Bancaria,77.2,2753.8,No
IN-1179,Masculino,0,No,No,3,Si,No,No,No internet service,No internet service,No internet service,No internet service,No internet service,No internet service,One year,Si,Deposito bancario,19.45,69.25,No
FI-7909,Femenino,0,Si,Si,19,No,No Servicio Telef nico,DSL,No,No,No,No,No,No,Month-to-month,Si,Deposito bancario,24.85,434.8,No
SU-4139,Masculino,0,Si,Si,31,No,No Servicio Telef nico,DSL,Si,No,No,Si,No,No,Month-to-month,No,Transferencia Bancaria,35.4,1077.5,Si
VW-6857,Femenino,0,No,No,1,Si,Si,Fiber optic,No,No,No,No,Si,Si,Month-to-month,No,Deposito bancario,95.65,95.65,Si
SC-6351,Masculino,0,No,No,3,No,No Servicio Telef nico,DSL,Si,No,Si,Si,No,No,Month-to-month,No,Deposito bancario,41.35,107.25,No
BP-5468,Masculino,0,Si,No,46,Si,No,No,No internet service,No internet service,No internet service,No internet service,No internet service,No internet service,Month-to-month,No,Cheque,19.6,851.2,No
BQ-5624,Femenino,0,No,No,1,Si,No,No,No internet service,No internet service,No internet service,No internet service,No internet service,No internet service,Month-to-month,No,Deposito bancario,20.95,20.95,Si
PN-0197,Femenino,0,Si,Si,69,Si,Si,Fiber optic,Si,No,Si,No,No,No,One year,No,Transferencia Bancaria,84.45,5848.6,No
QK-2439,Masculino,0,No,No,5,Si,No,No,No internet service,No internet service,No internet service,No internet service,No internet service,No internet service,Month-to-month,No,Deposito bancario,20.25,109.8,No
SP-1194,Masculino,0,No,No,1,Si,No,No,No internet service,No internet service,No internet service,No internet service,No internet service,No internet service,Month-to-month,No,Transferencia Bancaria,19.65,19.65,No
NS-9534,Masculino,0,No,No,26,Si,No,No,No internet service,No internet service,No internet service,No internet service,No internet service,No internet service,One year,Si,Tarjeta de Credito,20.65,595.5,No
WI-2408,Femenino,1,No,No,10,No,No Servicio Telef nico,DSL,No,No,No,No,No,Si,Month-to-month,Si,Cheque,34.7,329.8,Si
KS-8929,Masculino,0,No,No,25,Si,No,Fiber optic,No,No,Si,Si,Si,Si,Two year,No,Transferencia Bancaria,99.3,2513.5,No
IV-2250,Masculino,0,Si,Si,64,Si,No,Fiber optic,Si,Si,No,No,No,No,Month-to-month,No,Cheque,81.05,5135.35,No
MV-1810,Masculino,0,Si,Si,30,Si,Si,DSL,Si,Si,Si,Si,No,No,Month-to-month,No,Cheque,67.6,2000.2,No
UX-9506,Masculino,0,No,No,13,Si,No,Fiber optic,No,No,No,No,No,No,Month-to-month,Si,Cheque,70.15,931.75,No
RC-1229,Femenino,0,Si,No,64,Si,Si,Fiber optic,Si,Si,Si,Si,Si,Si,One year,Si,Cheque,115,7396.15,No
UO-3572,Femenino,0,No,Si,46,Si,Si,Fiber optic,No,No,Si,Si,No,No,Month-to-month,Si,Transferencia Bancaria,84.8,3958.85,No
UY-1429,Femenino,0,No,No,12,Si,No,No,No internet service,No internet service,No internet service,No internet service,No internet service,No internet service,One year,No,Deposito bancario,19.7,260.9,No
OT-5577,Femenino,0,No,No,15,Si,No,No,No internet service,No internet service,No internet service,No internet service,No internet service,No internet service,Month-to-month,No,Transferencia Bancaria,19.75,297.3,Si
QQ-6100,Masculino,0,Si,Si,17,Si,Si,Fiber optic,No,No,No,No,Si,Si,Month-to-month,Si,Cheque,92.55,1515.1,Si
XI-6366,Femenino,0,Si,Si,13,Si,No,DSL,Si,No,Si,No,No,Si,Month-to-month,Si,Deposito bancario,63.15,816.8,No
OB-3470,Femenino,0,Si,Si,67,Si,Si,DSL,Si,Si,No,Si,Si,No,Two year,No,Tarjeta de Credito,74,4868.4,No
NS-2770,Masculino,0,Si,No,24,No,No Servicio Telef nico,DSL,No,No,Si,No,No,No,Month-to-month,No,Cheque,29.1,688,No
MH-9375,Masculino,0,No,No,6,Si,No,DSL,No,No,No,Si,No,No,Month-to-month,No,Deposito bancario,50.05,288.35,No
HC-2634,Masculino,1,Si,No,53,Si,Si,DSL,Si,No,No,Si,No,No,One year,Si,Cheque,60.05,3229.65,Si
QQ-7503,Masculino,1,Si,No,16,Si,No,Fiber optic,No,Si,No,No,No,No,Month-to-month,Si,Tarjeta de Credito,74.3,1178.25,Si
YZ-4860,Masculino,0,No,No,10,Si,No,No,No internet service,No internet service,No internet service,No internet service,No internet service,No internet service,Month-to-month,No,Cheque,20,185.4,No
GZ-6599,Femenino,0,No,No,13,Si,No,Fiber optic,No,Si,No,No,No,No,One year,Si,Deposito bancario,74.65,966.25,No
NZ-2691,Masculino,0,No,No,9,Si,Si,Fiber optic,No,No,No,No,Si,No,Month-to-month,Si,Cheque,85.35,758.6,Si
HI-4404,Femenino,0,No,No,25,Si,No,DSL,Si,Si,Si,Si,Si,No,One year,No,Deposito bancario,74.3,1863.8,Si
NH-5533,Masculino,1,No,No,7,No,No Servicio Telef nico,DSL,No,Si,No,Si,No,Si,Month-to-month,Si,Cheque,44.4,265.8,No
MT-7037,Masculino,0,Si,Si,38,Si,Si,DSL,Si,No,Si,Si,Si,Si,Two year,Si,Transferencia Bancaria,85.4,3297,No
TH-4760,Femenino,0,Si,No,43,Si,Si,Fiber optic,Si,Si,No,No,No,Si,Month-to-month,Si,Cheque,94.1,4107.3,No
JO-7295,Femenino,0,No,Si,4,Si,No,Fiber optic,No,No,Si,Si,Si,Si,Month-to-month,Si,Transferencia Bancaria,98.1,396.3,Si
BJ-4016,Femenino,0,No,No,25,Si,Si,Fiber optic,No,Si,Si,Si,Si,Si,Two year,No,Cheque,108.9,2809.05,No
VQ-6584,Masculino,0,No,Si,27,Si,No,DSL,Si,Si,No,No,No,No,One year,No,Deposito bancario,56.2,1567.55,No
BF-9838,Masculino,0,Si,Si,72,Si,Si,No,No internet service,No internet service,No internet service,No internet service,No internet service,No internet service,Two year,No,Deposito bancario,26.1,1851.45,No
XU-2790,Masculino,0,No,Si,71,Si,Si,Fiber optic,Si,Si,No,No,No,No,One year,Si,Tarjeta de Credito,85.45,6028.95,No
MD-0581,Femenino,0,No,No,24,Si,Si,Fiber optic,No,No,Si,No,Si,No,Month-to-month,Si,Tarjeta de Credito,88.95,2072.75,No
SB-5013,Femenino,0,No,No,50,Si,Si,Fiber optic,Si,Si,No,Si,Si,Si,Two year,Si,Cheque,109.65,5551.15,Si
BQ-1023,Masculino,0,No,No,57,Si,No,DSL,Si,No,Si,No,Si,Si,Two year,Si,Transferencia Bancaria,74.35,4317.35,No
GH-9163,Femenino,0,No,No,15,Si,No,DSL,No,Si,No,No,No,No,Month-to-month,No,Cheque,48.85,736.8,No
UK-3904,Masculino,0,No,No,4,Si,Si,Fiber optic,Si,No,No,No,No,No,Month-to-month,Si,Cheque,80.1,336.15,No
WI-5353,Femenino,0,No,No,28,Si,No,DSL,Si,Si,No,No,No,No,Month-to-month,No,Cheque,56.05,1522.65,No
TV-0709,Femenino,1,No,No,9,Si,Si,Fiber optic,No,No,No,No,No,No,Month-to-month,Si,Cheque,74.55,622.9,Si
EV-0058,Femenino,0,Si,No,55,Si,Si,Fiber optic,Si,No,No,No,Si,No,Month-to-month,Si,Transferencia Bancaria,89.8,4959.6,No
YE-6023,Masculino,0,No,No,3,Si,Si,Fiber optic,No,No,Si,No,Si,Si,Month-to-month,Si,Cheque,100.95,329.95,Si
JC-7209,Masculino,0,No,No,10,Si,No,Fiber optic,No,No,Si,No,Si,Si,Month-to-month,Si,Cheque,94.9,1048.85,Si
PC-7009,Masculino,0,No,Si,55,Si,No,No,No internet service,No internet service,No internet service,No internet service,No internet service,No internet service,One year,No,Transferencia Bancaria,19.1,1001.5,No
DR-0519,Femenino,0,Si,Si,20,Si,No,No,No internet service,No internet service,No internet service,No internet service,No internet service,No internet service,Month-to-month,No,Deposito bancario,20.35,442.6,No
FB-1017,Femenino,0,Si,Si,62,Si,Si,Fiber optic,No,Si,No,Si,Si,Si,One year,Si,Tarjeta de Credito,106.05,6703.5,No
CB-3001,Masculino,1,Si,No,32,Si,Si,Fiber optic,No,No,Si,Si,Si,Si,Month-to-month,Si,Cheque,104.9,3351.55,Si
MB-1985,Femenino,0,No,No,43,Si,No,No,No internet service,No internet service,No internet service,No internet service,No internet service,No internet service,Two year,Si,Transferencia Bancaria,19.65,779.25,No
DW-6158,Masculino,0,Si,No,9,No,No Servicio Telef nico,DSL,No,No,No,No,No,No,One year,No,Transferencia Bancaria,24.1,259.8,Si
TX-9372,Femenino,0,Si,No,60,Si,No,DSL,Si,Si,No,Si,No,No,Two year,No,Transferencia Bancaria,59.85,3483.45,No
QM-3259,Masculino,0,Si,No,58,Si,Si,DSL,Si,Si,Si,No,Si,Si,Two year,Si,Cheque,86.1,4890.5,No
JP-1015,Masculino,0,No,Si,7,Si,No,No,No internet service,No internet service,No internet service,No internet service,No internet service,No internet service,One year,No,Deposito bancario,19.45,136.75,No
MX-6645,Masculino,0,Si,Si,2,Si,No,Fiber optic,Si,No,No,No,Si,Si,Month-to-month,No,Cheque,97.1,184.15,No
QR-4360,Masculino,1,No,No,37,No,No Servicio Telef nico,DSL,No,Si,Si,No,No,No,Month-to-month,No,Cheque,36.65,1315,No
WP-8433,Femenino,1,Si,Si,65,Si,Si,Fiber optic,No,No,Si,Si,Si,Si,One year,Si,Transferencia Bancaria,103.9,6767.1,No
JM-5804,Femenino,0,Si,Si,39,Si,No,No,No internet service,No internet service,No internet service,No internet service,No internet service,No internet service,Two year,No,Deposito bancario,19.75,757.95,No
GC-3763,Masculino,0,Si,No,66,Si,Si,Fiber optic,No,Si,No,Si,Si,Si,One year,Si,Cheque,104.05,6890,Si
LA-6484,Masculino,0,No,No,68,Si,Si,No,No internet service,No internet service,No internet service,No internet service,No internet service,No internet service,Two year,No,Deposito bancario,24.55,1657.4,No
NT-7599,Femenino,0,Si,Si,62,No,No Servicio Telef nico,DSL,Si,Si,No,Si,Si,No,Two year,No,Transferencia Bancaria,48.7,3008.55,No
GY-0772,Masculino,0,No,No,3,Si,No,Fiber optic,No,No,Si,Si,Si,No,Month-to-month,Si,Deposito bancario,88.35,262.05,Si
AC-0536,Femenino,0,Si,No,72,Si,Si,Fiber optic,Si,Si,Si,No,Si,Si,Two year,Si,Cheque,109.55,8165.1,No
NQ-0936,Femenino,0,Si,No,41,Si,No,No,No internet service,No internet service,No internet service,No internet service,No internet service,No internet service,Two year,No,Tarjeta de Credito,20.65,875.55,No
EO-4831,Masculino,0,Si,Si,29,Si,No,Fiber optic,Si,No,No,No,Si,Si,Month-to-month,No,Tarjeta de Credito,94.65,2649.15,Si
KR-1575,Femenino,0,No,No,4,Si,No,DSL,Si,Si,No,No,No,No,Month-to-month,No,Cheque,55.2,220.65,No
YM-3251,Masculino,0,No,No,53,Si,Si,No,No internet service,No internet service,No internet service,No internet service,No internet service,No internet service,One year,No,Transferencia Bancaria,24.05,1301.9,No
OQ-4102,Masculino,1,Si,No,1,Si,Si,Fiber optic,No,No,No,No,No,No,Month-to-month,Si,Cheque,74.4,74.4,Si
GY-9170,Femenino,0,Si,Si,41,Si,Si,DSL,Si,Si,Si,Si,No,Si,Month-to-month,No,Tarjeta de Credito,79.9,3326.2,Si
LE-4884,Masculino,0,Si,No,39,Si,No,No,No internet service,No internet service,No internet service,No internet service,No internet service,No internet service,Two year,Si,Transferencia Bancaria,20.45,790,No
CU-8857,Masculino,0,Si,No,63,Si,No,No,No internet service,No internet service,No internet service,No internet service,No internet service,No internet service,Two year,No,Deposito bancario,19.25,1237.65,No
TV-7610,Masculino,0,No,No,15,Si,Si,No,No internet service,No internet service,No internet service,No internet service,No internet service,No internet service,Month-to-month,Si,Cheque,26.35,378.6,No
DI-3638,Femenino,0,Si,No,13,Si,No,DSL,No,No,No,No,No,No,One year,No,Cheque,43.8,592.65,No
ZL-1845,Masculino,0,No,No,1,Si,No,DSL,No,Si,No,No,No,No,Month-to-month,Si,Deposito bancario,50.15,50.15,No
WN-8559,Masculino,0,No,No,1,Si,No,No,No internet service,No internet service,No internet service,No internet service,No internet service,No internet service,Two year,No,Deposito bancario,20.45,20.45,No
QG-3999,Masculino,1,No,No,8,Si,No,Fiber optic,No,No,No,No,No,No,Month-to-month,Si,Cheque,69.7,560.85,Si
UO-1699,Masculino,0,No,No,60,Si,No,DSL,Si,Si,Si,No,No,No,Two year,No,Cheque,61.4,3638.25,No
RP-2454,Femenino,1,Si,No,12,Si,Si,Fiber optic,No,Si,Si,No,Si,No,Month-to-month,Si,Cheque,98.1,1060.2,Si
WK-0635,Masculino,0,Si,No,40,Si,Si,DSL,No,Si,No,Si,Si,No,One year,No,Tarjeta de Credito,70.75,2921.75,No
JS-5993,Femenino,0,No,No,66,Si,No,DSL,Si,Si,Si,No,No,No,Two year,Si,Transferencia Bancaria,61.15,4017.45,No
FZ-4518,Masculino,0,Si,Si,42,Si,No,No,No internet service,No internet service,No internet service,No internet service,No internet service,No internet service,One year,No,Deposito bancario,20.25,854.9,No
AS-5387,Femenino,1,No,No,66,Si,Si,DSL,Si,Si,No,Si,No,No,One year,Si,Tarjeta de Credito,63.85,4174.35,No
CJ-6988,Masculino,0,No,No,49,Si,Si,Fiber optic,No,Si,No,No,Si,Si,Month-to-month,No,Cheque,98.7,4920.55,No
MZ-2002,Femenino,0,No,No,1,Si,No,No,No internet service,No internet service,No internet service,No internet service,No internet service,No internet service,Month-to-month,No,Deposito bancario,20.5,20.5,Si
FQ-3097,Femenino,0,No,No,41,Si,No,No,No internet service,No internet service,No internet service,No internet service,No internet service,No internet service,Two year,No,Deposito bancario,20,810.3,No
BU-5465,Femenino,0,Si,Si,41,Si,No,No,No internet service,No internet service,No internet service,No internet service,No internet service,No internet service,Two year,No,Transferencia Bancaria,19.3,772.4,No
GN-7299,Femenino,0,Si,Si,23,Si,No,Fiber optic,Si,Si,No,Si,No,No,Month-to-month,No,Deposito bancario,84.4,1936.85,No
DQ-9743,Masculino,0,No,No,3,No,No Servicio Telef nico,DSL,No,No,No,No,No,No,Month-to-month,No,Cheque,25.1,79.8,No
VF-1215,Femenino,0,No,No,4,No,No Servicio Telef nico,DSL,Si,No,Si,Si,No,Si,Month-to-month,No,Deposito bancario,48.25,202.25,No
BI-9371,Femenino,0,Si,Si,52,Si,No,No,No internet service,No internet service,No internet service,No internet service,No internet service,No internet service,Two year,No,Deposito bancario,19.85,1070.5,No
CY-2265,Femenino,1,Si,No,4,Si,Si,Fiber optic,Si,No,No,No,Si,Si,Month-to-month,Si,Cheque,99.6,347.65,Si
FP-9093,Femenino,0,No,No,11,Si,No,Fiber optic,No,Si,Si,Si,No,Si,Month-to-month,Si,Cheque,94.2,999.9,No
FI-0541,Femenino,0,Si,No,2,Si,No,DSL,Si,No,No,No,No,Si,Month-to-month,Si,Deposito bancario,62.15,113.1,No
HA-6985,Femenino,0,Si,No,26,Si,Si,Fiber optic,No,Si,No,No,No,No,Month-to-month,No,Transferencia Bancaria,79.3,2015.8,No
KB-7508,Masculino,0,Si,Si,24,Si,No,DSL,Si,No,Si,No,No,No,One year,Si,Tarjeta de Credito,56.25,1454.25,No
HV-6838,Femenino,0,No,No,12,Si,No,No,No internet service,No internet service,No internet service,No internet service,No internet service,No internet service,Month-to-month,No,Deposito bancario,20.3,246.7,No
DJ-2277,Masculino,1,Si,No,60,Si,Si,Fiber optic,No,No,No,Si,Si,Si,Month-to-month,Si,Cheque,99,6017.9,No
OK-1897,Femenino,0,Si,Si,64,Si,Si,DSL,Si,Si,Si,Si,Si,Si,Two year,Si,Deposito bancario,90.6,5817.45,No
IT-5485,Masculino,0,Si,No,66,Si,No,DSL,Si,Si,Si,Si,Si,Si,Two year,Si,Transferencia Bancaria,85.9,5595.3,No
FT-0233,Femenino,0,No,No,60,Si,Si,Fiber optic,No,No,Si,No,No,No,One year,Si,Transferencia Bancaria,79.2,4765,No
PI-4644,Masculino,0,Si,Si,17,Si,Si,DSL,Si,No,Si,No,Si,No,One year,Si,Transferencia Bancaria,70.35,1201.65,No
NP-8922,Masculino,0,Si,Si,42,Si,No,No,No internet service,No internet service,No internet service,No internet service,No internet service,No internet service,Two year,No,Deposito bancario,19.35,867.3,No
TV-2740,Masculino,0,No,No,1,Si,Si,DSL,No,No,No,No,No,No,Month-to-month,Si,Cheque,50.15,50.15,No
CF-7771,Femenino,0,Si,Si,47,Si,No,DSL,No,Si,No,Si,No,Si,Two year,No,Transferencia Bancaria,63.8,3007.25,No
PH-9512,Femenino,0,Si,No,10,Si,No,No,No internet service,No internet service,No internet service,No internet service,No internet service,No internet service,Month-to-month,Si,Deposito bancario,20.55,252.75,No
EZ-6963,Masculino,1,Si,No,70,Si,Si,DSL,Si,Si,Si,Si,Si,Si,Two year,Si,Tarjeta de Credito,88.55,6306.5,No
KD-2452,Masculino,1,No,No,67,Si,Si,Fiber optic,No,No,Si,No,Si,Si,Month-to-month,Si,Tarjeta de Credito,101.4,6841.05,No
OC-2004,Femenino,0,No,No,1,Si,No,Fiber optic,No,No,No,No,No,Si,Month-to-month,Si,Cheque,81.95,81.95,Si
QP-5027,Masculino,0,Si,No,7,Si,No,Fiber optic,No,No,No,No,No,No,Month-to-month,Si,Cheque,69.35,451.1,Si
SV-4146,Masculino,0,No,No,1,Si,No,DSL,No,No,No,No,No,No,Month-to-month,No,Deposito bancario,44.6,44.6,No
HJ-1564,Masculino,0,No,No,4,Si,No,DSL,No,Si,No,Si,Si,No,Month-to-month,Si,Transferencia Bancaria,63.75,226.2,No
XL-3617,Femenino,0,Si,Si,66,Si,Si,Fiber optic,Si,Si,Si,No,Si,Si,Two year,No,Transferencia Bancaria,109.25,7082.5,No
LD-7517,Femenino,0,No,No,12,Si,No,Fiber optic,No,Si,No,No,No,Si,Month-to-month,Si,Cheque,84.6,1017.35,No
KX-7244,Femenino,0,No,No,24,Si,No,No,No internet service,No internet service,No internet service,No internet service,No internet service,No internet service,One year,No,Tarjeta de Credito,20.45,527.35,No
NO-5226,Masculino,0,No,No,26,Si,No,Fiber optic,No,Si,No,No,Si,No,Month-to-month,Si,Cheque,85.75,2146.5,No
HU-2672,Femenino,0,No,No,6,Si,No,Fiber optic,No,No,No,No,Si,Si,Month-to-month,Si,Cheque,91.1,455.3,Si
WI-1400,Masculino,0,Si,No,57,Si,Si,Fiber optic,No,No,Si,Si,Si,Si,Two year,No,Cheque,107.95,5969.85,No
MY-7508,Masculino,0,Si,No,14,Si,Si,Fiber optic,No,No,No,No,Si,No,Month-to-month,Si,Cheque,86.1,1235.55,Si
NL-8148,Femenino,0,Si,Si,42,Si,Si,No,No internet service,No internet service,No internet service,No internet service,No internet service,No internet service,Two year,No,Cheque,22.95,1014.25,No
DC-0148,Masculino,0,No,No,25,Si,Si,Fiber optic,No,No,No,No,Si,Si,Month-to-month,Si,Transferencia Bancaria,94.7,2362.1,Si
GD-8347,Femenino,0,Si,No,64,Si,No,No,No internet service,No internet service,No internet service,No internet service,No internet service,No internet service,Two year,No,Tarjeta de Credito,19.45,1225.65,No
RR-9992,Masculino,0,Si,No,22,Si,Si,Fiber optic,No,No,No,No,No,Si,Month-to-month,Si,Cheque,85.1,1873.7,Si
WA-6746,Masculino,0,No,No,19,Si,No,No,No internet service,No internet service,No internet service,No internet service,No internet service,No internet service,One year,Si,Tarjeta de Credito,19.7,386.5,No
MV-0310,Femenino,0,Si,Si,61,Si,Si,Fiber optic,No,Si,No,No,Si,Si,Month-to-month,Si,Cheque,99.15,6010.05,Si
IK-0428,Masculino,0,Si,No,22,Si,No,Fiber optic,No,No,Si,No,Si,No,Month-to-month,Si,Transferencia Bancaria,87,1850.65,No
VB-4550,Masculino,1,Si,No,70,Si,Si,Fiber optic,No,Si,Si,No,Si,Si,Month-to-month,Si,Cheque,102.95,7101.5,Si
PK-2187,Masculino,0,No,No,12,Si,No,Fiber optic,No,No,No,No,No,Si,Month-to-month,Si,Transferencia Bancaria,79.95,1043.4,No
OC-4003,Femenino,0,Si,No,31,Si,No,DSL,Si,No,No,Si,No,Si,One year,Si,Cheque,64,1910.75,No
YF-6652,Femenino,0,No,No,11,Si,No,DSL,No,No,No,No,Si,Si,Month-to-month,Si,Cheque,64.9,716.1,No
II-7225,Masculino,0,Si,Si,68,Si,Si,No,No internet service,No internet service,No internet service,No internet service,No internet service,No internet service,Two year,No,Deposito bancario,25.75,1686.15,No
RP-5248,Femenino,1,Si,Si,72,Si,Si,DSL,Si,Si,Si,Si,Si,Si,Two year,Si,Transferencia Bancaria,90.15,6716.45,No
IY-7923,Masculino,1,No,No,67,Si,Si,Fiber optic,Si,Si,Si,Si,Si,Si,Two year,Si,Tarjeta de Credito,116.1,7839.85,No
GW-3170,Femenino,0,No,No,60,Si,No,Fiber optic,Si,No,Si,Si,Si,Si,Month-to-month,Si,Transferencia Bancaria,104.95,6236.75,No
QU-5696,Masculino,0,No,No,1,Si,No,DSL,No,No,No,No,No,No,Month-to-month,Si,Deposito bancario,45.05,45.05,Si
KI-7409,Femenino,1,No,Si,1,Si,No,Fiber optic,No,No,No,No,No,No,Month-to-month,Si,Cheque,71,71,Si
EC-9830,Masculino,0,Si,Si,58,No,No Servicio Telef nico,DSL,Si,Si,Si,No,Si,No,One year,No,Deposito bancario,50,2919.85,No
VH-1732,Femenino,1,Si,Si,47,Si,No,Fiber optic,No,No,No,No,No,No,Month-to-month,No,Transferencia Bancaria,70.55,3309.25,Si
RV-0495,Femenino,0,No,No,1,Si,No,Fiber optic,No,No,No,No,No,Si,Month-to-month,Si,Cheque,79.7,79.7,Si
TZ-2668,Masculino,0,No,No,1,Si,No,No,No internet service,No internet service,No internet service,No internet service,No internet service,No internet service,Month-to-month,No,Deposito bancario,20.45,20.45,No
ED-7854,Masculino,0,No,No,22,Si,Si,DSL,Si,Si,No,No,No,No,Month-to-month,No,Cheque,59,1254.7,Si
TO-8869,Femenino,0,No,No,48,Si,No,DSL,Si,No,Si,Si,No,No,One year,Si,Tarjeta de Credito,60.35,2896.4,Si
SF-7446,Femenino,0,Si,No,37,Si,No,No,No internet service,No internet service,No internet service,No internet service,No internet service,No internet service,One year,Si,Transferencia Bancaria,19.85,717.5,No
ZS-9522,Masculino,0,No,No,13,Si,No,No,No internet service,No internet service,No internet service,No internet service,No internet service,No internet service,One year,Si,Cheque,19.95,253.8,No
GS-8234,Masculino,0,No,No,43,Si,Si,No,No internet service,No internet service,No internet service,No internet service,No internet service,No internet service,Two year,No,Transferencia Bancaria,26.45,1110.05,No
OZ-6505,Femenino,0,No,No,6,No,No Servicio Telef nico,DSL,Si,Si,Si,Si,Si,Si,Two year,Si,Deposito bancario,63.4,348.8,No
HA-6164,Masculino,0,No,No,71,No,No Servicio Telef nico,DSL,Si,Si,Si,Si,Si,No,Two year,No,Transferencia Bancaria,53.95,3888.65,No
ID-0679,Femenino,1,Si,Si,1,Si,No,Fiber optic,No,No,No,No,No,No,Month-to-month,Si,Cheque,69.25,69.25,Si
LW-7765,Femenino,0,Si,Si,72,Si,Si,Fiber optic,Si,Si,No,No,Si,No,Two year,Si,Cheque,95.1,6843.15,No
TJ-1658,Femenino,1,No,No,6,Si,No,Fiber optic,Si,No,No,No,No,No,Month-to-month,Si,Cheque,74.1,450.9,No
LG-0953,Masculino,0,Si,Si,12,No,No Servicio Telef nico,DSL,No,Si,No,Si,No,No,Month-to-month,No,Deposito bancario,35.5,432.25,No
BF-2115,Masculino,0,No,No,25,Si,No,Fiber optic,No,No,No,No,No,No,Month-to-month,No,Deposito bancario,70.95,1767.35,Si
NN-4692,Femenino,0,Si,No,21,Si,No,Fiber optic,No,No,Si,Si,No,No,One year,No,Cheque,79.2,1742.45,No
MY-7742,Femenino,0,Si,Si,6,Si,No,DSL,No,No,No,Si,No,No,Month-to-month,Si,Deposito bancario,48.8,297.35,No
DF-0611,Masculino,0,Si,No,20,Si,No,Fiber optic,No,No,No,No,Si,Si,Month-to-month,Si,Deposito bancario,89,1820.45,Si
OT-7780,Masculino,0,Si,No,18,Si,Si,Fiber optic,Si,No,No,No,Si,Si,Month-to-month,Si,Cheque,99.4,1742.95,Si
GS-9619,Femenino,0,No,No,43,Si,No,DSL,No,Si,No,Si,No,No,One year,No,Cheque,55.45,2444.25,No
UE-5622,Femenino,0,Si,Si,35,Si,Si,No,No internet service,No internet service,No internet service,No internet service,No internet service,No internet service,Two year,Si,Tarjeta de Credito,25.4,949.8,No
DD-9747,Femenino,0,No,No,1,Si,No,Fiber optic,No,No,Si,No,No,No,Month-to-month,No,Transferencia Bancaria,73.5,73.5,Si
DG-0674,Masculino,1,Si,No,32,Si,Si,Fiber optic,No,Si,Si,No,No,Si,Month-to-month,Si,Cheque,93.5,2970.8,No
HB-6203,Masculino,0,No,No,52,No,No Servicio Telef nico,DSL,Si,Si,Si,Si,Si,Si,Two year,No,Tarjeta de Credito,63.9,3334.95,No
FF-0484,Masculino,0,No,No,32,Si,No,DSL,No,No,No,No,Si,Si,One year,Si,Transferencia Bancaria,64.85,2010.95,No
FI-0301,Femenino,0,Si,Si,72,No,No Servicio Telef nico,DSL,Si,Si,Si,Si,Si,Si,Two year,Si,Transferencia Bancaria,63.8,4684.3,No
JP-4139,Masculino,0,No,No,51,No,No Servicio Telef nico,DSL,Si,No,No,Si,No,Si,Month-to-month,Si,Tarjeta de Credito,44.45,2181.55,No
TI-2181,Masculino,0,Si,Si,68,Si,No,No,No internet service,No internet service,No internet service,No internet service,No internet service,No internet service,Two year,Si,Transferencia Bancaria,19.95,1303.25,No
XE-2761,Masculino,1,Si,No,8,No,No Servicio Telef nico,DSL,No,Si,Si,No,No,Si,Month-to-month,Si,Deposito bancario,43.35,371.4,No
CZ-1936,Masculino,0,Si,No,49,No,No Servicio Telef nico,DSL,No,Si,No,No,Si,Si,Two year,No,Tarjeta de Credito,49.65,2409.9,No
PA-9453,Femenino,0,Si,No,72,Si,No,DSL,Si,Si,Si,Si,Si,Si,Two year,No,Deposito bancario,85.1,6155.4,No
JJ-0564,Masculino,0,No,No,9,Si,Si,Fiber optic,No,No,No,No,Si,Si,Month-to-month,Si,Cheque,95.5,829.1,Si
CF-3348,Femenino,0,Si,No,28,Si,No,Fiber optic,Si,No,No,No,Si,Si,Month-to-month,Si,Deposito bancario,92.35,2602.9,Si
FT-4402,Masculino,0,No,No,54,Si,No,Fiber optic,Si,No,Si,No,Si,No,Month-to-month,No,Deposito bancario,89.8,4667,No
GT-1428,Masculino,0,No,No,11,Si,No,Fiber optic,No,Si,No,No,No,No,Month-to-month,Si,Cheque,74.55,824.75,Si
XI-2931,Femenino,0,Si,Si,50,Si,No,Fiber optic,No,No,Si,Si,Si,Si,One year,No,Deposito bancario,103.05,5153.5,No
UG-0106,Femenino,0,Si,No,69,Si,Si,Fiber optic,Si,Si,Si,Si,Si,Si,Two year,Si,Cheque,116,8182.85,No
TB-5542,Masculino,0,No,No,1,Si,No,Fiber optic,No,No,No,No,No,No,Month-to-month,Si,Cheque,69.9,69.9,No
QP-1930,Masculino,0,Si,Si,68,Si,No,Fiber optic,Si,Si,No,Si,No,Si,Two year,No,Transferencia Bancaria,95.1,6683.4,No
PK-2606,Masculino,0,No,Si,40,No,No Servicio Telef nico,DSL,Si,Si,No,Si,No,No,One year,No,Deposito bancario,40.25,1564.05,No
ZS-5322,Masculino,0,Si,Si,31,Si,Si,No,No internet service,No internet service,No internet service,No internet service,No internet service,No internet service,Two year,No,Deposito bancario,25.75,755.6,No
UD-8059,Femenino,1,No,Si,33,Si,Si,Fiber optic,No,Si,Si,No,Si,Si,Month-to-month,Si,Transferencia Bancaria,105.35,3465.05,No
BT-7740,Masculino,1,Si,No,55,Si,Si,Fiber optic,No,Si,Si,Si,Si,Si,Two year,Si,Cheque,113.6,6292.7,No
AG-5220,Masculino,0,Si,Si,68,Si,Si,No,No internet service,No internet service,No internet service,No internet service,No internet service,No internet service,Two year,Si,Transferencia Bancaria,24,1664.3,No
BP-0208,Femenino,0,Si,Si,12,Si,No,No,No internet service,No internet service,No internet service,No internet service,No internet service,No internet service,Month-to-month,No,Transferencia Bancaria,19.4,198.1,No
JM-9435,Masculino,0,Si,No,71,Si,No,DSL,Si,Si,Si,Si,Si,Si,Two year,Si,Transferencia Bancaria,86.1,6045.9,No
AL-3352,Masculino,0,No,No,40,Si,Si,Fiber optic,No,Si,Si,No,Si,Si,Month-to-month,Si,Deposito bancario,102.65,4108.15,No
IR-5312,Femenino,0,Si,Si,64,Si,Si,Fiber optic,No,Si,Si,No,No,Si,One year,Si,Cheque,92.85,5980.75,No
IM-5294,Masculino,0,Si,No,53,Si,Si,Fiber optic,No,Si,No,Si,No,Si,One year,No,Transferencia Bancaria,97.75,5043.2,No
UN-8802,Masculino,1,No,No,12,Si,No,Fiber optic,No,Si,Si,Si,No,No,Month-to-month,Si,Deposito bancario,83.8,1029.75,Si
GI-6313,Masculino,1,No,No,53,No,No Servicio Telef nico,DSL,No,Si,Si,No,Si,Si,Month-to-month,Si,Cheque,54.45,2854.55,Si
YJ-6176,Masculino,0,Si,No,72,Si,Si,Fiber optic,Si,Si,Si,No,Si,No,Two year,Si,Tarjeta de Credito,97.95,7114.25,No
NO-5310,Masculino,0,No,No,46,Si,No,No,No internet service,No internet service,No internet service,No internet service,No internet service,No internet service,Two year,No,Cheque,19.95,907.05,No
EX-4526,Masculino,0,No,No,40,Si,Si,No,No internet service,No internet service,No internet service,No internet service,No internet service,No internet service,Two year,Si,Deposito bancario,24.6,973.95,No
IH-5311,Masculino,0,No,No,12,No,No Servicio Telef nico,DSL,Si,Si,No,Si,Si,No,Month-to-month,Si,Transferencia Bancaria,50.95,605.75,No
KQ-3987,Masculino,0,No,No,9,Si,No,Fiber optic,Si,No,No,No,No,No,Month-to-month,No,Cheque,75.6,661.55,No
JN-3404,Femenino,0,Si,Si,51,Si,Si,Fiber optic,No,No,No,Si,No,No,Month-to-month,Si,Cheque,80.75,4116.9,No
PO-5131,Masculino,0,Si,Si,49,Si,No,Fiber optic,No,Si,Si,No,Si,No,Month-to-month,Si,Tarjeta de Credito,90.4,4494.65,No
AF-2845,Masculino,1,Si,No,41,Si,Si,Fiber optic,No,No,Si,No,Si,Si,Month-to-month,Si,Cheque,99.8,4259.3,Si
VS-3489,Femenino,0,No,No,56,Si,No,DSL,Si,No,Si,Si,No,No,One year,Si,Tarjeta de Credito,60.25,3282.75,No
JH-3345,Masculino,0,No,No,4,Si,No,No,No internet service,No internet service,No internet service,No internet service,No internet service,No internet service,Month-to-month,Si,Cheque,20.2,55.7,No
HG-5815,Masculino,0,Si,No,20,Si,No,DSL,Si,No,No,Si,No,Si,One year,Si,Deposito bancario,64.15,1274.45,No
UM-5260,Femenino,0,Si,Si,26,Si,No,No,No internet service,No internet service,No internet service,No internet service,No internet service,No internet service,Month-to-month,Si,Tarjeta de Credito,20.25,493.95,No
YP-2249,Femenino,0,Si,Si,20,Si,Si,Fiber optic,No,Si,Si,No,Si,Si,Month-to-month,Si,Transferencia Bancaria,105.85,2239.65,Si
YT-7410,Femenino,0,No,No,7,Si,Si,Fiber optic,No,No,No,No,No,No,Month-to-month,No,Deposito bancario,75.45,480.75,Si
GY-4626,Masculino,0,No,No,7,Si,Si,Fiber optic,No,No,No,No,Si,Si,Month-to-month,Si,Cheque,93.85,635.6,Si
RX-5649,Masculino,0,No,No,51,Si,No,Fiber optic,No,Si,Si,No,Si,Si,Month-to-month,Si,Cheque,99,5038.15,No
MI-2674,Femenino,0,No,No,4,Si,Si,Fiber optic,No,Si,No,No,No,No,Month-to-month,Si,Deposito bancario,80.3,324.2,No
HX-2576,Femenino,0,No,No,1,Si,No,No,No internet service,No internet service,No internet service,No internet service,No internet service,No internet service,Month-to-month,No,Tarjeta de Credito,19.55,19.55,No
AO-7587,Masculino,0,Si,Si,27,Si,Si,Fiber optic,Si,Si,No,Si,Si,No,Month-to-month,No,Cheque,100.75,2793.55,No
BY-5590,Masculino,0,No,No,22,Si,Si,Fiber optic,Si,No,No,No,Si,Si,Month-to-month,Si,Cheque,100.75,2095,Si
MD-6898,Masculino,0,No,No,12,Si,No,DSL,No,Si,No,Si,No,No,Month-to-month,Si,Deposito bancario,53.75,648.65,No
AJ-3237,Femenino,0,Si,Si,3,No,No Servicio Telef nico,DSL,No,No,No,Si,No,No,Month-to-month,Si,Deposito bancario,31,95.05,Si
YN-4707,Femenino,0,Si,Si,34,Si,Si,No,No internet service,No internet service,No internet service,No internet service,No internet service,No internet service,One year,Si,Tarjeta de Credito,25.6,917.15,No
UJ-9357,Masculino,0,Si,No,24,Si,Si,DSL,Si,No,No,Si,No,No,One year,Si,Cheque,58.35,1346.9,No
NF-1591,Masculino,0,No,No,51,Si,Si,Fiber optic,No,No,Si,No,No,No,Month-to-month,No,Tarjeta de Credito,80,4242.35,Si
PF-8648,Femenino,1,No,No,14,No,No Servicio Telef nico,DSL,No,No,No,No,Si,Si,Month-to-month,Si,Cheque,46.35,672.7,No
CU-7663,Masculino,0,Si,No,59,Si,Si,Fiber optic,Si,Si,Si,Si,Si,Si,Two year,No,Cheque,113.75,6561.25,No
NO-0258,Masculino,0,No,No,3,Si,No,Fiber optic,No,Si,Si,No,No,Si,Month-to-month,No,Cheque,90.4,268.45,No
VI-1163,Femenino,0,Si,Si,65,Si,Si,Fiber optic,Si,No,Si,Si,Si,Si,Two year,No,Cheque,109.3,7337.55,No
CP-2815,Masculino,1,No,No,5,Si,No,Fiber optic,No,No,No,No,No,No,Month-to-month,Si,Deposito bancario,70.25,331.9,Si
RO-9348,Femenino,0,Si,Si,59,Si,Si,DSL,Si,Si,Si,Si,Si,Si,Two year,No,Tarjeta de Credito,90.3,5194.05,No
JU-9443,Masculino,0,Si,Si,72,No,No Servicio Telef nico,DSL,Si,Si,Si,Si,Si,Si,Two year,Si,Tarjeta de Credito,65.25,4478.85,No
BQ-0596,Femenino,0,Si,Si,62,Si,No,Fiber optic,No,Si,Si,No,Si,Si,Month-to-month,Si,Cheque,100.15,6283.3,Si
ZU-1481,Masculino,0,No,No,28,Si,Si,Fiber optic,Si,Si,No,No,No,Si,Month-to-month,Si,Tarjeta de Credito,94.5,2659.4,Si
TY-3043,Masculino,0,No,No,3,Si,No,DSL,No,No,No,Si,No,Si,Month-to-month,No,Deposito bancario,60.65,196.9,No
FA-4830,Masculino,0,No,Si,19,Si,Si,No,No internet service,No internet service,No internet service,No internet service,No internet service,No internet service,Month-to-month,Si,Tarjeta de Credito,24.1,439.2,No
BF-5906,Masculino,0,No,No,1,Si,No,No,No internet service,No internet service,No internet service,No internet service,No internet service,No internet service,Month-to-month,Si,Deposito bancario,19.5,19.5,No
NK-2960,Masculino,0,No,No,24,Si,No,Fiber optic,No,Si,Si,Si,No,No,Month-to-month,Si,Cheque,85.95,2107.15,No
ZR-8996,Masculino,1,No,No,57,Si,No,DSL,No,No,Si,Si,No,No,One year,Si,Cheque,53.5,3035.8,No
IK-5598,Femenino,0,No,No,72,Si,Si,No,No internet service,No internet service,No internet service,No internet service,No internet service,No internet service,Two year,No,Tarjeta de Credito,25.45,1866.45,No
ZX-0397,Masculino,0,No,No,67,Si,No,No,No internet service,No internet service,No internet service,No internet service,No internet service,No internet service,Two year,No,Transferencia Bancaria,20.5,1430.95,No
PF-5266,Masculino,0,Si,Si,52,Si,No,No,No internet service,No internet service,No internet service,No internet service,No internet service,No internet service,One year,Si,Tarjeta de Credito,20.85,1071.6,No
HG-4674,Masculino,0,Si,Si,71,Si,Si,DSL,Si,Si,Si,Si,Si,Si,Two year,No,Tarjeta de Credito,89.9,6457.15,No
MB-6765,Femenino,0,Si,No,26,Si,Si,No,No internet service,No internet service,No internet service,No internet service,No internet service,No internet service,One year,No,Deposito bancario,26,684.05,No
IJ-9786,Femenino,0,No,No,35,Si,Si,Fiber optic,Si,Si,Si,Si,Si,Si,Two year,Si,Deposito bancario,113.2,3914.05,No
SR-1303,Femenino,0,Si,Si,55,Si,No,Fiber optic,No,No,No,No,No,No,Two year,Si,Tarjeta de Credito,69.05,3842.6,No
MH-3769,Femenino,0,Si,Si,33,Si,No,No,No internet service,No internet service,No internet service,No internet service,No internet service,No internet service,Two year,No,Deposito bancario,20.1,670.35,No
OS-6295,Masculino,0,Si,No,72,Si,Si,Fiber optic,Si,Si,Si,No,Si,Si,Two year,Si,Cheque,109.65,7880.25,No
MH-3308,Masculino,0,No,Si,1,Si,No,No,No internet service,No internet service,No internet service,No internet service,No internet service,No internet service,Month-to-month,Si,Deposito bancario,19.2,19.2,No
OS-2309,Masculino,0,No,No,10,No,No Servicio Telef nico,DSL,No,No,No,No,No,Si,Month-to-month,Si,Deposito bancario,33.9,298.45,Si
QP-2207,Femenino,1,Si,No,37,Si,No,Fiber optic,No,No,Si,Si,Si,No,Month-to-month,No,Cheque,90,3371.75,No
JP-4177,Masculino,0,No,No,12,No,No Servicio Telef nico,DSL,No,Si,No,Si,No,No,Month-to-month,No,Deposito bancario,34,442.45,No
CF-2239,Masculino,0,Si,Si,1,Si,No,No,No internet service,No internet service,No internet service,No internet service,No internet service,No internet service,One year,No,Deposito bancario,20.4,20.4,No
DN-8046,Masculino,0,Si,No,62,No,No Servicio Telef nico,DSL,Si,Si,No,Si,No,No,Two year,Si,Tarjeta de Credito,38.6,2345.55,No
XA-2209,Femenino,0,No,No,1,No,No Servicio Telef nico,DSL,No,No,No,No,No,No,Month-to-month,No,Transferencia Bancaria,25.25,25.25,No
JD-6620,Femenino,0,No,No,18,Si,Si,DSL,Si,No,Si,No,No,No,Month-to-month,Si,Deposito bancario,60.6,1156.35,No
FZ-1891,Masculino,1,Si,No,69,Si,Si,Fiber optic,No,Si,No,No,Si,No,Month-to-month,Si,Cheque,89.95,6143.15,Si
UE-4770,Masculino,0,No,No,2,Si,No,Fiber optic,No,Si,No,No,No,No,Month-to-month,Si,Cheque,74.75,144.8,No
RQ-1038,Masculino,0,Si,Si,19,Si,No,No,No internet service,No internet service,No internet service,No internet service,No internet service,No internet service,Month-to-month,No,Deposito bancario,20.6,414.95,No
LL-7613,Masculino,0,No,No,12,Si,Si,Fiber optic,No,No,No,No,Si,No,Month-to-month,Si,Cheque,84.45,1059.55,Si
TT-4568,Masculino,0,No,No,9,Si,No,No,No internet service,No internet service,No internet service,No internet service,No internet service,No internet service,Month-to-month,No,Deposito bancario,20.4,181.8,No
DX-9513,Masculino,0,No,No,27,Si,No,DSL,Si,No,Si,Si,Si,Si,One year,No,Cheque,81.7,2212.55,No
PM-2640,Masculino,0,No,Si,27,Si,Si,Fiber optic,No,No,No,Si,No,No,Month-to-month,Si,Cheque,79.5,2180.55,Si
HM-3801,Masculino,0,Si,Si,1,Si,No,Fiber optic,No,No,No,No,Si,Si,Month-to-month,No,Deposito bancario,89.15,89.15,Si
QR-0516,Femenino,1,No,No,24,Si,No,No,No internet service,No internet service,No internet service,No internet service,No internet service,No internet service,Month-to-month,Si,Deposito bancario,20.3,459.95,No
WK-9685,Masculino,1,No,No,14,Si,Si,Fiber optic,No,No,No,No,No,No,Month-to-month,Si,Cheque,74.95,1036.75,Si
UG-6022,Femenino,1,No,No,32,Si,No,Fiber optic,No,Si,No,No,No,No,Month-to-month,Si,Cheque,74.4,2276.95,Si
OI-8084,Femenino,0,No,No,11,Si,No,No,No internet service,No internet service,No internet service,No internet service,No internet service,No internet service,One year,No,Deposito bancario,20,211.95,No
BQ-8896,Masculino,0,No,No,1,Si,Si,No,No internet service,No internet service,No internet service,No internet service,No internet service,No internet service,Month-to-month,Si,Deposito bancario,25,25,No
QB-3865,Masculino,1,No,Si,38,Si,Si,Fiber optic,Si,No,No,No,No,No,Month-to-month,Si,Deposito bancario,80.45,3162.65,No
RI-3352,Femenino,0,Si,Si,9,Si,No,No,No internet service,No internet service,No internet service,No internet service,No internet service,No internet service,Two year,No,Deposito bancario,19.75,210.65,No
GP-2160,Masculino,0,Si,Si,54,Si,Si,DSL,Si,Si,No,Si,No,No,Two year,Si,Tarjeta de Credito,65.65,3566.7,No
MM-2065,Femenino,0,No,No,29,Si,Si,DSL,No,No,No,No,Si,Si,One year,Si,Tarjeta de Credito,71,2080.1,No
TY-5857,Masculino,1,Si,No,44,Si,Si,Fiber optic,No,No,Si,No,Si,No,Month-to-month,Si,Cheque,89.2,4040.2,No
NH-1498,Masculino,0,Si,Si,59,Si,No,DSL,Si,Si,Si,Si,Si,Si,Two year,Si,Cheque,86.75,5186,No
CG-4484,Femenino,0,No,No,3,Si,No,DSL,No,No,No,No,No,Si,Month-to-month,Si,Cheque,55.3,196.15,Si
PT-1402,Femenino,0,Si,Si,18,Si,No,DSL,Si,Si,No,Si,No,No,One year,Si,Deposito bancario,61.5,1087.45,No
RE-4176,Masculino,1,No,No,67,Si,Si,No,No internet service,No internet service,No internet service,No internet service,No internet service,No internet service,Two year,No,Tarjeta de Credito,25.1,1672.15,No
ED-6214,Femenino,0,Si,Si,22,Si,No,DSL,No,Si,No,Si,No,No,Month-to-month,No,Cheque,55.15,1206.05,Si
FP-5199,Masculino,0,No,Si,33,No,No Servicio Telef nico,DSL,Si,No,No,Si,No,No,One year,No,Tarjeta de Credito,34.05,1113.95,No
KS-6377,Masculino,0,No,No,5,Si,No,No,No internet service,No internet service,No internet service,No internet service,No internet service,No internet service,Month-to-month,No,Deposito bancario,19.95,107.05,No
JA-1796,Femenino,0,No,No,2,Si,No,No,No internet service,No internet service,No internet service,No internet service,No internet service,No internet service,Month-to-month,No,Deposito bancario,19.95,38.15,No
WH-0238,Masculino,0,Si,Si,72,Si,Si,DSL,Si,Si,Si,Si,Si,Si,Two year,No,Tarjeta de Credito,89.7,6339.3,No
NB-8735,Masculino,0,No,Si,9,Si,No,No,No internet service,No internet service,No internet service,No internet service,No internet service,No internet service,Month-to-month,No,Deposito bancario,20.4,184.1,No
RL-6651,Masculino,0,Si,Si,67,Si,Si,No,No internet service,No internet service,No internet service,No internet service,No internet service,No internet service,Two year,No,Deposito bancario,26.3,1688.9,No
IS-6127,Femenino,0,Si,No,16,Si,Si,Fiber optic,No,No,No,No,Si,No,Month-to-month,Si,Cheque,84.95,1378.25,Si
JB-1614,Femenino,0,No,No,8,Si,No,No,No internet service,No internet service,No internet service,No internet service,No internet service,No internet service,Month-to-month,Si,Deposito bancario,20.7,137.6,No
XL-8740,Masculino,0,No,No,5,No,No Servicio Telef nico,DSL,Si,Si,Si,Si,No,No,Month-to-month,Si,Deposito bancario,43.25,219,Si
DN-1208,Masculino,0,Si,Si,23,Si,Si,DSL,No,No,No,No,No,No,One year,Si,Tarjeta de Credito,48.35,1067.15,Si
AE-1761,Masculino,0,No,No,1,Si,No,Fiber optic,No,No,No,No,Si,No,Month-to-month,Si,Cheque,79.55,79.55,Si
CS-3923,Femenino,1,Si,No,50,Si,No,Fiber optic,No,No,No,No,No,No,Month-to-month,Si,Cheque,71.05,3444.85,Si
EX-5696,Masculino,0,No,No,17,Si,No,No,No internet service,No internet service,No internet service,No internet service,No internet service,No internet service,Two year,No,Tarjeta de Credito,19.45,369.05,No
KT-5795,Femenino,0,Si,No,68,Si,Si,Fiber optic,Si,Si,Si,No,Si,Si,Two year,Si,Transferencia Bancaria,110.8,7553.6,No
RF-7120,Masculino,0,No,No,1,Si,Si,Fiber optic,No,No,No,No,Si,No,Month-to-month,No,Cheque,84.5,84.5,Si
GJ-7924,Femenino,1,Si,No,25,Si,No,Fiber optic,No,No,No,No,No,No,Month-to-month,Si,Cheque,69.3,1813.1,No
HD-4702,Masculino,0,No,No,67,No,No Servicio Telef nico,DSL,Si,No,Si,Si,Si,No,One year,Si,Transferencia Bancaria,49.35,3321.35,No
WI-8512,Masculino,0,No,No,32,Si,No,No,No internet service,No internet service,No internet service,No internet service,No internet service,No internet service,One year,No,Tarjeta de Credito,20.35,707.5,No
ZY-5897,Femenino,1,Si,No,67,Si,Si,Fiber optic,Si,Si,No,No,Si,Si,One year,Si,Cheque,105.6,7112.15,No
IT-5456,Masculino,1,Si,No,72,No,No Servicio Telef nico,DSL,Si,Si,Si,Si,Si,Si,Two year,Si,Tarjeta de Credito,64.45,4641.1,No
GG-7317,Masculino,0,Si,No,71,Si,Si,Fiber optic,No,Si,Si,Si,Si,Si,Two year,Si,Tarjeta de Credito,108.6,7690.9,Si
PU-1406,Masculino,0,No,Si,1,Si,No,DSL,No,Si,No,No,No,No,Month-to-month,Si,Cheque,49.9,49.9,No
AG-1322,Masculino,0,No,No,46,No,No Servicio Telef nico,DSL,No,Si,No,No,No,No,Month-to-month,No,Transferencia Bancaria,30.3,1380.1,Si
IY-3677,Femenino,1,No,No,2,No,No Servicio Telef nico,DSL,No,No,Si,No,No,No,Month-to-month,Si,Cheque,30.4,78.65,Si
FP-5692,Femenino,0,No,No,1,Si,No,DSL,No,No,No,No,No,No,Month-to-month,Si,Deposito bancario,45.4,45.4,Si
AA-9114,Femenino,0,Si,No,48,Si,No,DSL,No,Si,Si,No,No,Si,One year,Si,Cheque,65.65,3094.65,No
KK-8715,Femenino,0,Si,No,61,Si,Si,Fiber optic,No,No,Si,Si,Si,Si,One year,Si,Transferencia Bancaria,103.3,6518.35,No
LO-1550,Femenino,0,Si,No,32,Si,No,Fiber optic,No,Si,No,No,No,Si,Month-to-month,No,Transferencia Bancaria,84.15,2585.95,Si
BQ-1728,Femenino,0,No,No,2,Si,No,DSL,No,No,No,No,No,No,Month-to-month,No,Cheque,44.45,82.7,No
QK-0268,Femenino,0,No,No,3,Si,No,No,No internet service,No internet service,No internet service,No internet service,No internet service,No internet service,Month-to-month,No,Cheque,19.75,58.85,Si
WD-0876,Femenino,0,No,No,5,Si,No,Fiber optic,No,No,No,Si,No,Si,Month-to-month,Si,Tarjeta de Credito,85.4,425.9,Si
ZS-5117,Femenino,0,Si,Si,71,Si,Si,DSL,Si,Si,Si,Si,Si,Si,Two year,No,Transferencia Bancaria,89.9,6342.7,No
HQ-5151,Masculino,0,Si,No,37,Si,Si,DSL,Si,No,No,No,No,No,Month-to-month,Si,Deposito bancario,55.05,2030.75,No
HU-0960,Masculino,0,Si,Si,65,Si,Si,Fiber optic,No,No,Si,Si,Si,Si,Two year,Si,Transferencia Bancaria,104.1,6700.05,No
GS-6465,Femenino,0,No,Si,67,Si,Si,Fiber optic,No,Si,No,Si,Si,Si,One year,Si,Transferencia Bancaria,106.6,7244.7,No
FH-0617,Masculino,0,No,Si,49,Si,Si,Fiber optic,No,No,No,No,No,No,Month-to-month,No,Tarjeta de Credito,75.2,3678.3,Si
FJ-0263,Masculino,0,Si,Si,50,Si,Si,DSL,Si,No,No,Si,Si,No,Two year,Si,Tarjeta de Credito,70.5,3486.65,No
ZN-7319,Masculino,0,Si,Si,25,Si,No,No,No internet service,No internet service,No internet service,No internet service,No internet service,No internet service,One year,No,Cheque,19.6,411.15,No
MO-2858,Femenino,0,No,Si,17,Si,Si,DSL,No,No,Si,No,No,No,One year,Si,Deposito bancario,55.85,937.5,Si
EP-7503,Femenino,0,Si,Si,64,Si,Si,No,No internet service,No internet service,No internet service,No internet service,No internet service,No internet service,Two year,Si,Deposito bancario,24.05,1559.15,No
XX-7089,Masculino,0,Si,No,25,No,No Servicio Telef nico,DSL,No,No,Si,No,Si,No,One year,Si,Tarjeta de Credito,38.1,970.4,No
LS-8118,Masculino,1,No,No,23,Si,Si,Fiber optic,No,Si,Si,No,Si,Si,Month-to-month,Si,Cheque,106.4,2483.5,Si
AA-8070,Masculino,1,Si,No,24,No,No Servicio Telef nico,DSL,No,No,Si,Si,No,No,Month-to-month,No,Deposito bancario,34.25,828.2,No
JX-1666,Femenino,0,No,No,37,Si,Si,Fiber optic,No,No,Si,No,Si,Si,Month-to-month,Si,Cheque,100.05,3810.55,No
DI-7855,Femenino,0,No,No,21,Si,No,Fiber optic,No,No,No,No,No,No,Month-to-month,Si,Cheque,68.65,1493.2,No
PO-5133,Masculino,0,No,No,1,Si,No,DSL,No,No,No,No,No,No,Month-to-month,Si,Deposito bancario,45.8,45.8,No
MS-5652,Femenino,0,No,No,10,Si,Si,Fiber optic,No,No,No,No,No,No,Month-to-month,Si,Deposito bancario,75.75,777.3,No
CC-7005,Masculino,0,No,No,6,Si,No,Fiber optic,No,Si,No,No,No,Si,Month-to-month,Si,Cheque,84.4,556.35,Si
BO-1810,Masculino,0,Si,No,51,Si,Si,Fiber optic,Si,Si,No,No,No,Si,One year,Si,Tarjeta de Credito,96.4,4911.05,No
BX-1784,Femenino,0,No,No,10,Si,No,No,No internet service,No internet service,No internet service,No internet service,No internet service,No internet service,Month-to-month,Si,Deposito bancario,20.55,187.35,No
MH-7351,Femenino,0,No,No,6,No,No Servicio Telef nico,DSL,Si,Si,No,Si,No,Si,Month-to-month,No,Tarjeta de Credito,50.95,307.6,No
VT-9224,Masculino,0,Si,Si,47,Si,Si,DSL,Si,Si,Si,Si,Si,Si,Two year,Si,Deposito bancario,90.5,4318.35,No
IW-9500,Femenino,0,Si,Si,61,Si,Si,DSL,Si,Si,Si,Si,No,Si,One year,Si,Cheque,79.4,4820.55,No
TJ-5762,Femenino,0,No,No,52,No,No Servicio Telef nico,DSL,Si,Si,Si,No,Si,Si,Two year,Si,Transferencia Bancaria,58.75,3038.55,No
YO-4504,Femenino,0,Si,Si,35,Si,Si,DSL,Si,Si,No,No,No,No,Month-to-month,Si,Tarjeta de Credito,59.45,2136.9,No
ID-5569,Masculino,0,Si,No,71,Si,Si,Fiber optic,No,Si,Si,No,Si,Si,One year,Si,Transferencia Bancaria,105.7,7472.15,No
FD-4250,Femenino,0,No,No,6,Si,No,DSL,Si,Si,No,No,No,No,Month-to-month,No,Cheque,56.25,389.1,Si
ZZ-7284,Masculino,0,Si,No,45,Si,No,DSL,Si,No,Si,No,No,No,Two year,No,Tarjeta de Credito,53.3,2296.25,No
ZL-5277,Femenino,1,No,No,2,Si,Si,Fiber optic,No,No,No,No,Si,No,Month-to-month,Si,Cheque,85.55,187.45,Si
RR-2141,Femenino,0,No,No,4,Si,No,DSL,No,Si,No,No,Si,Si,Month-to-month,Si,Transferencia Bancaria,68.65,261.25,Si
JY-1777,Masculino,0,No,No,2,No,No Servicio Telef nico,DSL,No,No,No,No,No,No,Month-to-month,No,Deposito bancario,24.3,38.45,No
GA-6376,Masculino,0,No,No,4,Si,No,Fiber optic,No,No,No,No,Si,No,Month-to-month,No,Cheque,77.85,299.2,Si
UR-3401,Masculino,0,No,No,51,Si,Si,DSL,Si,No,No,Si,No,No,One year,No,Tarjeta de Credito,59.9,3043.6,No
EA-1599,Masculino,0,Si,Si,60,Si,Si,No,No internet service,No internet service,No internet service,No internet service,No internet service,No internet service,One year,No,Tarjeta de Credito,23.95,1506.4,No
XV-8631,Masculino,0,No,No,9,Si,No,No,No internet service,No internet service,No internet service,No internet service,No internet service,No internet service,One year,Si,Deposito bancario,20.15,163.7,No
PN-5052,Masculino,0,No,No,3,Si,Si,Fiber optic,No,Si,Si,No,Si,Si,Month-to-month,Si,Transferencia Bancaria,105.35,323.25,Si
LY-3853,Masculino,0,No,No,17,Si,Si,Fiber optic,No,No,Si,Si,No,Si,Month-to-month,Si,Transferencia Bancaria,95.65,1640,No
ZN-6979,Femenino,0,No,No,8,Si,Si,Fiber optic,No,No,No,No,Si,No,Month-to-month,Si,Cheque,87.05,762.1,Si
US-5751,Masculino,0,Si,Si,46,Si,No,DSL,Si,No,Si,Si,Si,Si,Two year,No,Deposito bancario,81,3846.35,No
LQ-5680,Femenino,0,No,No,68,Si,No,DSL,Si,Si,Si,Si,Si,Si,Two year,Si,Tarjeta de Credito,82.45,5646.6,No
LA-2386,Masculino,0,No,No,1,Si,No,DSL,No,No,No,No,Si,No,Month-to-month,Si,Deposito bancario,53.5,53.5,Si
DU-8189,Femenino,0,Si,No,4,Si,No,No,No internet service,No internet service,No internet service,No internet service,No internet service,No internet service,One year,No,Transferencia Bancaria,20.5,79.05,No
IG-6032,Femenino,0,No,No,1,No,No Servicio Telef nico,DSL,No,No,No,No,No,No,Month-to-month,Si,Deposito bancario,25.1,25.1,Si
DC-9931,Masculino,0,No,Si,28,Si,No,DSL,No,Si,No,Si,No,No,One year,Si,Tarjeta de Credito,54.4,1516.6,No
JS-1898,Femenino,0,No,No,39,Si,No,DSL,No,Si,No,No,Si,No,One year,Si,Tarjeta de Credito,58.6,2224.5,No
LV-0315,Masculino,0,No,No,11,Si,No,Fiber optic,No,No,Si,No,No,Si,Month-to-month,No,Cheque,84.8,888.75,No
RS-3911,Femenino,0,Si,No,71,No,No Servicio Telef nico,DSL,No,Si,Si,Si,Si,Si,Two year,Si,Tarjeta de Credito,61.4,4310.35,No
CI-2410,Masculino,0,No,Si,2,Si,No,No,No internet service,No internet service,No internet service,No internet service,No internet service,No internet service,Month-to-month,No,Deposito bancario,20.4,42.9,No
HC-4248,Masculino,1,Si,No,30,Si,No,Fiber optic,No,Si,Si,No,No,No,Month-to-month,Si,Deposito bancario,79.65,2365.15,Si
OV-5505,Femenino,0,No,No,17,Si,No,No,No internet service,No internet service,No internet service,No internet service,No internet service,No internet service,One year,No,Deposito bancario,20.15,353.65,No
AJ-7271,Femenino,0,Si,No,55,Si,Si,Fiber optic,No,Si,Si,No,Si,No,Month-to-month,Si,Tarjeta de Credito,94.45,5073.1,No
TJ-1867,Femenino,0,No,No,58,Si,Si,Fiber optic,Si,No,No,No,No,No,Month-to-month,Si,Transferencia Bancaria,79.8,4526.85,No
WJ-0516,Femenino,0,No,No,5,Si,No,DSL,Si,No,No,Si,No,No,Month-to-month,No,Cheque,54.2,308.25,Si
FK-9174,Femenino,1,No,No,1,Si,No,No,No internet service,No internet service,No internet service,No internet service,No internet service,No internet service,Month-to-month,Si,Cheque,19.45,19.45,Si
YR-6860,Masculino,1,No,No,9,Si,Si,Fiber optic,No,No,No,No,No,No,Month-to-month,Si,Cheque,74.05,678.45,No
WY-4429,Masculino,0,No,No,26,Si,No,DSL,No,No,No,Si,No,No,Month-to-month,No,Transferencia Bancaria,49.15,1237.3,No
LV-2817,Femenino,0,No,No,50,Si,No,No,No internet service,No internet service,No internet service,No internet service,No internet service,No internet service,Two year,No,Tarjeta de Credito,19.4,1023.95,No
ET-5038,Femenino,0,Si,No,72,Si,Si,Fiber optic,Si,Si,Si,Si,Si,Si,Two year,Si,Transferencia Bancaria,113.65,8182.75,No
FI-5056,Femenino,0,No,Si,43,Si,No,Fiber optic,Si,Si,No,Si,Si,Si,One year,Si,Tarjeta de Credito,106,4532.3,No
WF-4521,Masculino,0,No,No,56,Si,Si,No,No internet service,No internet service,No internet service,No internet service,No internet service,No internet service,Two year,Si,Transferencia Bancaria,25.95,1444.05,No
KT-6569,Femenino,0,No,No,1,Si,No,No,No internet service,No internet service,No internet service,No internet service,No internet service,No internet service,Month-to-month,No,Deposito bancario,19.1,19.1,No
RI-8809,Masculino,0,Si,Si,72,Si,Si,Fiber optic,No,Si,Si,No,Si,Si,Two year,Si,Cheque,103.4,7372.65,Si
XK-8809,Masculino,0,Si,No,72,Si,Si,Fiber optic,Si,Si,No,Si,No,Si,Two year,Si,Transferencia Bancaria,100.55,7325.1,No
YC-0396,Masculino,0,Si,No,36,Si,Si,Fiber optic,No,No,No,No,Si,Si,Month-to-month,Si,Cheque,95.4,3474.2,No
LD-0867,Masculino,0,No,No,5,Si,No,DSL,No,No,Si,Si,Si,Si,Month-to-month,No,Transferencia Bancaria,75.15,392.65,No
NG-4822,Femenino,0,No,No,13,Si,Si,Fiber optic,No,Si,Si,No,No,No,Month-to-month,Si,Cheque,84.45,1058.6,Si
DX-9391,Femenino,1,No,No,44,Si,No,Fiber optic,No,Si,Si,No,No,Si,One year,No,Tarjeta de Credito,89.15,3990.75,No
FE-9844,Femenino,1,Si,Si,70,Si,Si,Fiber optic,No,Si,Si,Si,Si,Si,One year,Si,Cheque,107.9,7475.85,No
SZ-2122,Masculino,0,No,No,44,Si,No,No,No internet service,No internet service,No internet service,No internet service,No internet service,No internet service,One year,No,Tarjeta de Credito,19.5,835.5,No
DZ-5307,Femenino,1,Si,No,32,Si,Si,Fiber optic,No,No,No,No,Si,No,Month-to-month,Si,Tarjeta de Credito,85.95,2628.6,Si
AO-3148,Femenino,0,Si,No,69,Si,Si,No,No internet service,No internet service,No internet service,No internet service,No internet service,No internet service,Two year,Si,Tarjeta de Credito,24.95,1718.35,No
JO-8679,Femenino,1,No,No,16,Si,No,DSL,No,No,No,Si,Si,No,Month-to-month,No,Cheque,59.4,1023.9,Si
ET-8395,Masculino,1,Si,Si,68,Si,No,No,No internet service,No internet service,No internet service,No internet service,No internet service,No internet service,One year,No,Transferencia Bancaria,19.5,1193.55,No
YQ-6692,Masculino,0,No,No,16,Si,No,Fiber optic,No,No,No,No,No,No,Month-to-month,Si,Tarjeta de Credito,69.95,1205.5,No
VW-3889,Masculino,0,Si,Si,68,Si,No,DSL,Si,Si,No,Si,Si,Si,Two year,No,Transferencia Bancaria,82.85,5776.45,No
JC-5222,Masculino,0,No,No,4,Si,No,No,No internet service,No internet service,No internet service,No internet service,No internet service,No internet service,Month-to-month,No,Deposito bancario,19,78.9,No
CL-9754,Femenino,0,Si,Si,26,No,No Servicio Telef nico,DSL,Si,Si,No,Si,No,No,Month-to-month,No,Tarjeta de Credito,38.85,1025.15,No
FP-1432,Femenino,0,No,No,29,No,No Servicio Telef nico,DSL,No,Si,No,No,No,No,Month-to-month,Si,Cheque,30.6,856.35,Si
CC-2739,Masculino,0,No,Si,5,Si,No,No,No internet service,No internet service,No internet service,No internet service,No internet service,No internet service,Month-to-month,No,Tarjeta de Credito,20.35,122,No
TN-7080,Masculino,0,Si,No,70,Si,Si,Fiber optic,No,Si,Si,No,Si,No,One year,Si,Transferencia Bancaria,95,6602.9,No
AH-0496,Masculino,0,Si,No,24,Si,No,DSL,Si,No,No,Si,Si,Si,One year,No,Transferencia Bancaria,74.4,1712.9,No
TA-8336,Femenino,1,Si,No,72,Si,Si,DSL,Si,Si,Si,Si,No,Si,Two year,No,Transferencia Bancaria,78.45,5682.25,No
SJ-2468,Masculino,0,No,No,1,Si,No,Fiber optic,No,No,No,Si,No,No,Month-to-month,Si,Deposito bancario,74.3,74.3,No
VT-3181,Masculino,0,Si,No,70,No,No Servicio Telef nico,DSL,No,Si,Si,Si,No,Si,One year,Si,Transferencia Bancaria,51.05,3635.15,No
HD-7168,Femenino,0,Si,Si,36,Si,No,No,No internet service,No internet service,No internet service,No internet service,No internet service,No internet service,Month-to-month,No,Transferencia Bancaria,19.2,702.9,No
AX-4803,Femenino,1,No,No,38,Si,Si,Fiber optic,No,No,No,Si,Si,Si,Month-to-month,Si,Cheque,99.55,3734.25,Si
HC-3884,Femenino,0,No,No,17,Si,No,Fiber optic,No,No,No,No,No,No,Month-to-month,Si,Cheque,70,1144.5,Si
AK-4567,Femenino,0,Si,Si,41,Si,Si,Fiber optic,No,Si,Si,Si,Si,Si,One year,Si,Transferencia Bancaria,109.1,4454.25,No
DX-5077,Femenino,0,No,No,1,Si,No,DSL,No,No,No,No,No,No,Month-to-month,Si,Cheque,45.3,45.3,Si
WA-1142,Masculino,0,No,No,2,No,No Servicio Telef nico,DSL,No,No,No,Si,No,No,Month-to-month,No,Transferencia Bancaria,29.85,75.6,Si
HX-7901,Masculino,0,No,No,14,Si,No,Fiber optic,No,No,Si,No,No,No,Month-to-month,No,Cheque,76.45,1117.55,No
AN-5649,Masculino,1,No,No,2,Si,No,Fiber optic,No,Si,Si,Si,No,Si,Month-to-month,Si,Tarjeta de Credito,95.1,180.25,Si
VL-4892,Masculino,0,No,No,1,Si,No,No,No internet service,No internet service,No internet service,No internet service,No internet service,No internet service,Month-to-month,No,Deposito bancario,19.8,19.8,Si
IF-5924,Masculino,0,Si,Si,13,Si,Si,DSL,No,Si,Si,Si,Si,No,Month-to-month,Si,Cheque,72.8,930.05,No
QU-7968,Masculino,0,No,No,6,Si,No,No,No internet service,No internet service,No internet service,No internet service,No internet service,No internet service,Month-to-month,No,Deposito bancario,18.95,110.15,No
HB-2919,Femenino,0,No,No,4,Si,No,Fiber optic,No,Si,No,No,No,No,Month-to-month,Si,Transferencia Bancaria,76.65,333.6,Si
XP-4236,Femenino,0,Si,Si,5,Si,No,Fiber optic,No,Si,No,Si,Si,Si,Month-to-month,Si,Deposito bancario,99.15,465.05,Si
WM-8903,Femenino,0,Si,No,15,Si,No,Fiber optic,Si,No,Si,No,Si,Si,Month-to-month,No,Cheque,101.75,1669.4,No
SN-2452,Femenino,0,No,No,47,Si,No,Fiber optic,Si,No,No,No,No,No,Month-to-month,No,Tarjeta de Credito,75.45,3545.1,No
WE-3629,Femenino,0,No,No,8,Si,No,DSL,No,No,Si,Si,No,Si,Month-to-month,No,Deposito bancario,64.1,504.05,No
CS-6029,Masculino,0,No,No,17,No,No Servicio Telef nico,DSL,No,No,No,No,No,No,Month-to-month,Si,Deposito bancario,25.65,440.2,No
NQ-7993,Masculino,0,Si,Si,15,Si,No,Fiber optic,Si,No,No,No,No,No,Month-to-month,No,Deposito bancario,75.1,1151.55,No
DF-9909,Femenino,0,No,No,26,Si,No,Fiber optic,Si,No,Si,Si,No,Si,One year,Si,Transferencia Bancaria,95.85,2475.35,No
FT-9099,Femenino,0,No,No,23,Si,Si,DSL,Si,No,No,No,No,No,Month-to-month,No,Cheque,54.4,1249.25,No
BX-0581,Femenino,1,No,No,4,Si,No,Fiber optic,No,Si,No,No,No,No,Month-to-month,No,Cheque,72.75,317.75,No
CH-4962,Masculino,0,No,Si,29,Si,No,No,No internet service,No internet service,No internet service,No internet service,No internet service,No internet service,One year,No,Deposito bancario,19.85,535.05,No
RO-9467,Femenino,0,No,No,25,Si,No,No,No internet service,No internet service,No internet service,No internet service,No internet service,No internet service,Month-to-month,No,Deposito bancario,19.05,461.3,No
YZ-3030,Masculino,0,No,No,9,Si,No,DSL,No,No,No,No,No,No,Month-to-month,No,Deposito bancario,44.95,431,Si
KT-7410,Masculino,0,Si,No,18,Si,No,DSL,No,No,Si,No,No,No,Month-to-month,Si,Deposito bancario,49.55,878.35,Si
IT-5150,Masculino,1,No,No,3,Si,Si,Fiber optic,No,No,No,No,Si,Si,Month-to-month,Si,Cheque,94.85,335.75,No
KP-2253,Femenino,0,Si,Si,69,No,No Servicio Telef nico,DSL,Si,Si,Si,Si,No,No,Two year,No,Transferencia Bancaria,46.25,3121.4,No
ZU-1345,Masculino,0,No,No,14,Si,No,No,No internet service,No internet service,No internet service,No internet service,No internet service,No internet service,One year,No,Deposito bancario,19.35,324.8,No
SH-6429,Masculino,0,No,No,19,Si,Si,DSL,No,No,No,No,Si,Si,Month-to-month,No,Deposito bancario,69.6,1394.55,No
OF-9281,Masculino,1,No,No,39,Si,Si,Fiber optic,No,Si,No,No,No,Si,Month-to-month,No,Cheque,90.7,3413.25,No
HV-2603,Masculino,0,No,No,31,Si,No,Fiber optic,No,Si,Si,No,Si,Si,Month-to-month,Si,Cheque,101.4,3143.65,No
WU-1834,Masculino,0,Si,Si,24,Si,No,No,No internet service,No internet service,No internet service,No internet service,No internet service,No internet service,One year,No,Deposito bancario,20.25,439.75,No
ZU-9097,Masculino,0,Si,No,14,Si,No,DSL,No,No,No,Si,No,No,Month-to-month,No,Transferencia Bancaria,48.8,664.4,No
OR-5148,Femenino,0,Si,No,64,Si,No,DSL,Si,Si,Si,Si,No,Si,Two year,Si,Deposito bancario,74.35,4759.55,No
GY-4893,Femenino,0,No,No,50,Si,No,No,No internet service,No internet service,No internet service,No internet service,No internet service,No internet service,One year,Si,Deposito bancario,19.35,1033,No
PH-4578,Masculino,0,Si,Si,52,Si,No,DSL,No,Si,Si,Si,Si,No,One year,Si,Cheque,68.75,3482.85,No
QD-7272,Masculino,0,No,No,28,Si,Si,Fiber optic,No,Si,No,No,Si,Si,One year,No,Cheque,100.2,2688.45,No
SL-8908,Femenino,0,No,No,21,Si,No,No,No internet service,No internet service,No internet service,No internet service,No internet service,No internet service,Two year,Si,Tarjeta de Credito,20.85,435.25,No
DL-8393,Masculino,0,No,Si,25,Si,No,Fiber optic,No,Si,No,No,Si,Si,Month-to-month,Si,Cheque,95.9,2448.75,Si
HG-9766,Femenino,0,Si,No,17,Si,No,No,No internet service,No internet service,No internet service,No internet service,No internet service,No internet service,One year,No,Deposito bancario,19.35,307,No
MH-6968,Masculino,0,Si,No,58,No,No Servicio Telef nico,DSL,No,No,No,No,Si,Si,One year,Si,Tarjeta de Credito,45,2689.35,No
IG-7395,Masculino,1,Si,No,17,Si,No,Fiber optic,No,No,No,No,No,Si,Month-to-month,No,Transferencia Bancaria,81.5,1329.2,Si
XD-5044,Femenino,0,Si,No,51,Si,Si,No,No internet service,No internet service,No internet service,No internet service,No internet service,No internet service,Two year,No,Deposito bancario,25.5,1281.25,No
WF-1814,Masculino,0,Si,Si,72,No,No Servicio Telef nico,DSL,Si,No,Si,Si,Si,No,Two year,No,Deposito bancario,48.9,3527,No
SP-2834,Masculino,0,Si,No,52,Si,No,Fiber optic,Si,No,No,No,Si,No,Month-to-month,No,Cheque,84.1,4348.65,Si
WK-3721,Femenino,0,No,No,27,Si,No,No,No internet service,No internet service,No internet service,No internet service,No internet service,No internet service,Two year,Si,Deposito bancario,19.6,561.15,No
CK-6734,Femenino,0,No,No,3,Si,No,No,No internet service,No internet service,No internet service,No internet service,No internet service,No internet service,Month-to-month,No,Deposito bancario,20,63.6,No
ZF-1265,Femenino,0,Si,No,64,Si,Si,DSL,Si,Si,Si,Si,No,Si,Two year,Si,Deposito bancario,81.3,5129.3,No
PO-6568,Femenino,0,Si,No,45,Si,No,Fiber optic,No,No,No,Si,Si,Si,Two year,Si,Tarjeta de Credito,95.2,4285.8,No
VY-7890,Masculino,1,Si,No,3,No,No Servicio Telef nico,DSL,No,No,No,No,Si,No,Month-to-month,Si,Deposito bancario,36.45,93.7,Si
LQ-5197,Femenino,0,Si,No,71,Si,Si,DSL,No,Si,Si,Si,Si,Si,Two year,Si,Tarjeta de Credito,83.3,5894.5,No
SW-9907,Femenino,1,No,No,1,No,No Servicio Telef nico,DSL,No,No,No,No,No,No,Month-to-month,No,Deposito bancario,25.05,25.05,Si
PQ-3457,Femenino,0,Si,Si,58,Si,No,No,No internet service,No internet service,No internet service,No internet service,No internet service,No internet service,Two year,No,Tarjeta de Credito,20.3,1160.75,No
AZ-7682,Masculino,0,Si,Si,34,Si,No,Fiber optic,No,Si,Si,No,Si,No,Month-to-month,Si,Cheque,89.85,3091.75,No
DM-0587,Femenino,0,No,No,8,Si,No,DSL,Si,No,No,No,No,No,Month-to-month,Si,Cheque,49.85,365.55,Si
ZT-5384,Femenino,0,Si,Si,15,Si,No,No,No internet service,No internet service,No internet service,No internet service,No internet service,No internet service,Month-to-month,No,Deposito bancario,19.8,272.95,No
HR-3745,Masculino,0,Si,Si,66,No,No Servicio Telef nico,DSL,No,No,Si,Si,Si,Si,Two year,No,Transferencia Bancaria,54.65,3632,No
OW-7636,Masculino,1,No,No,12,No,No Servicio Telef nico,DSL,No,Si,No,No,No,No,Month-to-month,Si,Tarjeta de Credito,29.35,381.2,No
YN-1231,Masculino,0,No,No,58,Si,No,No,No internet service,No internet service,No internet service,No internet service,No internet service,No internet service,Two year,Si,Transferencia Bancaria,19.15,1035.5,No
DI-1407,Femenino,0,Si,Si,3,Si,No,No,No internet service,No internet service,No internet service,No internet service,No internet service,No internet service,Two year,No,Deposito bancario,19.1,52,No
JN-6397,Femenino,1,Si,No,43,No,No Servicio Telef nico,DSL,No,Si,Si,No,Si,Si,Month-to-month,No,Tarjeta de Credito,55.55,2342.2,Si
BF-0570,Femenino,0,No,No,9,Si,No,Fiber optic,No,Si,Si,No,No,No,Month-to-month,No,Cheque,80.55,653.9,No
OB-4393,Femenino,0,No,No,3,Si,No,No,No internet service,No internet service,No internet service,No internet service,No internet service,No internet service,One year,No,Deposito bancario,20.25,71.2,No
QR-3523,Femenino,0,Si,Si,22,Si,No,DSL,No,Si,No,No,Si,Si,One year,Si,Transferencia Bancaria,69.5,1498.2,Si
LD-8564,Masculino,0,Si,No,40,Si,Si,Fiber optic,No,Si,Si,No,Si,Si,One year,Si,Transferencia Bancaria,106,4178.65,No
DF-3696,Femenino,0,No,No,68,Si,Si,No,No internet service,No internet service,No internet service,No internet service,No internet service,No internet service,Two year,No,Transferencia Bancaria,25.5,1821.8,No
DQ-0895,Masculino,0,Si,No,54,Si,Si,Fiber optic,No,Si,Si,No,Si,Si,Month-to-month,Si,Cheque,104.3,5278.15,Si
GH-4717,Femenino,0,No,No,50,Si,Si,DSL,No,Si,No,Si,Si,Si,Two year,Si,Deposito bancario,79.6,4024.2,No
TV-5501,Masculino,0,No,No,1,Si,No,DSL,No,No,No,No,No,Si,Month-to-month,Si,Cheque,55.25,55.25,No
HM-5879,Femenino,0,Si,No,72,Si,Si,DSL,Si,Si,Si,Si,Si,Si,Two year,No,Transferencia Bancaria,88.05,6520.8,No
WF-6772,Masculino,0,No,Si,40,Si,No,No,No internet service,No internet service,No internet service,No internet service,No internet service,No internet service,One year,Si,Transferencia Bancaria,20.4,854.9,No
DV-3810,Femenino,0,Si,Si,72,Si,Si,Fiber optic,Si,Si,Si,Si,Si,Si,Two year,Si,Transferencia Bancaria,117.6,8308.9,No
SN-6972,Femenino,0,No,No,6,Si,No,No,No internet service,No internet service,No internet service,No internet service,No internet service,No internet service,Month-to-month,No,Deposito bancario,20,109.2,No
GL-3694,Femenino,0,No,No,5,Si,No,No,No internet service,No internet service,No internet service,No internet service,No internet service,No internet service,Month-to-month,Si,Tarjeta de Credito,19.65,92.05,No
XS-8550,Masculino,0,Si,No,48,Si,Si,DSL,No,Si,Si,No,No,Si,One year,Si,Tarjeta de Credito,70.55,3420.5,No
RS-8149,Femenino,0,No,No,1,Si,Si,Fiber optic,No,No,No,No,Si,Si,Month-to-month,Si,Cheque,93.85,93.85,Si
MO-9055,Femenino,0,Si,Si,64,Si,No,DSL,Si,No,No,Si,Si,No,One year,No,Deposito bancario,65.8,4068,No
IN-4359,Femenino,0,No,No,17,Si,No,No,No internet service,No internet service,No internet service,No internet service,No internet service,No internet service,One year,No,Tarjeta de Credito,20.05,337.9,No
EG-0585,Masculino,0,Si,No,40,Si,No,Fiber optic,No,Si,Si,No,No,No,Month-to-month,Si,Cheque,80,3168.75,No
RM-4032,Femenino,0,Si,Si,41,No,No Servicio Telef nico,DSL,Si,No,Si,No,No,No,One year,No,Tarjeta de Credito,35.4,1412.4,No
CY-0549,Masculino,1,No,No,51,Si,Si,Fiber optic,No,Si,No,No,No,No,One year,Si,Transferencia Bancaria,79.6,3974.7,No
JH-3481,Masculino,0,Si,No,41,Si,Si,Fiber optic,No,Si,No,No,No,No,Month-to-month,Si,Cheque,80.25,3439,No
EQ-7250,Femenino,0,Si,Si,1,Si,No,DSL,No,No,Si,No,No,No,Month-to-month,No,Deposito bancario,50.45,50.45,Si
IV-3594,Femenino,0,No,No,2,Si,No,No,No internet service,No internet service,No internet service,No internet service,No internet service,No internet service,Month-to-month,Si,Deposito bancario,20.45,42.45,No
FG-6869,Masculino,0,No,No,68,Si,No,Fiber optic,No,Si,Si,No,No,No,One year,No,Tarjeta de Credito,79.6,5461.45,No
ZV-3896,Femenino,0,Si,Si,24,Si,Si,No,No internet service,No internet service,No internet service,No internet service,No internet service,No internet service,Two year,No,Deposito bancario,24.7,571.75,No
VS-8205,Masculino,0,Si,No,70,Si,Si,DSL,Si,No,Si,Si,No,Si,Two year,No,Tarjeta de Credito,77.3,5498.2,No
MV-5960,Masculino,0,No,No,3,No,No Servicio Telef nico,DSL,No,No,No,Si,No,No,Month-to-month,Si,Cheque,29.75,96.85,No
WT-6817,Masculino,0,No,No,2,Si,No,DSL,No,No,No,No,No,No,Month-to-month,No,Transferencia Bancaria,44.9,111.05,No
VQ-3082,Masculino,0,Si,No,3,No,No Servicio Telef nico,DSL,No,Si,No,No,No,No,Month-to-month,No,Tarjeta de Credito,29.8,94.4,No
UB-4013,Femenino,0,No,No,7,Si,Si,DSL,No,No,No,Si,Si,Si,Month-to-month,Si,Cheque,74.65,521.1,Si
TR-4931,Femenino,0,No,No,13,Si,No,DSL,Si,No,No,No,Si,Si,Month-to-month,Si,Cheque,71.95,923.85,No
EK-0750,Masculino,0,No,No,7,Si,No,No,No internet service,No internet service,No internet service,No internet service,No internet service,No internet service,Month-to-month,No,Deposito bancario,20.75,141.1,No
LC-7669,Masculino,0,Si,Si,12,Si,No,DSL,No,No,No,No,Si,No,Month-to-month,Si,Deposito bancario,56.3,628.65,No
PQ-3567,Masculino,0,Si,Si,53,Si,Si,Fiber optic,No,Si,Si,No,Si,Si,One year,Si,Cheque,105.25,5576.3,No
NP-5519,Femenino,0,No,No,12,Si,Si,Fiber optic,No,No,No,No,Si,Si,Month-to-month,Si,Cheque,94.2,1046.1,Si
PN-8043,Masculino,0,Si,Si,63,Si,No,No,No internet service,No internet service,No internet service,No internet service,No internet service,No internet service,Two year,No,Deposito bancario,19.55,1245.6,No
EK-9938,Femenino,0,No,No,15,Si,No,DSL,Si,Si,Si,Si,Si,Si,Month-to-month,No,Deposito bancario,84.45,1287.85,No
AM-2703,Masculino,0,Si,Si,36,Si,No,DSL,Si,Si,No,No,No,No,One year,No,Deposito bancario,53.65,1939.35,No
JM-0928,Masculino,1,Si,No,4,No,No Servicio Telef nico,DSL,No,No,Si,No,No,No,Month-to-month,Si,Cheque,29.9,118.25,No
RX-8173,Femenino,0,Si,Si,24,Si,No,No,No internet service,No internet service,No internet service,No internet service,No internet service,No internet service,Two year,No,Deposito bancario,19.7,452.55,No
XJ-4825,Femenino,0,No,No,61,No,No Servicio Telef nico,DSL,Si,Si,Si,Si,No,No,One year,No,Tarjeta de Credito,43.7,2696.55,No
HT-5402,Masculino,0,No,No,16,Si,Si,DSL,No,Si,No,No,No,No,Month-to-month,No,Cheque,55.3,875.35,No
JD-6734,Masculino,0,Si,Si,65,Si,No,No,No internet service,No internet service,No internet service,No internet service,No internet service,No internet service,Two year,Si,Tarjeta de Credito,19.85,1267.05,No
TH-7850,Femenino,0,Si,Si,26,Si,No,No,No internet service,No internet service,No internet service,No internet service,No internet service,No internet service,Two year,No,Tarjeta de Credito,19.65,494.9,No
RT-3890,Masculino,0,No,No,16,Si,No,DSL,No,No,No,Si,No,No,Month-to-month,Si,Deposito bancario,49.45,799,No
GY-8849,Femenino,0,Si,No,54,Si,Si,Fiber optic,Si,Si,No,No,Si,Si,One year,No,Transferencia Bancaria,106.55,5763.3,Si
BL-3148,Masculino,0,No,No,1,Si,No,No,No internet service,No internet service,No internet service,No internet service,No internet service,No internet service,Month-to-month,No,Deposito bancario,20.1,20.1,Si
FD-3717,Masculino,0,No,Si,5,Si,No,No,No internet service,No internet service,No internet service,No internet service,No internet service,No internet service,Two year,No,Deposito bancario,20.45,106.9,No
JA-3665,Femenino,0,No,No,19,No,No Servicio Telef nico,DSL,No,Si,No,No,No,Si,Month-to-month,Si,Cheque,39.7,710.05,No
YO-7966,Masculino,0,No,No,10,Si,Si,DSL,Si,No,No,No,No,No,Month-to-month,Si,Tarjeta de Credito,54.5,568.2,No
CV-0461,Femenino,0,Si,Si,23,Si,No,Fiber optic,No,Si,Si,Si,No,No,Month-to-month,No,Cheque,83.8,1900.25,Si
EA-8806,Masculino,0,No,No,3,Si,No,DSL,No,No,No,No,Si,No,Month-to-month,No,Deposito bancario,55.15,159.15,Si
TZ-8853,Femenino,0,No,No,72,Si,Si,Fiber optic,No,Si,Si,Si,Si,Si,Two year,Si,Transferencia Bancaria,111.6,8012.75,No
LG-7779,Masculino,1,Si,No,10,Si,Si,Fiber optic,No,No,No,No,No,Si,Month-to-month,Si,Cheque,86.65,856.65,Si
BZ-4324,Femenino,0,Si,Si,10,Si,No,DSL,No,Si,Si,No,No,No,Month-to-month,Si,Deposito bancario,55.55,551.3,No
TD-6924,Masculino,0,Si,No,11,Si,No,No,No internet service,No internet service,No internet service,No internet service,No internet service,No internet service,One year,Si,Deposito bancario,20.55,184.95,No
ZU-9710,Femenino,1,No,No,37,Si,Si,Fiber optic,Si,Si,No,No,Si,Si,Month-to-month,Si,Transferencia Bancaria,106.75,4056.75,Si
YH-1536,Masculino,0,Si,Si,17,Si,Si,DSL,Si,No,No,Si,No,No,One year,Si,Deposito bancario,62.1,1096.65,No
QB-8123,Femenino,0,Si,Si,36,Si,Si,Fiber optic,Si,No,Si,No,Si,Si,Month-to-month,Si,Tarjeta de Credito,104.5,3684.95,No
ZN-3629,Masculino,1,No,No,17,Si,No,Fiber optic,No,Si,Si,No,Si,Si,Month-to-month,Si,Cheque,101.8,1752.45,No
LT-4827,Femenino,1,Si,Si,66,Si,Si,Fiber optic,Si,Si,No,Si,Si,Si,One year,Si,Tarjeta de Credito,110.6,7210.85,No
YI-7711,Masculino,0,Si,Si,61,Si,No,DSL,Si,Si,Si,Si,Si,Si,One year,No,Transferencia Bancaria,84.9,5264.5,No
VX-5482,Masculino,0,No,No,22,Si,No,Fiber optic,No,Si,No,No,Si,Si,Month-to-month,Si,Deposito bancario,93.2,2157.3,No
BV-7365,Masculino,0,No,No,1,No,No Servicio Telef nico,DSL,No,No,No,No,No,No,Month-to-month,Si,Cheque,24.4,24.4,No
EN-9620,Femenino,0,No,No,6,Si,No,Fiber optic,No,No,No,No,No,No,Month-to-month,No,Tarjeta de Credito,70.55,433.95,No
WC-4183,Masculino,0,No,No,31,Si,No,Fiber optic,No,Si,No,Si,No,No,Month-to-month,Si,Cheque,78.45,2435.15,Si
YI-2378,Femenino,0,Si,Si,68,Si,No,DSL,Si,Si,Si,Si,Si,Si,Two year,Si,Tarjeta de Credito,85,5607.75,No
TX-5498,Femenino,0,Si,Si,34,Si,Si,Fiber optic,No,No,Si,No,Si,No,Month-to-month,No,Cheque,87.45,2874.15,Si
DS-0689,Femenino,0,Si,Si,52,Si,No,Fiber optic,No,Si,Si,Si,No,No,Month-to-month,No,Transferencia Bancaria,85.8,4433.3,No
DJ-6818,Femenino,0,No,Si,10,Si,No,Fiber optic,No,No,Si,Si,Si,No,Month-to-month,Si,Cheque,91.1,964.35,No
UJ-9722,Masculino,0,Si,Si,29,Si,No,Fiber optic,No,No,No,No,No,No,Month-to-month,Si,Cheque,70.75,1974.8,Si
WJ-0464,Femenino,0,Si,Si,72,Si,No,No,No internet service,No internet service,No internet service,No internet service,No internet service,No internet service,Two year,No,Transferencia Bancaria,20.1,1460.85,No
ZE-8902,Masculino,0,Si,Si,47,Si,No,No,No internet service,No internet service,No internet service,No internet service,No internet service,No internet service,One year,No,Deposito bancario,20.05,951.55,No
EI-6778,Masculino,0,Si,Si,24,Si,Si,DSL,Si,No,No,No,Si,Si,One year,No,Deposito bancario,74.8,1821.2,No
NN-2662,Masculino,0,No,No,65,Si,Si,No,No internet service,No internet service,No internet service,No internet service,No internet service,No internet service,One year,No,Tarjeta de Credito,24.8,1600.95,No
KA-4132,Femenino,0,No,No,4,Si,Si,Fiber optic,No,No,No,Si,Si,Si,Month-to-month,Si,Deposito bancario,100.85,399.25,No
FO-3902,Masculino,1,Si,No,12,Si,Si,Fiber optic,No,Si,No,No,Si,Si,Month-to-month,Si,Cheque,101.35,1218.55,Si
KS-6772,Masculino,0,No,No,1,Si,Si,Fiber optic,Si,No,No,No,No,No,Month-to-month,Si,Cheque,81.7,81.7,Si
OP-7112,Masculino,0,No,No,33,Si,No,Fiber optic,No,No,No,No,No,No,Month-to-month,No,Cheque,68.25,2171.15,Si
YX-2874,Femenino,0,No,No,34,Si,No,Fiber optic,No,Si,Si,Si,Si,Si,Month-to-month,Si,Cheque,105.1,3634.8,No
HA-1245,Femenino,0,Si,No,14,Si,No,No,No internet service,No internet service,No internet service,No internet service,No internet service,No internet service,Two year,No,Deposito bancario,20.4,292.4,No
QF-4210,Femenino,0,No,No,4,Si,No,Fiber optic,No,No,No,No,No,Si,Month-to-month,Si,Cheque,79.15,317.25,Si
EL-4323,Masculino,0,Si,Si,13,Si,No,No,No internet service,No internet service,No internet service,No internet service,No internet service,No internet service,One year,No,Deposito bancario,20,218.55,No
ET-4293,Femenino,0,Si,Si,65,Si,Si,DSL,No,Si,No,Si,Si,Si,Two year,Si,Transferencia Bancaria,79.4,5071.9,No
PU-6064,Masculino,0,Si,Si,23,Si,No,DSL,Si,No,No,Si,No,No,One year,No,Tarjeta de Credito,57.2,1423.35,No
VB-6504,Masculino,0,Si,No,55,Si,No,DSL,Si,Si,Si,No,No,No,Two year,No,Cheque,58.6,3068.6,No
PJ-6322,Masculino,0,Si,No,49,Si,No,Fiber optic,No,Si,No,No,Si,Si,Two year,Si,Cheque,94.8,4690.65,No
BG-0330,Masculino,0,Si,No,60,Si,Si,Fiber optic,No,Si,Si,No,Si,Si,One year,No,Transferencia Bancaria,102.5,6157.6,No
LD-1085,Femenino,0,Si,Si,69,Si,No,No,No internet service,No internet service,No internet service,No internet service,No internet service,No internet service,One year,Si,Tarjeta de Credito,20.35,1442.65,No
ZA-7586,Masculino,0,No,No,40,Si,Si,Fiber optic,No,No,No,No,Si,No,Month-to-month,Si,Cheque,84.9,3369.05,No
VO-7197,Masculino,0,Si,No,67,Si,No,DSL,Si,Si,No,Si,No,Si,Two year,Si,Tarjeta de Credito,69.2,4671.65,No
OS-3318,Masculino,1,No,No,35,Si,Si,Fiber optic,No,No,No,No,Si,Si,Month-to-month,Si,Cheque,95.45,3474.05,Si
AV-5828,Masculino,0,Si,Si,19,Si,Si,Fiber optic,No,No,No,Si,Si,Si,One year,Si,Cheque,100.95,1875.55,Si
TL-1843,Femenino,0,Si,Si,13,Si,No,No,No internet service,No internet service,No internet service,No internet service,No internet service,No internet service,Two year,No,Deposito bancario,20.85,272.35,No
VF-9626,Femenino,0,No,Si,41,Si,Si,Fiber optic,No,Si,No,No,Si,No,Month-to-month,Si,Transferencia Bancaria,88.5,3645.05,No
BN-7075,Femenino,0,No,No,4,No,No Servicio Telef nico,DSL,Si,No,Si,No,No,No,Month-to-month,No,Deposito bancario,35,135.75,No
CA-9143,Femenino,0,Si,Si,24,Si,No,DSL,Si,No,No,Si,No,No,Month-to-month,No,Cheque,55.15,1319.85,No
BU-7284,Femenino,0,No,No,5,No,No Servicio Telef nico,DSL,No,Si,No,No,Si,Si,Month-to-month,Si,Tarjeta de Credito,50.95,229.4,No
JI-2041,Femenino,0,No,No,5,Si,Si,DSL,No,Si,No,No,No,Si,Month-to-month,Si,Cheque,64,370.25,No
LX-1086,Femenino,0,Si,Si,1,Si,No,Fiber optic,No,No,No,No,No,No,Month-to-month,Si,Deposito bancario,69.1,69.1,Si
MS-4900,Femenino,0,Si,Si,72,Si,Si,DSL,Si,Si,Si,Si,Si,No,Two year,No,Transferencia Bancaria,80.2,5714.2,No
VW-2229,Femenino,0,No,No,24,Si,No,DSL,No,No,Si,No,No,No,Month-to-month,Si,Tarjeta de Credito,49.3,1233.25,No
GF-9194,Femenino,0,Si,No,42,Si,Si,DSL,Si,No,Si,Si,Si,Si,Two year,No,Tarjeta de Credito,84.35,3571.6,No
EZ-1336,Femenino,0,No,No,4,Si,No,No,No internet service,No internet service,No internet service,No internet service,No internet service,No internet service,Month-to-month,No,Deposito bancario,20.05,83.3,No
MS-4282,Masculino,0,No,No,68,Si,Si,Fiber optic,Si,Si,Si,Si,Si,Si,One year,Si,Tarjeta de Credito,117.2,8035.95,No
LK-1403,Femenino,0,Si,Si,33,Si,No,No,No internet service,No internet service,No internet service,No internet service,No internet service,No internet service,One year,No,Deposito bancario,20.1,579.4,No
AL-2636,Femenino,1,No,No,1,Si,No,Fiber optic,No,No,No,No,No,No,Month-to-month,Si,Cheque,69.6,69.6,Si
OJ-7774,Masculino,0,No,No,31,Si,Si,Fiber optic,No,Si,Si,No,Si,Si,One year,Si,Cheque,103.45,3066.45,Si
WB-7786,Femenino,0,No,No,4,Si,Si,Fiber optic,No,Si,No,No,No,No,Month-to-month,No,Transferencia Bancaria,77.95,305.55,Si
IF-0136,Masculino,1,Si,No,69,Si,Si,Fiber optic,No,Si,Si,Si,Si,Si,Two year,Si,Cheque,109.95,7634.25,No
TV-5144,Masculino,1,No,No,38,Si,Si,Fiber optic,No,No,No,No,Si,Si,Month-to-month,No,Cheque,94.75,3653,No
AV-9643,Femenino,0,Si,Si,3,Si,No,Fiber optic,No,Si,No,Si,No,No,Month-to-month,Si,Cheque,80,241.3,No
ZT-0253,Femenino,0,Si,Si,48,Si,Si,DSL,No,Si,No,Si,Si,Si,Two year,No,Cheque,79.65,3870.3,No
QZ-2706,Femenino,0,Si,No,15,Si,Si,No,No internet service,No internet service,No internet service,No internet service,No internet service,No internet service,Two year,No,Deposito bancario,25.2,387.9,No
PQ-6061,Femenino,0,No,No,25,Si,No,No,No internet service,No internet service,No internet service,No internet service,No internet service,No internet service,One year,No,Tarjeta de Credito,19.9,527.5,No
CS-9885,Femenino,1,No,No,1,Si,No,Fiber optic,No,No,No,No,Si,No,Month-to-month,No,Cheque,78.45,78.45,Si
MF-6137,Femenino,0,No,No,48,No,No Servicio Telef nico,DSL,Si,Si,No,No,Si,No,Month-to-month,Si,Cheque,44.8,2104.55,No
UM-9122,Masculino,0,No,No,1,Si,No,No,No internet service,No internet service,No internet service,No internet service,No internet service,No internet service,Month-to-month,No,Deposito bancario,20.3,20.3,No
JG-4232,Masculino,0,No,No,1,Si,No,No,No internet service,No internet service,No internet service,No internet service,No internet service,No internet service,Month-to-month,No,Cheque,19.2,19.2,No
TA-2402,Femenino,0,No,No,37,Si,No,Fiber optic,No,Si,Si,No,No,No,One year,No,Cheque,80.05,3019.1,No
ZT-9659,Masculino,1,Si,No,66,Si,Si,Fiber optic,No,Si,Si,Si,Si,Si,One year,Si,Transferencia Bancaria,107.35,7051.95,No
TW-9139,Femenino,0,Si,No,26,No,No Servicio Telef nico,DSL,Si,Si,Si,No,Si,No,One year,No,Transferencia Bancaria,47.85,1190.5,No
GB-6685,Masculino,0,Si,No,63,Si,No,DSL,Si,Si,No,Si,Si,No,One year,No,Tarjeta de Credito,70.8,4448.8,No
ET-5016,Masculino,0,No,No,10,No,No Servicio Telef nico,DSL,No,No,Si,No,No,No,Month-to-month,No,Deposito bancario,29.5,255.25,Si
MD-3866,Femenino,0,No,No,2,Si,No,DSL,Si,No,No,No,Si,Si,Month-to-month,Si,Cheque,70.75,146.9,Si
VV-2195,Masculino,1,Si,No,18,Si,No,DSL,Si,No,No,No,No,Si,Month-to-month,Si,Tarjeta de Credito,59.1,1011.05,No
RD-3913,Femenino,0,Si,No,64,Si,Si,No,No internet service,No internet service,No internet service,No internet service,No internet service,No internet service,Two year,No,Deposito bancario,25.55,1714.95,No
JM-8058,Femenino,1,No,No,9,Si,Si,Fiber optic,No,No,No,No,No,Si,Month-to-month,Si,Cheque,84.45,762.5,Si
QG-4203,Femenino,0,No,Si,28,Si,No,No,No internet service,No internet service,No internet service,No internet service,No internet service,No internet service,Month-to-month,No,Deposito bancario,20.25,535.35,No
TR-5043,Femenino,0,No,No,1,Si,No,Fiber optic,No,No,Si,No,No,No,Month-to-month,No,Cheque,75.55,75.55,No
ZM-0697,Masculino,0,No,No,4,Si,Si,Fiber optic,No,No,No,No,No,Si,Month-to-month,Si,Cheque,85.65,338.9,Si
DY-7657,Masculino,1,No,No,38,Si,No,DSL,No,Si,Si,Si,Si,No,One year,Si,Tarjeta de Credito,70.15,2497.35,Si
BD-9494,Masculino,0,Si,No,66,Si,Si,Fiber optic,No,Si,Si,No,No,Si,One year,No,Cheque,95.3,6273.4,No
PL-1640,Femenino,0,No,No,1,Si,No,Fiber optic,No,No,No,No,No,No,Month-to-month,Si,Cheque,70.25,70.25,No
OB-5366,Femenino,0,Si,No,18,Si,No,DSL,No,No,No,Si,No,No,Month-to-month,Si,Deposito bancario,50.3,908.75,No
MQ-8276,Masculino,1,No,No,51,Si,Si,Fiber optic,No,No,Si,No,Si,Si,Month-to-month,Si,Cheque,97.8,4913.3,Si
OM-7644,Masculino,0,Si,Si,0,Si,No,No,No internet service,No internet service,No internet service,No internet service,No internet service,No internet service,Two year,No,Deposito bancario,19.85, ,No
XF-7593,Masculino,0,No,No,1,Si,No,DSL,No,No,No,No,No,No,Month-to-month,No,Deposito bancario,46.3,46.3,Si
JK-4573,Masculino,0,No,Si,12,Si,No,No,No internet service,No internet service,No internet service,No internet service,No internet service,No internet service,Two year,No,Transferencia Bancaria,19.35,212.3,No
CN-0337,Femenino,0,No,No,41,Si,Si,Fiber optic,No,Si,Si,No,Si,Si,Month-to-month,Si,Cheque,106.3,4443.45,Si
AP-9817,Masculino,0,No,No,12,Si,Si,No,No internet service,No internet service,No internet service,No internet service,No internet service,No internet service,Month-to-month,No,Cheque,25,316.2,No
MQ-8380,Femenino,0,Si,Si,55,Si,No,No,No internet service,No internet service,No internet service,No internet service,No internet service,No internet service,Two year,No,Deposito bancario,20.3,1079.05,No
DF-0840,Femenino,0,No,No,7,Si,Si,Fiber optic,No,No,No,No,No,No,Month-to-month,Si,Cheque,75.35,564.65,No
XN-1513,Femenino,0,No,No,12,Si,No,Fiber optic,No,No,Si,Si,No,Si,Month-to-month,Si,Cheque,89.4,1095.65,Si
ZV-8690,Femenino,0,Si,Si,68,Si,Si,DSL,Si,Si,Si,Si,Si,Si,Two year,No,Tarjeta de Credito,88,6161.9,No
VV-6015,Femenino,1,No,No,5,Si,Si,Fiber optic,No,No,No,No,Si,No,Month-to-month,Si,Tarjeta de Credito,83.15,446.05,Si
SN-1125,Femenino,1,No,No,49,Si,No,DSL,No,No,No,No,No,No,Month-to-month,No,Deposito bancario,43.8,2106.05,No
LP-0384,Masculino,0,No,No,40,No,No Servicio Telef nico,DSL,Si,Si,Si,No,Si,Si,One year,No,Tarjeta de Credito,62.05,2511.55,No
EW-4616,Femenino,0,No,No,16,Si,No,No,No internet service,No internet service,No internet service,No internet service,No internet service,No internet service,One year,No,Transferencia Bancaria,20.1,318.6,No
DC-6347,Masculino,0,No,No,10,Si,Si,Fiber optic,No,No,No,No,No,No,Month-to-month,Si,Deposito bancario,74.15,811.8,Si
HQ-1335,Femenino,0,Si,No,72,Si,Si,Fiber optic,No,Si,Si,No,Si,Si,One year,Si,Cheque,101.35,7323.15,No
EB-2545,Femenino,1,No,No,2,Si,Si,Fiber optic,No,No,No,No,No,Si,Month-to-month,Si,Cheque,84.05,186.05,No
AQ-6923,Masculino,0,Si,Si,23,Si,No,No,No internet service,No internet service,No internet service,No internet service,No internet service,No internet service,Two year,No,Deposito bancario,20.9,454,No
EJ-2172,Femenino,1,No,No,71,Si,Si,Fiber optic,No,Si,Si,No,Si,Si,One year,Si,Cheque,105.9,7521.95,No
FE-0897,Femenino,0,Si,No,11,Si,Si,Fiber optic,No,No,Si,No,Si,Si,Month-to-month,Si,Cheque,99.5,1056.95,Si
RG-7663,Masculino,0,No,No,1,Si,No,DSL,No,No,No,No,No,No,Month-to-month,Si,Deposito bancario,44.15,44.15,Si
BM-1120,Femenino,0,No,No,16,Si,No,DSL,No,Si,No,Si,No,No,Month-to-month,Si,Deposito bancario,53.9,834.15,Si
LH-9124,Femenino,0,No,No,1,Si,Si,Fiber optic,No,No,No,No,No,Si,Month-to-month,Si,Deposito bancario,85.45,85.45,Si
PL-4536,Masculino,0,Si,No,12,Si,No,Fiber optic,No,Si,No,No,No,Si,Month-to-month,Si,Tarjeta de Credito,85.05,999.8,No
IJ-7029,Femenino,0,No,No,54,No,No Servicio Telef nico,DSL,Si,No,No,Si,No,Si,One year,No,Transferencia Bancaria,44.1,2369.7,No
JL-8871,Femenino,0,Si,No,68,Si,Si,Fiber optic,No,Si,Si,Si,No,No,Two year,No,Tarjeta de Credito,90.2,6297.65,No
ZG-2235,Femenino,0,Si,Si,4,Si,Si,DSL,No,No,No,No,No,No,Month-to-month,No,Deposito bancario,50.85,239.55,Si
PU-3891,Femenino,0,No,Si,1,Si,No,DSL,No,No,Si,No,No,Si,Month-to-month,No,Cheque,59.2,59.2,Si
VY-5447,Masculino,0,No,No,27,Si,No,DSL,Si,No,No,Si,No,No,Month-to-month,No,Deposito bancario,53.45,1461.45,No
FQ-3623,Masculino,0,No,No,21,Si,No,No,No internet service,No internet service,No internet service,No internet service,No internet service,No internet service,Month-to-month,Si,Deposito bancario,19.95,416.4,No
NK-0689,Masculino,0,No,No,13,Si,No,Fiber optic,No,No,Si,No,Si,No,Month-to-month,Si,Cheque,83.2,1060.6,Si
HD-8659,Femenino,1,No,No,64,Si,Si,DSL,No,Si,Si,Si,No,Si,Month-to-month,No,Tarjeta de Credito,74.65,4869.35,No
KI-3658,Femenino,0,No,No,1,Si,No,DSL,Si,Si,No,No,No,No,Month-to-month,Si,Cheque,54.9,54.9,Si
BA-3474,Masculino,0,Si,No,57,No,No Servicio Telef nico,DSL,No,Si,Si,Si,Si,Si,Two year,Si,Transferencia Bancaria,57.5,3265.95,No
YL-5519,Femenino,0,Si,No,21,Si,Si,Fiber optic,Si,No,Si,No,Si,Si,Month-to-month,Si,Cheque,103.9,2254.2,Si
ZF-3865,Masculino,0,No,No,19,Si,No,No,No internet service,No internet service,No internet service,No internet service,No internet service,No internet service,Two year,No,Deposito bancario,19.65,358.15,No
AG-1855,Masculino,0,Si,No,31,Si,No,Fiber optic,No,No,Si,No,Si,Si,One year,Si,Cheque,93.8,2939.8,No
CQ-7109,Masculino,0,No,No,52,Si,Si,DSL,Si,Si,Si,Si,Si,Si,Two year,Si,Deposito bancario,89.25,4652.4,No
GG-1370,Femenino,0,No,No,46,Si,Si,Fiber optic,No,Si,Si,No,No,Si,One year,Si,Cheque,94.15,4408.45,No
KU-4680,Femenino,1,No,No,11,Si,Si,DSL,Si,No,No,No,No,No,Month-to-month,Si,Cheque,55.6,580.8,No
UV-5307,Femenino,0,Si,Si,53,No,No Servicio Telef nico,DSL,Si,Si,Si,No,No,Si,Month-to-month,Si,Transferencia Bancaria,48.7,2495.2,No
ED-4946,Femenino,0,Si,Si,11,Si,No,No,No internet service,No internet service,No internet service,No internet service,No internet service,No internet service,Month-to-month,Si,Deposito bancario,19.25,180.3,Si
IL-2883,Masculino,1,No,No,57,Si,Si,Fiber optic,No,Si,No,Si,Si,Si,Month-to-month,Si,Transferencia Bancaria,104.9,5913.95,No
VQ-2516,Femenino,1,No,No,2,Si,Si,Fiber optic,No,No,No,No,No,No,Month-to-month,Si,Deposito bancario,75.45,158.4,Si
UG-7580,Femenino,1,No,No,2,Si,No,DSL,Si,Si,No,No,No,No,Month-to-month,No,Deposito bancario,54.85,104.2,Si
BY-3642,Femenino,0,Si,Si,71,Si,No,No,No internet service,No internet service,No internet service,No internet service,No internet service,No internet service,Two year,No,Transferencia Bancaria,19.9,1389.35,No
NH-9629,Femenino,0,Si,Si,1,Si,No,No,No internet service,No internet service,No internet service,No internet service,No internet service,No internet service,Month-to-month,Si,Deposito bancario,19.4,19.4,No
RZ-2696,Masculino,0,Si,No,68,Si,Si,No,No internet service,No internet service,No internet service,No internet service,No internet service,No internet service,Two year,No,Tarjeta de Credito,25.05,1629.2,No
FT-5766,Masculino,0,Si,No,72,Si,No,DSL,Si,Si,Si,Si,Si,Si,Two year,No,Deposito bancario,84.45,6033.1,No
HU-0396,Femenino,0,No,No,2,Si,No,No,No internet service,No internet service,No internet service,No internet service,No internet service,No internet service,Month-to-month,No,Deposito bancario,19.3,44.4,No
LM-5178,Masculino,1,Si,No,1,Si,Si,Fiber optic,No,No,No,No,Si,Si,Month-to-month,Si,Cheque,95.1,95.1,Si
ZK-8879,Femenino,0,No,No,41,Si,No,DSL,Si,No,Si,Si,Si,Si,One year,Si,Transferencia Bancaria,79.85,3320.75,No
FT-6285,Masculino,0,Si,Si,72,Si,Si,No,No internet service,No internet service,No internet service,No internet service,No internet service,No internet service,Two year,No,Tarjeta de Credito,25.55,1867.7,No
UP-8185,Masculino,0,Si,No,6,Si,Si,Fiber optic,No,No,No,No,No,No,Month-to-month,Si,Cheque,75.5,438,Si
HE-4585,Femenino,0,Si,Si,4,Si,No,Fiber optic,No,No,Si,No,No,No,Month-to-month,Si,Cheque,73.75,325.45,Si
BE-7526,Masculino,0,No,No,12,Si,Si,Fiber optic,No,No,No,No,Si,Si,Month-to-month,Si,Cheque,96.05,1148.1,Si
JU-1474,Femenino,0,Si,No,58,Si,Si,DSL,Si,No,No,Si,No,Si,One year,Si,Cheque,68.4,3972.25,No
CR-3530,Femenino,0,No,No,7,Si,No,No,No internet service,No internet service,No internet service,No internet service,No internet service,No internet service,Month-to-month,No,Deposito bancario,20.65,155.9,No
XX-8498,Femenino,0,Si,No,65,Si,No,DSL,Si,No,Si,No,No,No,Month-to-month,Si,Deposito bancario,55.15,3673.15,No
IN-9617,Masculino,0,No,No,1,Si,No,Fiber optic,No,No,No,No,No,No,Month-to-month,Si,Deposito bancario,70.6,70.6,No
TS-0621,Masculino,0,Si,No,56,Si,No,No,No internet service,No internet service,No internet service,No internet service,No internet service,No internet service,One year,No,Tarjeta de Credito,19.95,1126.75,No
KM-7234,Masculino,0,No,No,4,Si,No,No,No internet service,No internet service,No internet service,No internet service,No internet service,No internet service,Month-to-month,No,Deposito bancario,19,73.45,No
PE-7636,Femenino,0,Si,Si,58,Si,No,DSL,No,No,No,No,No,No,One year,Si,Deposito bancario,44.1,2413.05,No
WY-4683,Masculino,0,Si,No,62,Si,Si,Fiber optic,No,No,Si,Si,Si,Si,Two year,Si,Transferencia Bancaria,107.6,6912.7,No
DH-9052,Masculino,0,No,No,26,Si,Si,DSL,Si,Si,No,No,No,No,One year,No,Cheque,61.55,1581.95,No
HK-6794,Masculino,0,No,No,62,Si,Si,Fiber optic,Si,Si,Si,No,No,No,Month-to-month,No,Transferencia Bancaria,90.7,5586.45,No
NK-5578,Femenino,0,Si,Si,58,Si,No,Fiber optic,Si,Si,No,No,Si,Si,One year,No,Tarjeta de Credito,99.25,5846.65,No
HM-1642,Femenino,0,Si,No,68,Si,Si,DSL,Si,Si,Si,Si,Si,Si,Two year,Si,Cheque,91.7,6424.7,No
WP-3096,Femenino,0,Si,Si,61,Si,Si,Fiber optic,Si,Si,Si,No,No,Si,One year,Si,Tarjeta de Credito,100.7,6018.65,No
PN-8434,Femenino,0,No,No,42,Si,Si,DSL,No,No,Si,Si,Si,Si,Two year,Si,Tarjeta de Credito,78.45,3373.4,No
AA-5950,Masculino,0,No,No,18,Si,Si,Fiber optic,No,No,No,No,Si,No,Month-to-month,No,Transferencia Bancaria,84.3,1537.9,No
OP-4299,Femenino,0,No,No,56,Si,No,No,No internet service,No internet service,No internet service,No internet service,No internet service,No internet service,Two year,Si,Transferencia Bancaria,19.55,1080.55,No
UK-4951,Femenino,0,No,No,4,Si,Si,Fiber optic,No,Si,No,No,No,Si,Month-to-month,Si,Cheque,88.95,355.2,Si
LF-9618,Femenino,0,No,No,4,Si,No,No,No internet service,No internet service,No internet service,No internet service,No internet service,No internet service,Month-to-month,No,Tarjeta de Credito,20.45,82.85,No
DJ-6693,Femenino,0,No,Si,35,Si,No,DSL,Si,Si,No,No,No,No,One year,No,Tarjeta de Credito,55.6,2016.45,No
GK-0744,Femenino,0,Si,Si,64,Si,Si,Fiber optic,Si,No,No,Si,No,No,Month-to-month,Si,Transferencia Bancaria,86.8,5327.25,No
EG-6447,Femenino,0,No,No,31,Si,No,No,No internet service,No internet service,No internet service,No internet service,No internet service,No internet service,One year,No,Deposito bancario,20.95,683.25,No
OY-1167,Femenino,1,Si,No,67,Si,No,No,No internet service,No internet service,No internet service,No internet service,No internet service,No internet service,Two year,Si,Transferencia Bancaria,20.05,1263.05,No
YK-2108,Femenino,0,No,No,4,Si,No,DSL,No,Si,No,No,No,No,Month-to-month,No,Tarjeta de Credito,50.7,151.3,Si
DX-4806,Femenino,1,Si,No,70,Si,Si,Fiber optic,Si,Si,Si,Si,Si,Si,Two year,Si,Cheque,113.65,7714.65,No
QL-4918,Masculino,0,No,No,3,Si,No,DSL,No,No,No,No,Si,No,Month-to-month,No,Tarjeta de Credito,53.4,188.7,Si
IM-7056,Masculino,1,Si,No,53,Si,Si,Fiber optic,No,Si,No,No,Si,Si,Month-to-month,Si,Cheque,101.9,5549.4,Si
SS-4854,Masculino,0,Si,Si,2,Si,No,DSL,Si,Si,No,Si,No,No,Two year,No,Deposito bancario,59.5,130.5,No
DM-5294,Femenino,0,Si,Si,29,Si,No,Fiber optic,No,No,No,No,Si,Si,Month-to-month,Si,Tarjeta de Credito,87.8,2621.75,No
PZ-4837,Femenino,0,No,No,47,No,No Servicio Telef nico,DSL,Si,No,Si,Si,No,No,Two year,No,Deposito bancario,41.9,1875.25,No
JA-1625,Femenino,0,Si,Si,68,Si,Si,Fiber optic,No,No,No,No,Si,No,One year,Si,Cheque,83,5685.8,Si
OL-0603,Masculino,0,No,Si,12,Si,No,DSL,Si,No,No,No,Si,Si,Month-to-month,Si,Deposito bancario,69.85,837.5,No
VU-3272,Femenino,0,Si,Si,8,Si,No,DSL,No,Si,No,Si,No,No,Month-to-month,No,Transferencia Bancaria,56.3,401.5,No
FX-4176,Masculino,0,Si,No,54,Si,Si,Fiber optic,Si,Si,Si,No,Si,Si,Month-to-month,No,Cheque,109.55,6118.95,No
DH-1063,Masculino,0,Si,Si,69,Si,No,Fiber optic,No,Si,No,Si,Si,No,Two year,Si,Deposito bancario,92.15,6480.9,No
UP-8663,Femenino,0,No,No,26,Si,Si,DSL,Si,Si,No,No,Si,No,Month-to-month,Si,Transferencia Bancaria,69.5,1800.05,No
FG-6719,Femenino,0,Si,No,72,Si,Si,Fiber optic,Si,Si,Si,Si,No,No,Two year,Si,Transferencia Bancaria,97,7104.2,No
YQ-1837,Femenino,0,No,No,70,No,No Servicio Telef nico,DSL,Si,No,Si,Si,Si,Si,Two year,Si,Transferencia Bancaria,58.35,4214.25,No
DO-2947,Masculino,0,No,Si,1,Si,No,DSL,Si,No,No,No,No,No,Month-to-month,No,Deposito bancario,50.6,50.6,Si
LU-4112,Masculino,0,No,No,10,Si,No,Fiber optic,No,No,No,No,Si,Si,Month-to-month,Si,Cheque,89.5,863.1,Si
ZG-0369,Femenino,0,Si,Si,28,Si,No,Fiber optic,No,No,No,No,No,No,One year,Si,Transferencia Bancaria,70.4,1992.2,No
HI-4510,Masculino,0,No,No,1,Si,No,Fiber optic,No,No,No,No,No,No,Month-to-month,Si,Cheque,69.8,69.8,Si
KN-9919,Femenino,0,Si,No,21,Si,Si,Fiber optic,No,No,No,No,Si,Si,Month-to-month,Si,Cheque,94.3,1948.35,No
JM-8749,Masculino,1,Si,No,51,Si,Si,Fiber optic,Si,No,Si,No,Si,No,Month-to-month,Si,Transferencia Bancaria,93.8,4750.95,Si
BA-7872,Femenino,0,Si,Si,53,Si,No,No,No internet service,No internet service,No internet service,No internet service,No internet service,No internet service,One year,No,Transferencia Bancaria,19.55,1007.9,No
LM-9391,Masculino,0,No,Si,53,Si,No,Fiber optic,Si,Si,Si,No,No,Si,One year,No,Cheque,95.95,5036.9,No
US-2430,Masculino,0,Si,No,24,Si,Si,Fiber optic,No,No,Si,No,Si,Si,Month-to-month,Si,Cheque,101.05,2391.8,Si
TB-8174,Femenino,0,Si,No,70,Si,Si,DSL,Si,Si,Si,Si,Si,Si,Two year,Si,Tarjeta de Credito,94.8,6859.05,No
XF-1698,Masculino,0,No,No,61,Si,Si,Fiber optic,Si,Si,Si,No,Si,Si,One year,Si,Cheque,107.75,6521.9,No
HK-1877,Femenino,0,No,No,11,Si,No,DSL,Si,No,No,Si,No,No,One year,Si,Deposito bancario,54.6,617.85,No
DL-4450,Masculino,0,No,No,2,Si,No,Fiber optic,No,No,No,No,No,No,Month-to-month,Si,Tarjeta de Credito,71.3,157.75,No
AX-0428,Masculino,0,No,No,25,Si,No,No,No internet service,No internet service,No internet service,No internet service,No internet service,No internet service,One year,Si,Transferencia Bancaria,19.5,516.3,No
DI-2746,Femenino,0,No,No,41,Si,Si,DSL,No,Si,No,No,No,No,One year,Si,Tarjeta de Credito,56.3,2364,No
ER-5955,Masculino,0,Si,No,18,Si,Si,Fiber optic,No,No,No,No,Si,Si,Month-to-month,Si,Cheque,94.7,1687.95,Si
EZ-0917,Masculino,1,Si,No,72,Si,Si,Fiber optic,No,Si,Si,No,Si,Si,Two year,Si,Transferencia Bancaria,104.15,7689.95,Si
VL-3508,Femenino,0,Si,Si,71,Si,Si,DSL,Si,Si,Si,Si,Si,Si,Two year,Si,Tarjeta de Credito,90.55,6239.05,No
AT-4086,Femenino,0,Si,Si,34,Si,No,DSL,Si,Si,Si,No,No,No,One year,Si,Deposito bancario,60.8,2042.05,No
YR-0468,Masculino,0,No,No,29,Si,No,Fiber optic,No,No,Si,Si,Si,Si,Month-to-month,Si,Tarjeta de Credito,98.8,2807.1,No
NR-5996,Masculino,1,Si,No,40,Si,No,Fiber optic,Si,Si,Si,Si,Si,No,One year,Si,Tarjeta de Credito,98.15,4116.8,No
YB-3739,Masculino,0,Si,No,36,No,No Servicio Telef nico,DSL,Si,No,Si,No,No,No,One year,No,Deposito bancario,35.35,1317.95,No
FW-7047,Femenino,0,Si,No,46,Si,Si,Fiber optic,No,Si,No,Si,Si,Si,One year,Si,Cheque,103.15,4594.65,No
MP-2000,Femenino,0,No,No,58,Si,Si,Fiber optic,Si,Si,Si,No,Si,Si,One year,Si,Cheque,107.75,6332.75,No
YA-9762,Masculino,0,No,No,39,Si,Si,Fiber optic,No,Si,No,No,No,No,One year,No,Tarjeta de Credito,81.4,3213.75,No
EB-5949,Masculino,0,Si,Si,4,Si,No,DSL,No,No,No,Si,No,Si,Month-to-month,No,Tarjeta de Credito,61.45,229.55,Si
KH-5473,Femenino,0,Si,Si,52,Si,Si,Fiber optic,No,Si,Si,No,Si,No,One year,Si,Tarjeta de Credito,95.7,4976.15,No
DU-0100,Masculino,1,Si,No,70,Si,Si,Fiber optic,No,Si,Si,No,Si,Si,One year,Si,Cheque,104.8,7308.95,No
TU-5397,Masculino,1,Si,No,65,Si,No,Fiber optic,No,No,No,No,No,No,One year,Si,Transferencia Bancaria,70.95,4555.2,No
MT-8950,Masculino,0,No,No,1,Si,No,DSL,No,No,No,No,No,No,Month-to-month,Si,Deposito bancario,44.95,44.95,No
VD-0326,Femenino,0,Si,No,70,Si,Si,Fiber optic,No,No,Si,No,Si,Si,One year,Si,Cheque,97.65,6982.5,No
LQ-6773,Femenino,1,Si,Si,29,No,No Servicio Telef nico,DSL,No,Si,Si,No,No,No,Month-to-month,Si,Deposito bancario,35.65,1025.15,No
RT-7274,Masculino,0,No,No,1,Si,No,Fiber optic,No,No,No,No,Si,Si,Month-to-month,Si,Cheque,90.55,90.55,Si
TW-0436,Femenino,0,No,No,67,Si,Si,DSL,Si,No,Si,Si,Si,Si,Two year,Si,Deposito bancario,85.25,5714.2,No
YP-8566,Femenino,0,No,No,1,Si,No,No,No internet service,No internet service,No internet service,No internet service,No internet service,No internet service,Month-to-month,Si,Deposito bancario,19.5,19.5,No
UN-0311,Femenino,0,No,No,26,Si,No,Fiber optic,No,No,No,No,Si,Si,Month-to-month,Si,Transferencia Bancaria,88.8,2274.35,Si
MX-6609,Femenino,0,Si,Si,30,Si,Si,No,No internet service,No internet service,No internet service,No internet service,No internet service,No internet service,Two year,Si,Deposito bancario,25.1,789.55,No
OI-2669,Femenino,0,Si,No,48,Si,No,Fiber optic,No,No,Si,Si,Si,Si,Month-to-month,Si,Tarjeta de Credito,100.05,4834,No
WZ-8400,Femenino,0,Si,Si,55,Si,No,DSL,Si,Si,No,No,No,No,Month-to-month,No,Cheque,55.7,3131.8,No
XU-3834,Masculino,0,No,No,7,Si,Si,Fiber optic,No,No,No,No,No,Si,Month-to-month,Si,Deposito bancario,85.2,602.55,Si
SY-9576,Masculino,0,No,No,37,Si,Si,Fiber optic,Si,No,No,No,Si,No,Month-to-month,Si,Cheque,91.15,3369.25,No
IP-0410,Femenino,0,Si,No,31,Si,No,Fiber optic,No,Si,No,No,No,Si,Month-to-month,Si,Transferencia Bancaria,83.85,2674.15,No
EB-2831,Masculino,0,No,No,4,Si,No,DSL,No,No,No,No,No,No,Month-to-month,Si,Cheque,45.9,199.75,No
NK-9430,Masculino,0,Si,Si,72,Si,Si,No,No internet service,No internet service,No internet service,No internet service,No internet service,No internet service,Two year,Si,Tarjeta de Credito,25.1,1790.8,No
MY-8414,Masculino,1,No,No,5,Si,No,Fiber optic,No,No,No,No,Si,Si,Month-to-month,Si,Cheque,91.4,449.75,Si
SL-0247,Masculino,0,Si,Si,1,Si,No,No,No internet service,No internet service,No internet service,No internet service,No internet service,No internet service,Month-to-month,No,Deposito bancario,19.7,19.7,No
OR-9402,Femenino,1,No,No,15,Si,No,Fiber optic,No,No,No,No,Si,Si,Month-to-month,Si,Cheque,91.5,1400.3,No
OA-6483,Masculino,0,Si,Si,8,Si,No,DSL,Si,No,No,No,No,No,Month-to-month,Si,Tarjeta de Credito,51.3,411.6,No
HH-1293,Femenino,0,No,No,35,Si,No,No,No internet service,No internet service,No internet service,No internet service,No internet service,No internet service,One year,No,Deposito bancario,21.1,741,No
OR-4840,Femenino,1,No,No,56,Si,Si,Fiber optic,No,Si,Si,No,Si,Si,Month-to-month,No,Cheque,104.75,5841.35,No
FK-7599,Masculino,0,Si,No,42,Si,Si,Fiber optic,No,No,Si,Si,Si,Si,Month-to-month,Si,Transferencia Bancaria,106.15,4512.7,Si
DQ-3982,Masculino,1,Si,Si,65,Si,Si,Fiber optic,Si,Si,No,No,No,No,Month-to-month,Si,Cheque,85.75,5688.45,No
ZI-8610,Femenino,0,Si,Si,2,Si,No,No,No internet service,No internet service,No internet service,No internet service,No internet service,No internet service,One year,No,Deposito bancario,20.3,31.9,No
VN-3756,Masculino,1,Si,No,65,Si,Si,Fiber optic,Si,No,No,No,Si,Si,One year,Si,Cheque,100.75,6674.65,No
KI-7801,Femenino,0,No,No,18,Si,Si,Fiber optic,No,No,No,No,No,No,Month-to-month,Si,Cheque,74.15,1345.75,No
LP-7673,Femenino,0,No,No,23,Si,Si,DSL,Si,No,Si,No,Si,Si,One year,Si,Cheque,78.55,1843.05,No
TN-8229,Femenino,0,No,No,4,Si,No,DSL,No,No,No,No,No,No,Month-to-month,Si,Deposito bancario,45.3,196.95,Si
QB-6060,Masculino,0,Si,No,70,Si,No,No,No internet service,No internet service,No internet service,No internet service,No internet service,No internet service,Two year,No,Tarjeta de Credito,19.85,1433.8,No
PO-7339,Femenino,0,No,No,4,Si,Si,DSL,No,No,No,No,No,No,Month-to-month,No,Cheque,50.7,214.55,No
SL-2828,Masculino,0,No,No,19,Si,No,DSL,No,No,No,No,No,No,Month-to-month,Si,Transferencia Bancaria,45,865.85,No
VD-4465,Femenino,0,No,No,18,Si,No,Fiber optic,No,Si,Si,No,No,No,Month-to-month,No,Cheque,77.8,1358.6,No
XW-2921,Femenino,1,Si,No,38,Si,No,Fiber optic,Si,No,No,No,No,Si,Month-to-month,Si,Cheque,83.45,3147.15,No
AV-6221,Masculino,0,No,No,2,Si,Si,Fiber optic,No,No,No,No,No,No,Month-to-month,Si,Tarjeta de Credito,73.25,131.05,Si
BU-2558,Masculino,0,No,No,47,Si,Si,Fiber optic,Si,Si,No,No,Si,No,One year,No,Transferencia Bancaria,94.8,4535.85,No
AZ-9257,Femenino,0,Si,Si,52,Si,No,No,No internet service,No internet service,No internet service,No internet service,No internet service,No internet service,Two year,No,Transferencia Bancaria,20.1,1078.75,No
MK-0003,Masculino,0,No,No,9,Si,Si,DSL,No,No,No,No,No,Si,Month-to-month,No,Deposito bancario,59.9,542.4,No
UY-0975,Femenino,0,Si,No,26,Si,Si,DSL,Si,Si,Si,Si,Si,Si,One year,Si,Tarjeta de Credito,90.1,2312.55,No
EX-7743,Masculino,0,Si,Si,8,Si,No,DSL,No,No,Si,No,No,No,Month-to-month,Si,Cheque,51.05,415.05,Si
BL-4682,Masculino,0,Si,No,44,Si,No,DSL,No,Si,Si,Si,Si,No,One year,Si,Cheque,70.95,3250.45,No
VO-0975,Femenino,0,No,No,3,No,No Servicio Telef nico,DSL,No,Si,No,No,No,No,Month-to-month,No,Deposito bancario,29.2,98.5,No
VX-5968,Masculino,0,No,No,2,Si,No,DSL,No,No,No,No,No,No,Month-to-month,Si,Transferencia Bancaria,46.6,87.9,No
KG-5569,Femenino,0,Si,Si,9,Si,Si,Fiber optic,No,No,No,No,Si,No,Month-to-month,Si,Transferencia Bancaria,85.35,754.65,Si
IQ-4988,Masculino,1,No,No,1,Si,Si,Fiber optic,No,No,No,No,No,No,Month-to-month,Si,Cheque,75.35,75.35,Si
FR-5201,Masculino,0,No,No,25,Si,No,Fiber optic,Si,No,No,No,No,No,Month-to-month,No,Transferencia Bancaria,74.3,1952.25,No
CA-9799,Femenino,1,Si,No,2,Si,No,Fiber optic,No,No,No,No,No,No,Month-to-month,Si,Cheque,69.3,153.8,No
IU-7730,Masculino,0,No,No,43,Si,No,Fiber optic,Si,No,No,No,No,No,Month-to-month,Si,Cheque,75.2,3198.6,Si
TI-0426,Femenino,0,No,No,1,Si,No,No,No internet service,No internet service,No internet service,No internet service,No internet service,No internet service,Month-to-month,No,Deposito bancario,20.9,20.9,Si
SC-5443,Femenino,0,Si,No,58,Si,Si,Fiber optic,No,Si,Si,No,No,Si,One year,Si,Cheque,94.3,5610.15,No
KM-8295,Femenino,0,Si,Si,59,Si,Si,DSL,Si,No,Si,Si,Si,No,Two year,Si,Deposito bancario,76.45,4519.5,No
IS-6738,Masculino,0,No,No,44,No,No Servicio Telef nico,DSL,Si,No,Si,No,Si,Si,One year,Si,Cheque,54,2440.25,No
BE-9821,Masculino,0,No,No,66,Si,Si,Fiber optic,No,Si,No,Si,Si,Si,One year,Si,Cheque,104.25,6860.6,No
MN-3678,Masculino,0,Si,Si,68,Si,No,No,No internet service,No internet service,No internet service,No internet service,No internet service,No internet service,Two year,No,Transferencia Bancaria,19.95,1377.7,No
NT-1335,Masculino,0,No,No,9,No,No Servicio Telef nico,DSL,No,No,No,No,No,No,Month-to-month,Si,Cheque,24.95,190.25,No
BQ-2916,Masculino,0,No,No,19,Si,Si,Fiber optic,Si,No,Si,No,No,No,Month-to-month,Si,Cheque,84.75,1651.95,No
CG-4558,Masculino,0,No,No,4,Si,No,No,No internet service,No internet service,No internet service,No internet service,No internet service,No internet service,Month-to-month,No,Deposito bancario,19.75,78.3,No
GA-2368,Femenino,0,No,No,70,Si,Si,Fiber optic,Si,Si,Si,Si,Si,Si,Two year,Si,Transferencia Bancaria,113.65,7939.25,No
YG-8710,Masculino,0,No,No,1,Si,No,DSL,No,No,No,No,No,No,Month-to-month,Si,Deposito bancario,44.9,44.9,No
XG-3199,Femenino,0,No,No,8,Si,Si,Fiber optic,No,No,No,No,No,No,Month-to-month,Si,Cheque,75.25,576.7,No
KT-3785,Masculino,0,No,No,53,Si,Si,No,No internet service,No internet service,No internet service,No internet service,No internet service,No internet service,Two year,No,Deposito bancario,24.6,1279,No
ZP-6814,Masculino,1,No,No,51,Si,Si,No,No internet service,No internet service,No internet service,No internet service,No internet service,No internet service,One year,No,Transferencia Bancaria,25,1260.7,No
EI-4063,Masculino,0,Si,Si,11,Si,No,No,No internet service,No internet service,No internet service,No internet service,No internet service,No internet service,Month-to-month,No,Transferencia Bancaria,20.95,267.35,No
YC-6993,Masculino,0,Si,Si,60,Si,Si,Fiber optic,Si,No,Si,Si,Si,Si,Two year,Si,Cheque,110.6,6586.85,No
HP-5206,Masculino,0,No,No,17,Si,No,DSL,Si,Si,No,No,No,No,Month-to-month,Si,Tarjeta de Credito,55.5,934.15,No
RZ-7587,Masculino,0,No,No,3,Si,No,DSL,No,No,No,No,No,No,Month-to-month,Si,Cheque,43.3,123.65,Si
RD-0748,Masculino,0,Si,No,70,Si,No,Fiber optic,Si,Si,Si,Si,Si,Si,One year,Si,Transferencia Bancaria,109.5,7534.65,Si
JM-8393,Masculino,0,No,No,1,Si,No,No,No internet service,No internet service,No internet service,No internet service,No internet service,No internet service,Month-to-month,No,Deposito bancario,19.45,19.45,No
GQ-5019,Masculino,1,No,No,43,Si,Si,Fiber optic,No,No,No,No,Si,No,Month-to-month,Si,Cheque,84.85,3645.6,No
TT-6036,Femenino,0,Si,No,16,Si,No,No,No internet service,No internet service,No internet service,No internet service,No internet service,No internet service,Month-to-month,No,Deposito bancario,19.6,314.45,No
AE-2550,Femenino,0,Si,Si,57,Si,No,DSL,Si,Si,No,No,No,No,One year,No,Cheque,53.45,3053,No
RG-0969,Masculino,0,Si,Si,37,Si,No,No,No internet service,No internet service,No internet service,No internet service,No internet service,No internet service,One year,No,Tarjeta de Credito,19.8,677.05,No
CJ-0378,Femenino,0,Si,No,72,Si,Si,Fiber optic,Si,Si,Si,Si,Si,Si,Two year,No,Tarjeta de Credito,112.1,7965.95,No
AX-4706,Femenino,1,No,No,11,Si,Si,Fiber optic,No,No,No,No,No,Si,Month-to-month,Si,Tarjeta de Credito,84.8,906.85,Si
JT-5889,Femenino,1,Si,No,50,Si,Si,Fiber optic,No,Si,Si,No,Si,No,Month-to-month,Si,Cheque,95.05,4888.7,Si
RN-9026,Masculino,1,No,No,5,Si,No,DSL,No,No,Si,No,No,No,Month-to-month,No,Cheque,50.35,237.25,Si
EU-3746,Masculino,0,Si,No,1,Si,Si,Fiber optic,No,No,No,No,No,No,Month-to-month,Si,Transferencia Bancaria,74.6,74.6,Si
EF-2332,Masculino,0,No,No,16,Si,No,No,No internet service,No internet service,No internet service,No internet service,No internet service,No internet service,Month-to-month,Si,Deposito bancario,19.7,342.4,Si
FP-2880,Masculino,1,Si,No,2,Si,No,Fiber optic,No,No,Si,No,No,No,Month-to-month,Si,Cheque,74.2,140.1,No
MG-1703,Femenino,0,No,No,17,Si,Si,DSL,No,No,Si,Si,Si,No,Month-to-month,Si,Deposito bancario,69,1108,No
QT-4311,Femenino,0,No,No,16,Si,No,No,No internet service,No internet service,No internet service,No internet service,No internet service,No internet service,One year,No,Tarjeta de Credito,19.35,295.55,No
PH-9474,Femenino,0,No,No,15,Si,No,DSL,No,No,Si,No,No,Si,Month-to-month,Si,Cheque,59.45,892.65,Si
RA-4318,Femenino,0,No,No,10,Si,No,No,No internet service,No internet service,No internet service,No internet service,No internet service,No internet service,One year,Si,Deposito bancario,19.8,198.25,No
VO-2165,Femenino,0,No,Si,46,Si,No,Fiber optic,Si,Si,No,Si,Si,Si,One year,Si,Transferencia Bancaria,105.2,4822.85,Si
YU-3612,Masculino,0,Si,Si,64,Si,Si,Fiber optic,No,Si,Si,Si,Si,Si,Two year,Si,Tarjeta de Credito,109.2,6741.15,No
DL-2254,Femenino,0,No,No,1,Si,Si,Fiber optic,No,Si,No,No,No,No,Month-to-month,Si,Deposito bancario,79.15,79.15,No
CJ-5062,Masculino,0,Si,Si,25,Si,No,DSL,No,Si,Si,No,No,No,One year,No,Deposito bancario,53.65,1355.45,No
LI-9028,Masculino,0,Si,Si,71,Si,No,Fiber optic,Si,Si,Si,Si,Si,No,Two year,No,Tarjeta de Credito,100.2,7209,No
MV-2219,Masculino,0,No,No,8,Si,No,DSL,No,No,No,No,No,No,Month-to-month,Si,Deposito bancario,45.15,438.4,Si
MX-1053,Femenino,0,Si,Si,72,Si,No,Fiber optic,Si,Si,Si,Si,Si,Si,Two year,Si,Transferencia Bancaria,108.65,7726.35,No
ZT-1530,Femenino,0,Si,No,49,No,No Servicio Telef nico,DSL,Si,No,No,No,Si,No,Month-to-month,No,Transferencia Bancaria,40.65,2070.75,No
LO-1301,Masculino,0,Si,Si,29,No,No Servicio Telef nico,DSL,Si,Si,Si,Si,No,Si,One year,Si,Tarjeta de Credito,55.35,1636.95,No
TW-0853,Masculino,0,Si,No,72,Si,Si,Fiber optic,Si,Si,Si,Si,No,Si,Two year,No,Transferencia Bancaria,105.6,7581.5,No
RB-8914,Masculino,0,Si,No,31,Si,Si,Fiber optic,No,Si,Si,No,Si,No,Month-to-month,No,Cheque,93.8,3019.5,Si
AT-6212,Femenino,0,No,No,50,Si,Si,Fiber optic,No,No,No,No,Si,Si,Month-to-month,Si,Cheque,95.7,4729.75,No
LG-8200,Masculino,0,Si,No,71,Si,Si,DSL,Si,No,Si,Si,Si,Si,Two year,No,Cheque,83.2,6126.1,No
BE-1568,Masculino,1,Si,No,70,Si,Si,DSL,Si,Si,Si,Si,Si,Si,Two year,No,Tarjeta de Credito,90.05,6333.4,No
AN-0670,Masculino,0,No,No,71,Si,Si,Fiber optic,Si,No,No,Si,No,Si,One year,No,Tarjeta de Credito,97.65,6687.85,No
RW-6897,Masculino,0,Si,Si,61,Si,No,DSL,Si,Si,Si,Si,No,No,Two year,Si,Transferencia Bancaria,68.05,4158.25,No
ZB-0963,Masculino,0,No,No,32,Si,No,Fiber optic,No,No,No,Si,Si,Si,Month-to-month,Si,Cheque,96.2,3183.4,Si
RQ-7594,Femenino,0,No,Si,1,Si,No,Fiber optic,No,No,No,No,No,Si,Month-to-month,Si,Cheque,79.6,79.6,Si
CH-6999,Masculino,0,No,No,68,Si,Si,Fiber optic,Si,Si,Si,No,No,Si,Two year,Si,Transferencia Bancaria,102.1,7149.35,No
KW-6134,Masculino,0,No,No,62,Si,Si,No,No internet service,No internet service,No internet service,No internet service,No internet service,No internet service,Two year,No,Transferencia Bancaria,23.4,1429.65,No
HU-1077,Femenino,0,No,Si,7,Si,No,Fiber optic,No,No,No,No,No,No,Month-to-month,Si,Cheque,71.05,472.65,No
EW-6331,Masculino,0,No,No,20,Si,Si,Fiber optic,No,No,No,No,Si,No,Month-to-month,Si,Cheque,85.25,1734.5,Si
LN-0895,Masculino,0,Si,Si,6,Si,No,No,No internet service,No internet service,No internet service,No internet service,No internet service,No internet service,One year,No,Deposito bancario,19.45,113.5,No
BM-2045,Femenino,1,No,No,33,No,No Servicio Telef nico,DSL,Si,Si,Si,No,Si,Si,Month-to-month,Si,Transferencia Bancaria,59.45,1884.65,No
GS-8417,Masculino,0,Si,Si,28,Si,Si,Fiber optic,No,No,No,No,Si,Si,One year,No,Transferencia Bancaria,92.2,2568.15,No
EP-5171,Masculino,0,No,No,27,Si,No,No,No internet service,No internet service,No internet service,No internet service,No internet service,No internet service,Two year,No,Tarjeta de Credito,19.85,470,No
QI-4452,Masculino,0,No,No,7,Si,No,DSL,No,No,No,No,No,No,Month-to-month,No,Deposito bancario,43.9,278.4,No
VV-5998,Masculino,0,No,No,26,Si,Si,Fiber optic,No,No,No,Si,No,No,Month-to-month,Si,Cheque,80.5,2088.8,Si
NA-1624,Masculino,1,No,No,5,Si,Si,Fiber optic,No,Si,No,No,No,Si,Month-to-month,Si,Cheque,89.8,502.6,Si
EG-6741,Masculino,1,No,No,30,Si,Si,Fiber optic,Si,No,No,No,No,Si,Month-to-month,Si,Tarjeta de Credito,90.5,2595.85,No
ZY-7820,Masculino,0,No,No,63,Si,Si,Fiber optic,No,Si,No,No,No,Si,One year,No,Tarjeta de Credito,90.45,5825.5,No
VT-4317,Masculino,0,No,No,1,Si,No,DSL,No,Si,No,No,No,No,Month-to-month,Si,Cheque,50.75,50.75,Si
AV-9677,Femenino,0,No,Si,53,Si,Si,DSL,No,Si,Si,Si,Si,Si,One year,Si,Cheque,84.6,4449.75,No
SV-1670,Femenino,0,Si,Si,14,Si,No,Fiber optic,No,Si,No,Si,No,Si,Month-to-month,Si,Tarjeta de Credito,89.65,1208.35,Si
JR-2227,Femenino,0,No,No,21,Si,No,Fiber optic,No,Si,No,Si,Si,Si,Month-to-month,Si,Transferencia Bancaria,99.15,1956.4,No
HN-9847,Masculino,0,No,No,17,Si,No,No,No internet service,No internet service,No internet service,No internet service,No internet service,No internet service,One year,No,Deposito bancario,19.95,310.6,No
YD-6696,Masculino,0,Si,Si,16,Si,No,No,No internet service,No internet service,No internet service,No internet service,No internet service,No internet service,Two year,No,Deposito bancario,20.5,290.55,No
WQ-8980,Femenino,0,No,No,35,Si,No,DSL,No,No,Si,No,No,Si,Month-to-month,Si,Cheque,62.1,2096.1,No
ZM-1730,Femenino,1,No,No,32,Si,No,Fiber optic,No,No,No,No,No,Si,Month-to-month,Si,Cheque,79.5,2665,No
EY-6506,Femenino,0,Si,Si,28,Si,No,No,No internet service,No internet service,No internet service,No internet service,No internet service,No internet service,Month-to-month,Si,Transferencia Bancaria,19.55,543.8,No
JL-4634,Femenino,0,No,No,1,Si,No,No,No internet service,No internet service,No internet service,No internet service,No internet service,No internet service,Month-to-month,Si,Deposito bancario,20.35,20.35,No
UK-9501,Masculino,0,No,No,59,No,No Servicio Telef nico,DSL,No,No,No,Si,Si,Si,Month-to-month,Si,Cheque,51.7,3005.8,No
QT-2560,Femenino,0,Si,Si,72,Si,Si,No,No internet service,No internet service,No internet service,No internet service,No internet service,No internet service,One year,Si,Transferencia Bancaria,23.3,1623.15,No
YL-7541,Masculino,0,No,No,36,Si,No,DSL,No,Si,No,Si,No,Si,One year,Si,Deposito bancario,65.4,2498.4,Si
WR-4795,Femenino,0,No,No,40,Si,No,DSL,Si,Si,No,No,Si,No,Month-to-month,No,Deposito bancario,65.1,2586,No
TC-6080,Masculino,0,Si,Si,40,Si,Si,Fiber optic,No,No,Si,No,No,No,Month-to-month,Si,Cheque,81.2,3292.3,No
ZD-0260,Femenino,0,No,Si,9,Si,No,DSL,No,No,Si,Si,Si,Si,Month-to-month,Si,Deposito bancario,72.9,651.4,Si
UX-7860,Masculino,0,Si,Si,63,Si,No,DSL,Si,Si,Si,Si,Si,No,Two year,No,Tarjeta de Credito,74.5,4674.55,No
JJ-6357,Femenino,0,No,No,3,Si,No,Fiber optic,No,No,No,No,Si,No,Month-to-month,Si,Cheque,80.5,232.35,No
XQ-2292,Masculino,0,Si,Si,40,No,No Servicio Telef nico,DSL,No,Si,Si,Si,Si,Si,One year,No,Deposito bancario,60.3,2448.5,No
TG-9552,Masculino,0,Si,No,8,Si,No,Fiber optic,Si,No,No,No,No,No,Month-to-month,Si,Deposito bancario,75,658.1,No
IN-5913,Masculino,1,Si,No,34,Si,No,Fiber optic,Si,No,No,Si,Si,No,One year,No,Deposito bancario,90.15,3128.8,No
NG-8722,Masculino,0,No,No,5,No,No Servicio Telef nico,DSL,Si,No,Si,Si,No,No,Month-to-month,No,Deposito bancario,40,223.45,Si
KB-6210,Masculino,1,No,No,9,Si,Si,Fiber optic,No,Si,No,No,Si,Si,Month-to-month,Si,Tarjeta de Credito,99.45,919.4,Si
YB-9643,Masculino,0,Si,No,9,Si,Si,DSL,No,Si,Si,No,No,Si,Month-to-month,Si,Tarjeta de Credito,69.05,653.95,No
FN-8734,Masculino,0,Si,Si,31,Si,Si,DSL,No,No,No,No,No,Si,Month-to-month,No,Transferencia Bancaria,59.7,1825.5,No
YP-9447,Femenino,0,Si,No,50,Si,No,No,No internet service,No internet service,No internet service,No internet service,No internet service,No internet service,One year,Si,Transferencia Bancaria,19.85,943.1,No
BM-0133,Femenino,0,No,No,2,Si,No,Fiber optic,Si,Si,No,Si,No,No,Month-to-month,Si,Cheque,86.25,181.65,Si
CZ-6128,Femenino,0,No,No,1,Si,No,DSL,No,No,No,No,No,No,Month-to-month,Si,Cheque,45.65,45.65,Si
JY-9540,Masculino,0,No,No,8,Si,No,Fiber optic,No,No,No,No,No,No,Month-to-month,Si,Deposito bancario,70.1,551.35,Si
LH-9026,Femenino,0,No,No,9,No,No Servicio Telef nico,DSL,No,Si,No,No,No,Si,Month-to-month,No,Cheque,40.75,359.4,No
US-2260,Femenino,1,No,No,2,Si,No,Fiber optic,No,No,No,No,No,No,Month-to-month,Si,Transferencia Bancaria,70.2,115.95,Si
TK-3656,Femenino,0,No,No,3,Si,No,DSL,Si,Si,No,No,No,No,Month-to-month,No,Cheque,55.35,165.2,Si
CV-7011,Masculino,0,Si,No,25,Si,No,Fiber optic,No,No,No,Si,Si,Si,Month-to-month,Si,Tarjeta de Credito,95.7,2338.35,No
TA-6185,Masculino,1,No,No,1,Si,No,DSL,No,No,No,No,No,No,Month-to-month,No,Cheque,46.3,46.3,No
PN-7925,Femenino,0,Si,Si,45,Si,Si,DSL,Si,Si,Si,Si,Si,No,Month-to-month,No,Deposito bancario,81.3,3541.1,No
TM-8623,Masculino,1,Si,Si,51,Si,Si,Fiber optic,No,Si,Si,No,No,No,Month-to-month,Si,Cheque,84.2,4146.05,Si
CZ-1552,Femenino,0,Si,Si,55,Si,No,No,No internet service,No internet service,No internet service,No internet service,No internet service,No internet service,Month-to-month,No,Tarjeta de Credito,20,1087.25,No
PQ-3038,Femenino,0,No,No,38,Si,Si,DSL,Si,Si,Si,No,No,No,Month-to-month,Si,Transferencia Bancaria,66.15,2522.4,No
SG-1501,Masculino,0,No,No,2,Si,No,DSL,No,No,No,No,No,No,Month-to-month,No,Deposito bancario,45.85,81,Si
CD-9313,Masculino,0,Si,Si,38,Si,No,No,No internet service,No internet service,No internet service,No internet service,No internet service,No internet service,Month-to-month,No,Cheque,19.6,717.3,No
BP-8148,Masculino,0,No,No,34,Si,No,DSL,No,Si,No,No,No,No,Month-to-month,Si,Cheque,49.8,1734.2,No
DR-2623,Femenino,0,Si,No,70,Si,Si,Fiber optic,No,No,Si,No,Si,Si,One year,Si,Cheque,101.75,7069.3,No
LU-9987,Femenino,0,No,No,13,Si,No,DSL,Si,No,No,Si,No,No,One year,No,Deposito bancario,55.15,742.9,No
YP-3208,Masculino,0,No,No,39,Si,Si,Fiber optic,No,No,No,No,No,No,Month-to-month,No,Cheque,75.25,3017.65,Si
KQ-4488,Femenino,0,No,No,61,Si,Si,Fiber optic,No,Si,Si,No,Si,Si,One year,Si,Cheque,103.95,6423,No
RA-2612,Femenino,0,No,No,12,Si,Si,Fiber optic,No,No,Si,No,Si,Si,Month-to-month,Si,Transferencia Bancaria,100.15,1164.3,Si
PI-5693,Masculino,0,No,No,41,Si,No,Fiber optic,No,Si,No,Si,Si,Si,Two year,Si,Tarjeta de Credito,99.65,4220.35,No
KA-0491,Masculino,0,No,No,21,Si,Si,Fiber optic,No,No,No,No,No,No,Month-to-month,Si,Cheque,73.7,1558.7,No
LF-1925,Masculino,1,No,No,55,No,No Servicio Telef nico,DSL,No,No,Si,No,Si,Si,One year,Si,Transferencia Bancaria,50.05,2743.45,No
EQ-8039,Masculino,0,Si,No,69,No,No Servicio Telef nico,DSL,Si,No,Si,Si,Si,Si,Two year,No,Transferencia Bancaria,60.25,4055.5,No
PX-6900,Masculino,1,Si,Si,26,Si,Si,Fiber optic,No,Si,Si,No,Si,Si,Month-to-month,No,Cheque,105.75,2710.25,Si
RM-8707,Femenino,1,Si,No,69,Si,No,Fiber optic,Si,Si,No,No,No,Si,One year,No,Tarjeta de Credito,87.3,6055.55,No
BR-3346,Femenino,1,Si,No,18,No,No Servicio Telef nico,DSL,No,No,Si,No,Si,Si,Month-to-month,Si,Cheque,48.35,810.7,Si
ZP-3209,Masculino,0,Si,Si,47,Si,Si,DSL,No,Si,No,No,No,No,Month-to-month,No,Cheque,54.25,2538.2,No
VD-6479,Femenino,0,Si,Si,72,Si,No,DSL,Si,Si,Si,Si,Si,Si,Two year,No,Transferencia Bancaria,85.3,6129.2,No
WS-9373,Masculino,1,Si,No,33,No,No Servicio Telef nico,DSL,No,Si,Si,Si,Si,No,Month-to-month,Si,Cheque,50,1750.85,No
FI-2933,Femenino,0,Si,Si,2,No,No Servicio Telef nico,DSL,No,No,No,No,No,No,Month-to-month,Si,Deposito bancario,24.4,36.55,Si
JF-3569,Femenino,0,Si,Si,72,Si,Si,DSL,Si,Si,Si,Si,Si,Si,Two year,No,Tarjeta de Credito,90.95,6652.45,No
FB-9819,Masculino,1,Si,No,37,Si,No,Fiber optic,No,No,No,No,No,No,Month-to-month,Si,Transferencia Bancaria,72.25,2575.45,No
PY-9544,Femenino,1,Si,Si,62,Si,Si,Fiber optic,No,Si,Si,No,No,Si,Month-to-month,Si,Tarjeta de Credito,96.1,6019.35,No
XW-1591,Femenino,0,Si,No,71,Si,No,No,No internet service,No internet service,No internet service,No internet service,No internet service,No internet service,Two year,No,Tarjeta de Credito,19.85,1379.6,No
UK-0396,Masculino,0,No,Si,23,Si,No,DSL,No,Si,No,Si,No,No,Month-to-month,Si,Transferencia Bancaria,55.3,1284.2,No
ZH-3243,Femenino,0,No,No,16,Si,No,No,No internet service,No internet service,No internet service,No internet service,No internet service,No internet service,One year,No,Deposito bancario,20.1,296.15,No
EJ-5186,Masculino,0,No,No,9,Si,No,DSL,Si,No,Si,Si,Si,No,Month-to-month,Si,Deposito bancario,69.5,653.25,No
QN-7527,Masculino,0,Si,Si,17,Si,Si,No,No internet service,No internet service,No internet service,No internet service,No internet service,No internet service,Two year,Si,Deposito bancario,25.15,412.6,No
BO-9986,Femenino,0,No,No,4,Si,No,No,No internet service,No internet service,No internet service,No internet service,No internet service,No internet service,Month-to-month,No,Transferencia Bancaria,20.95,85.5,Si
JM-2722,Femenino,1,Si,No,1,Si,No,DSL,Si,No,No,No,No,No,Month-to-month,Si,Cheque,49.55,49.55,Si
GH-2203,Femenino,0,Si,No,24,Si,Si,Fiber optic,No,No,Si,No,No,No,Month-to-month,Si,Deposito bancario,79.65,1928.7,No
AV-3878,Femenino,1,No,No,1,Si,No,Fiber optic,No,No,No,No,No,No,Month-to-month,Si,Cheque,71.25,71.25,No
SY-3258,Masculino,1,No,No,72,Si,Si,Fiber optic,Si,Si,Si,Si,Si,Si,Two year,No,Transferencia Bancaria,113.8,7845.8,No
PS-5296,Femenino,0,Si,No,72,Si,Si,No,No internet service,No internet service,No internet service,No internet service,No internet service,No internet service,Two year,No,Cheque,24.55,1750.7,No
QS-6319,Femenino,0,No,Si,11,Si,No,No,No internet service,No internet service,No internet service,No internet service,No internet service,No internet service,Month-to-month,No,Tarjeta de Credito,19.7,216.2,No
EU-4083,Masculino,0,No,No,9,Si,No,No,No internet service,No internet service,No internet service,No internet service,No internet service,No internet service,Month-to-month,No,Deposito bancario,20.25,178.5,Si
OO-7579,Femenino,1,Si,No,2,Si,No,DSL,No,Si,No,No,No,No,Month-to-month,No,Tarjeta de Credito,50.15,115.1,Si
FL-0512,Femenino,1,Si,No,60,Si,Si,Fiber optic,No,No,Si,No,Si,Si,One year,Si,Tarjeta de Credito,100.5,6029,No
OA-1771,Masculino,1,Si,No,29,Si,Si,Fiber optic,No,Si,Si,No,No,Si,Month-to-month,Si,Cheque,95.9,2745.2,Si
CR-0487,Femenino,0,No,No,49,Si,No,DSL,No,No,Si,Si,Si,Si,Two year,Si,Transferencia Bancaria,74.45,3721.9,No
FB-2107,Femenino,1,No,No,30,Si,Si,Fiber optic,No,Si,Si,No,Si,Si,Month-to-month,Si,Cheque,104.1,3121.1,No
WL-9451,Femenino,0,Si,No,53,Si,No,No,No internet service,No internet service,No internet service,No internet service,No internet service,No internet service,One year,No,Tarjeta de Credito,19.05,990.45,No
VY-8219,Masculino,0,No,Si,39,Si,Si,No,No internet service,No internet service,No internet service,No internet service,No internet service,No internet service,Two year,No,Deposito bancario,25,1004.35,No
VO-1991,Femenino,0,No,No,9,Si,No,No,No internet service,No internet service,No internet service,No internet service,No internet service,No internet service,Month-to-month,No,Deposito bancario,19.05,157.65,No
QL-9738,Masculino,0,No,No,39,Si,No,Fiber optic,No,No,Si,Si,No,No,One year,No,Cheque,81.9,3219.75,No
DJ-1016,Masculino,1,No,No,8,Si,No,Fiber optic,No,No,No,No,No,No,Month-to-month,Si,Cheque,69.7,572.85,No
IP-9419,Femenino,0,Si,Si,51,Si,Si,Fiber optic,No,No,Si,No,No,Si,One year,Si,Cheque,90.15,4554.85,No
QR-0174,Masculino,0,Si,Si,71,Si,Si,No,No internet service,No internet service,No internet service,No internet service,No internet service,No internet service,Two year,No,Tarjeta de Credito,25.35,1847.55,No
BN-5699,Masculino,1,No,No,71,Si,Si,No,No internet service,No internet service,No internet service,No internet service,No internet service,No internet service,Two year,Si,Deposito bancario,24.65,1766.75,No
PH-2900,Femenino,1,Si,No,70,Si,No,No,No internet service,No internet service,No internet service,No internet service,No internet service,No internet service,Two year,Si,Tarjeta de Credito,19.55,1462.05,No
RT-0612,Femenino,1,No,No,1,No,No Servicio Telef nico,DSL,No,No,No,No,No,No,Month-to-month,No,Cheque,25.25,25.25,Si
GW-8106,Masculino,0,Si,No,38,No,No Servicio Telef nico,DSL,Si,Si,No,Si,Si,Si,Two year,Si,Transferencia Bancaria,60,2193.2,No
ED-8751,Femenino,0,Si,No,28,Si,No,Fiber optic,No,Si,Si,No,No,Si,Month-to-month,No,Tarjeta de Credito,89.9,2433.5,No
GG-6878,Femenino,0,Si,No,32,Si,No,No,No internet service,No internet service,No internet service,No internet service,No internet service,No internet service,Month-to-month,No,Transferencia Bancaria,19.4,641.15,No
PI-4039,Masculino,1,Si,No,49,Si,No,DSL,No,Si,No,No,No,No,Two year,No,Deposito bancario,49.8,2398.4,No
LU-8450,Femenino,0,Si,Si,37,Si,Si,No,No internet service,No internet service,No internet service,No internet service,No internet service,No internet service,Two year,Si,Transferencia Bancaria,24.1,861.85,No
WL-3604,Femenino,0,No,No,10,Si,No,DSL,No,No,Si,Si,No,No,Month-to-month,No,Cheque,54.25,583,No
GM-0795,Masculino,0,Si,No,67,Si,Si,Fiber optic,Si,Si,Si,No,Si,Si,One year,No,Tarjeta de Credito,109.9,7332.4,No
OU-2259,Masculino,0,No,No,7,No,No Servicio Telef nico,DSL,No,No,Si,Si,No,No,One year,Si,Tarjeta de Credito,35.5,249.55,No
IH-1142,Femenino,0,No,No,51,Si,No,Fiber optic,No,No,No,No,Si,Si,One year,No,Tarjeta de Credito,87.55,4475.9,No
LE-6410,Femenino,0,No,No,9,Si,No,DSL,No,No,No,No,No,No,Month-to-month,No,Cheque,45.15,416.45,Si
MK-4633,Femenino,0,No,No,9,Si,No,Fiber optic,No,No,No,No,Si,Si,Month-to-month,Si,Deposito bancario,88.4,788.6,No
RJ-6257,Masculino,0,No,No,4,Si,No,DSL,No,No,No,Si,No,No,Month-to-month,Si,Deposito bancario,50.8,202.3,No
JF-1545,Masculino,0,Si,No,71,Si,Si,Fiber optic,Si,Si,Si,No,Si,No,Two year,Si,Cheque,99,6994.6,No
OR-3194,Femenino,0,Si,Si,50,Si,Si,Fiber optic,No,No,No,No,Si,No,Month-to-month,Si,Transferencia Bancaria,84.4,4116.15,Si
VV-7826,Femenino,1,Si,Si,24,Si,No,Fiber optic,No,No,Si,No,Si,Si,Two year,Si,Cheque,96.55,2263.45,No
GH-1353,Masculino,0,Si,No,22,Si,No,DSL,Si,No,No,No,Si,No,One year,Si,Transferencia Bancaria,59.75,1374.35,No
EK-2587,Masculino,0,No,No,44,Si,Si,Fiber optic,Si,Si,Si,No,Si,Si,Month-to-month,Si,Cheque,111.5,4915.15,No
BX-5442,Femenino,0,Si,Si,33,Si,Si,No,No internet service,No internet service,No internet service,No internet service,No internet service,No internet service,Month-to-month,No,Transferencia Bancaria,24.25,838.5,No
VX-8816,Femenino,0,No,No,1,Si,Si,Fiber optic,No,No,No,No,No,No,Month-to-month,Si,Cheque,75.1,75.1,Si
FX-9378,Femenino,0,Si,No,54,Si,Si,DSL,No,No,No,No,Si,Si,One year,Si,Tarjeta de Credito,70.15,3715.65,Si
HK-1723,Masculino,0,No,No,42,Si,Si,Fiber optic,No,Si,No,No,Si,Si,Month-to-month,Si,Cheque,101.75,4273.45,Si
GK-7825,Femenino,0,No,No,1,Si,No,DSL,No,No,No,No,No,No,Month-to-month,No,Cheque,45.8,45.8,Si
OY-9753,Femenino,0,No,No,1,Si,No,No,No internet service,No internet service,No internet service,No internet service,No internet service,No internet service,Month-to-month,No,Deposito bancario,20.5,20.5,No
UF-2364,Masculino,0,No,No,30,Si,No,DSL,Si,Si,No,Si,Si,No,One year,No,Cheque,70.4,2044.75,No
JW-6656,Femenino,0,No,No,1,No,No Servicio Telef nico,DSL,No,No,No,Si,No,No,Month-to-month,No,Deposito bancario,30.55,30.55,No
UL-6473,Masculino,0,Si,Si,16,Si,Si,DSL,Si,Si,No,Si,Si,Si,Month-to-month,No,Cheque,84.9,1398.25,No
KN-1240,Masculino,0,No,No,1,Si,No,No,No internet service,No internet service,No internet service,No internet service,No internet service,No internet service,Month-to-month,Si,Deposito bancario,20.1,20.1,Si
SE-0836,Masculino,0,Si,No,9,No,No Servicio Telef nico,DSL,No,No,No,Si,Si,No,Month-to-month,No,Deposito bancario,40.65,328.95,Si
JC-4433,Masculino,1,Si,No,46,Si,Si,Fiber optic,No,No,Si,No,Si,Si,Month-to-month,Si,Cheque,101,4680.05,Si
BD-3716,Masculino,0,No,No,1,Si,No,Fiber optic,No,No,No,No,No,No,Month-to-month,Si,Cheque,69.1,69.1,Si
AW-7688,Masculino,0,Si,No,71,Si,No,DSL,Si,No,No,Si,No,No,Two year,No,Transferencia Bancaria,54.5,3778.2,No
BC-2842,Masculino,0,No,No,43,Si,Si,Fiber optic,No,No,No,No,No,No,Month-to-month,Si,Tarjeta de Credito,75.35,3161.4,No
QW-7244,Masculino,0,Si,No,50,No,No Servicio Telef nico,DSL,Si,No,No,Si,Si,No,One year,Si,Transferencia Bancaria,44.45,2188.45,No
MQ-5899,Femenino,0,No,No,13,Si,Si,Fiber optic,No,No,No,No,No,No,Month-to-month,Si,Deposito bancario,75,999.45,Si
OY-6849,Masculino,0,Si,Si,19,Si,No,Fiber optic,No,Si,No,Si,Si,Si,One year,No,Transferencia Bancaria,100,1888.65,Si
UX-5312,Femenino,0,No,No,41,Si,Si,Fiber optic,No,No,Si,No,Si,Si,Month-to-month,No,Transferencia Bancaria,98.05,3990.6,No
HG-9488,Femenino,1,No,No,1,Si,No,Fiber optic,No,No,No,No,No,No,Month-to-month,Si,Cheque,71.15,71.15,Si
GC-6038,Femenino,0,No,No,24,No,No Servicio Telef nico,DSL,No,Si,Si,No,Si,Si,Month-to-month,Si,Tarjeta de Credito,54.15,1240.25,Si
WL-2150,Femenino,0,Si,No,40,Si,Si,DSL,No,Si,No,No,Si,No,One year,No,Transferencia Bancaria,63.9,2635,No
FV-7159,Femenino,0,Si,Si,3,Si,Si,DSL,No,Si,Si,No,Si,No,Month-to-month,Si,Transferencia Bancaria,69.15,235,No
LM-7032,Femenino,0,No,No,37,Si,Si,DSL,Si,No,No,No,Si,No,One year,No,Transferencia Bancaria,64.65,2347.85,No
WF-1150,Femenino,0,Si,Si,67,Si,Si,Fiber optic,Si,No,Si,Si,Si,Si,Two year,Si,Tarjeta de Credito,108.75,7156.2,Si
BX-6088,Femenino,0,Si,Si,32,Si,Si,Fiber optic,No,Si,No,No,Si,Si,Month-to-month,Si,Cheque,98.85,3089.6,No
AU-3144,Femenino,0,Si,No,6,Si,No,DSL,No,No,No,Si,No,No,Month-to-month,Si,Cheque,49.15,270.8,Si
SJ-4821,Femenino,0,Si,Si,32,Si,Si,Fiber optic,Si,No,No,No,Si,No,Month-to-month,No,Cheque,89.6,2901.8,No
ME-7346,Femenino,0,No,No,59,Si,Si,Fiber optic,No,Si,Si,No,No,No,Month-to-month,Si,Cheque,83.25,4949.1,No
DG-1137,Femenino,0,Si,No,30,Si,No,DSL,No,Si,Si,Si,No,Si,One year,No,Transferencia Bancaria,70.25,2198.9,No
PR-5616,Masculino,0,No,Si,20,Si,No,No,No internet service,No internet service,No internet service,No internet service,No internet service,No internet service,Month-to-month,Si,Cheque,19.4,374.5,Si
LR-3812,Femenino,0,Si,Si,27,Si,Si,No,No internet service,No internet service,No internet service,No internet service,No internet service,No internet service,Two year,No,Cheque,24.5,761.95,No
QI-4818,Femenino,1,No,No,20,Si,Si,Fiber optic,Si,No,No,No,No,No,Month-to-month,Si,Cheque,79.15,1520.9,Si
GC-9483,Masculino,0,No,Si,9,Si,No,No,No internet service,No internet service,No internet service,No internet service,No internet service,No internet service,One year,No,Deposito bancario,20.1,190.25,No
OJ-4227,Femenino,0,Si,Si,68,Si,Si,DSL,Si,Si,Si,No,Si,No,One year,Si,Tarjeta de Credito,73,5163,No
CX-9220,Femenino,0,Si,Si,69,Si,Si,DSL,Si,No,No,Si,No,No,Two year,No,Tarjeta de Credito,61.4,4059.85,No
JC-4993,Masculino,0,No,No,26,Si,Si,Fiber optic,No,No,Si,Si,No,No,Month-to-month,Si,Deposito bancario,84.3,2281.6,No
JA-9537,Masculino,0,Si,Si,69,Si,No,No,No internet service,No internet service,No internet service,No internet service,No internet service,No internet service,Two year,No,Transferencia Bancaria,19.9,1356.7,No
OX-6698,Masculino,0,No,No,11,Si,No,No,No internet service,No internet service,No internet service,No internet service,No internet service,No internet service,Two year,No,Deposito bancario,20.4,231.45,No
ZR-2103,Masculino,0,No,No,1,Si,Si,DSL,No,No,No,No,No,No,Month-to-month,No,Deposito bancario,50.75,50.75,No
BS-3724,Masculino,0,Si,Si,10,Si,No,No,No internet service,No internet service,No internet service,No internet service,No internet service,No internet service,One year,No,Deposito bancario,20.45,242.4,No
TS-4877,Femenino,0,Si,Si,55,Si,Si,DSL,Si,Si,No,Si,No,Si,One year,Si,Transferencia Bancaria,75.75,4264.25,No
NW-9209,Masculino,0,No,No,44,Si,No,DSL,Si,No,No,Si,Si,No,One year,No,Cheque,65.4,2774.55,No
VC-6961,Masculino,1,Si,No,46,Si,No,Fiber optic,No,No,No,No,No,Si,Month-to-month,Si,Cheque,80.4,3605.2,Si
YD-7306,Masculino,0,Si,Si,69,Si,No,DSL,Si,Si,Si,No,No,No,Two year,Si,Transferencia Bancaria,59.75,4069.9,No
AH-5288,Masculino,1,No,No,11,Si,No,Fiber optic,No,No,No,No,No,Si,Month-to-month,Si,Cheque,78.5,874.2,No
UZ-6688,Femenino,0,Si,No,11,Si,Si,Fiber optic,No,Si,No,No,Si,Si,Month-to-month,Si,Cheque,102,1145.35,Si
YD-0655,Masculino,0,No,No,29,Si,No,DSL,No,No,Si,No,No,No,Month-to-month,No,Transferencia Bancaria,48.95,1323.7,No
EH-8468,Femenino,0,Si,No,57,Si,Si,Fiber optic,Si,No,No,No,Si,Si,Month-to-month,Si,Cheque,99.65,5497.05,No
SI-6823,Masculino,0,No,No,28,Si,No,No,No internet service,No internet service,No internet service,No internet service,No internet service,No internet service,One year,No,Tarjeta de Credito,18.25,534.7,No
FS-1097,Femenino,0,No,No,42,Si,No,DSL,Si,No,Si,No,No,No,Month-to-month,No,Tarjeta de Credito,54.55,2455.05,No
RF-2839,Femenino,0,No,No,2,Si,No,No,No internet service,No internet service,No internet service,No internet service,No internet service,No internet service,Month-to-month,No,Deposito bancario,20.65,38.7,Si
SK-8328,Masculino,0,No,Si,23,No,No Servicio Telef nico,DSL,Si,Si,No,Si,No,No,One year,No,Transferencia Bancaria,40.65,947.4,No
ZM-7010,Femenino,0,Si,Si,18,Si,No,No,No internet service,No internet service,No internet service,No internet service,No internet service,No internet service,Month-to-month,No,Deposito bancario,20.45,357,No
CB-5201,Masculino,0,Si,Si,62,Si,Si,No,No internet service,No internet service,No internet service,No internet service,No internet service,No internet service,One year,No,Transferencia Bancaria,24.8,1476.25,No
GS-0968,Femenino,0,No,No,1,Si,No,Fiber optic,No,No,No,No,No,No,Month-to-month,Si,Deposito bancario,70.8,70.8,Si
DD-1965,Masculino,0,No,No,16,Si,Si,Fiber optic,No,No,No,Si,No,Si,Month-to-month,Si,Tarjeta de Credito,89.05,1448.6,Si
SI-9057,Femenino,0,No,No,3,Si,Si,Fiber optic,No,No,No,No,Si,Si,Month-to-month,Si,Cheque,96.6,291.9,Si
GI-6352,Masculino,0,No,No,67,Si,Si,DSL,Si,Si,Si,Si,Si,Si,One year,Si,Transferencia Bancaria,88.8,5903.15,No
QQ-3635,Masculino,0,No,No,62,Si,No,No,No internet service,No internet service,No internet service,No internet service,No internet service,No internet service,Two year,Si,Tarjeta de Credito,20.05,1201.65,No
XW-6771,Femenino,0,Si,No,57,Si,Si,Fiber optic,No,Si,Si,No,Si,Si,Month-to-month,Si,Tarjeta de Credito,104.5,5921.35,Si
DO-2897,Masculino,0,No,No,2,Si,No,Fiber optic,No,No,No,No,No,No,Month-to-month,Si,Cheque,69.8,146.65,No
YV-3082,Femenino,0,Si,Si,23,Si,Si,DSL,Si,No,Si,Si,Si,No,Two year,Si,Transferencia Bancaria,77.15,1759.4,No
EQ-0191,Femenino,0,No,Si,25,No,No Servicio Telef nico,DSL,Si,No,No,Si,No,No,Two year,No,Transferencia Bancaria,35.05,844.45,No
HB-7134,Femenino,1,No,No,72,Si,Si,Fiber optic,No,Si,Si,Si,Si,Si,Two year,Si,Transferencia Bancaria,108.1,7774.05,No
HH-3489,Femenino,0,Si,No,2,Si,Si,Fiber optic,No,No,No,No,Si,No,Month-to-month,Si,Cheque,84.05,134.05,No
JE-2926,Femenino,0,No,No,8,Si,No,No,No internet service,No internet service,No internet service,No internet service,No internet service,No internet service,One year,Si,Transferencia Bancaria,20.2,140.95,No
QA-8601,Femenino,0,No,No,5,Si,Si,DSL,No,No,No,No,No,No,Month-to-month,Si,Deposito bancario,50.6,249.95,Si
BD-4950,Masculino,0,No,No,35,No,No Servicio Telef nico,DSL,No,No,Si,No,Si,Si,Month-to-month,No,Cheque,49.2,1701.65,No
LD-5789,Masculino,0,No,No,24,Si,Si,No,No internet service,No internet service,No internet service,No internet service,No internet service,No internet service,One year,No,Cheque,24.6,592.65,No
OO-0508,Femenino,0,Si,Si,2,Si,No,Fiber optic,No,No,No,No,No,No,Month-to-month,Si,Cheque,71.65,135.75,No
TB-2984,Masculino,0,Si,Si,72,Si,Si,Fiber optic,Si,Si,Si,Si,No,Si,Two year,Si,Tarjeta de Credito,104.9,7732.65,No
WM-9822,Femenino,0,No,No,41,Si,Si,Fiber optic,Si,Si,Si,Si,Si,No,Month-to-month,Si,Cheque,106.5,4282.4,No
SO-2391,Masculino,0,No,Si,4,Si,No,DSL,Si,No,No,No,No,No,Month-to-month,No,Cheque,49.35,219.65,Si
KZ-9040,Masculino,0,No,No,26,Si,No,Fiber optic,No,Si,No,No,No,No,One year,No,Transferencia Bancaria,75.5,2018.1,No
QT-2645,Masculino,0,No,No,7,Si,No,Fiber optic,No,Si,No,No,Si,Si,Month-to-month,Si,Cheque,94.25,669,Si
HI-4806,Femenino,0,Si,No,1,Si,No,Fiber optic,No,No,No,No,No,No,Month-to-month,Si,Cheque,68.95,68.95,Si
AR-1548,Femenino,0,Si,Si,4,Si,Si,DSL,No,Si,No,Si,No,No,Month-to-month,Si,Deposito bancario,58.5,224.85,No
RZ-6339,Masculino,0,No,No,48,Si,No,DSL,No,Si,Si,Si,Si,Si,Two year,No,Tarjeta de Credito,78.9,3771.5,No
TK-4424,Masculino,1,No,No,2,Si,Si,Fiber optic,No,No,No,No,Si,Si,Month-to-month,Si,Cheque,93.85,196.75,Si
WN-4415,Femenino,1,Si,No,12,Si,No,DSL,Si,No,Si,Si,Si,Si,One year,Si,Cheque,79.2,943.85,No
AH-2522,Masculino,0,Si,No,60,Si,Si,Fiber optic,Si,No,Si,Si,Si,Si,Month-to-month,Si,Transferencia Bancaria,109.45,6572.85,No
UC-0412,Masculino,0,No,No,55,Si,No,DSL,Si,No,Si,Si,No,No,Two year,Si,Cheque,59.2,3175.85,No
FL-1816,Masculino,0,No,No,1,No,No Servicio Telef nico,DSL,No,No,No,Si,No,No,Month-to-month,No,Deposito bancario,29.15,29.15,No
UC-7096,Masculino,0,No,No,1,Si,No,No,No internet service,No internet service,No internet service,No internet service,No internet service,No internet service,Month-to-month,No,Deposito bancario,20.05,20.05,No
ZR-8443,Masculino,0,No,No,4,Si,Si,Fiber optic,No,No,No,No,No,No,Month-to-month,Si,Cheque,76.05,318.9,Si
AL-9136,Masculino,0,No,No,1,No,No Servicio Telef nico,DSL,No,No,No,No,No,No,Month-to-month,Si,Deposito bancario,24.45,24.45,Si
PI-4615,Femenino,0,No,No,42,Si,No,DSL,No,No,Si,Si,No,Si,Two year,No,Tarjeta de Credito,66.5,2762.75,No
QS-8885,Femenino,0,No,No,1,Si,No,DSL,Si,No,No,No,No,No,Month-to-month,No,Transferencia Bancaria,49.55,49.55,No
NI-7479,Masculino,0,No,No,7,Si,Si,Fiber optic,No,No,Si,No,Si,No,Month-to-month,Si,Tarjeta de Credito,89.35,631.85,Si
EN-8617,Masculino,0,No,No,3,Si,No,Fiber optic,No,No,Si,No,No,No,Month-to-month,Si,Tarjeta de Credito,73.6,232.5,No
NX-9385,Femenino,0,Si,No,72,Si,Si,DSL,Si,Si,Si,No,Si,Si,Two year,Si,Tarjeta de Credito,82.65,5919.35,No
IH-0430,Masculino,0,No,No,15,Si,Si,DSL,No,No,No,No,No,No,Month-to-month,Si,Cheque,49,749.25,No
MJ-2959,Masculino,0,Si,No,4,Si,No,Fiber optic,No,No,No,No,Si,No,Month-to-month,Si,Cheque,80.35,307.4,Si
KV-6674,Femenino,0,No,No,11,Si,Si,No,No internet service,No internet service,No internet service,No internet service,No internet service,No internet service,One year,No,Cheque,25.2,245.15,No
DK-1814,Femenino,0,No,No,5,Si,Si,No,No internet service,No internet service,No internet service,No internet service,No internet service,No internet service,Month-to-month,No,Deposito bancario,25.45,134.75,No
JM-4201,Femenino,1,No,No,1,Si,No,DSL,Si,No,Si,No,No,No,Month-to-month,Si,Cheque,55.8,55.8,Si
HX-9351,Masculino,0,Si,No,72,Si,Si,Fiber optic,Si,No,Si,Si,Si,Si,Two year,Si,Tarjeta de Credito,110.9,8240.85,No
HP-3537,Femenino,0,Si,No,55,Si,Si,Fiber optic,No,Si,No,No,No,No,Month-to-month,Si,Tarjeta de Credito,77.75,4266.4,No
AL-2129,Femenino,0,Si,Si,40,Si,Si,No,No internet service,No internet service,No internet service,No internet service,No internet service,No internet service,Month-to-month,Si,Cheque,26.2,1077.5,No
MM-5821,Femenino,0,Si,No,57,Si,No,No,No internet service,No internet service,No internet service,No internet service,No internet service,No internet service,Two year,No,Transferencia Bancaria,19.9,1115.6,No
WP-5960,Masculino,0,No,No,1,Si,No,Fiber optic,No,No,No,No,Si,No,Month-to-month,Si,Cheque,79.05,79.05,Si
AO-0684,Masculino,0,Si,No,1,Si,No,Fiber optic,Si,No,No,No,Si,Si,Month-to-month,Si,Cheque,95,95,Si
NG-8260,Femenino,0,No,No,1,No,No Servicio Telef nico,DSL,No,No,No,No,No,No,Month-to-month,No,Deposito bancario,25.2,25.2,Si
XG-1309,Masculino,1,Si,Si,52,Si,Si,DSL,No,Si,Si,No,Si,Si,One year,Si,Cheque,80.85,4079.55,No
RZ-1866,Masculino,1,No,No,41,Si,Si,Fiber optic,No,No,Si,No,Si,Si,Month-to-month,Si,Cheque,98.4,4187.75,Si
UR-6968,Masculino,0,Si,No,43,Si,No,DSL,No,No,No,No,Si,No,One year,Si,Deposito bancario,56.35,2391.15,No
TX-4742,Femenino,0,Si,Si,47,Si,No,No,No internet service,No internet service,No internet service,No internet service,No internet service,No internet service,Two year,No,Transferencia Bancaria,19.3,890.5,No
XE-9631,Masculino,0,No,No,3,Si,Si,DSL,No,No,No,No,No,No,Month-to-month,No,Transferencia Bancaria,50.4,137.25,No
NB-8631,Masculino,1,Si,Si,66,Si,Si,DSL,Si,Si,Si,Si,Si,No,Two year,No,Tarjeta de Credito,79.4,5154.6,Si
MX-1335,Masculino,0,Si,Si,55,Si,No,DSL,No,No,Si,Si,No,No,Two year,Si,Tarjeta de Credito,55.25,3119.9,No
TM-8873,Masculino,0,No,No,29,Si,No,No,No internet service,No internet service,No internet service,No internet service,No internet service,No internet service,One year,No,Deposito bancario,19.1,529.5,No
JO-8800,Femenino,0,No,Si,12,Si,Si,Fiber optic,No,No,No,No,Si,No,Month-to-month,Si,Cheque,84.05,966.55,No
LB-1469,Femenino,0,Si,No,66,Si,Si,Fiber optic,No,Si,Si,No,Si,Si,Month-to-month,Si,Cheque,105.2,6936.85,No
XC-4958,Masculino,1,No,No,35,Si,Si,Fiber optic,No,No,Si,No,Si,Si,Month-to-month,Si,Cheque,101.4,3496.3,Si
UP-8337,Masculino,1,Si,No,10,Si,Si,Fiber optic,No,No,Si,No,No,Si,Month-to-month,Si,Cheque,89.8,914.3,Si
YI-0064,Masculino,0,Si,Si,27,Si,Si,Fiber optic,No,No,No,No,No,No,Month-to-month,Si,Transferencia Bancaria,75.75,1929,No
OW-2386,Femenino,0,No,No,58,Si,No,Fiber optic,No,No,No,Si,Si,Si,Month-to-month,Si,Cheque,95.3,5817.7,No
IQ-1725,Masculino,0,Si,No,54,Si,No,Fiber optic,Si,Si,Si,Si,Si,Si,Two year,No,Transferencia Bancaria,109.75,6110.2,Si
VQ-0310,Masculino,0,No,No,9,Si,No,No,No internet service,No internet service,No internet service,No internet service,No internet service,No internet service,Month-to-month,No,Deposito bancario,19.85,178.8,No
RF-6598,Masculino,0,No,No,2,Si,No,No,No internet service,No internet service,No internet service,No internet service,No internet service,No internet service,One year,No,Tarjeta de Credito,19.3,28.3,Si
RT-3453,Masculino,0,No,No,6,Si,No,Fiber optic,No,No,No,No,No,No,Month-to-month,Si,Cheque,69.1,435,No
OA-6712,Femenino,1,No,No,26,Si,No,Fiber optic,No,No,No,No,Si,Si,Month-to-month,Si,Cheque,91.25,2351.8,Si
FE-6278,Femenino,0,No,No,9,Si,No,No,No internet service,No internet service,No internet service,No internet service,No internet service,No internet service,Month-to-month,No,Deposito bancario,20.25,186.15,No
DL-4280,Masculino,0,Si,No,8,Si,No,DSL,No,Si,Si,No,No,No,Month-to-month,Si,Deposito bancario,54.75,445.85,No
DF-1508,Masculino,0,No,No,12,Si,No,Fiber optic,No,No,No,No,Si,No,Month-to-month,Si,Cheque,81.45,912,No
VG-8614,Femenino,0,No,No,15,Si,Si,DSL,No,No,No,No,No,No,Month-to-month,Si,Cheque,49.1,679.55,Si
BG-7868,Masculino,0,Si,No,43,Si,Si,DSL,Si,No,Si,No,Si,Si,One year,Si,Cheque,80.2,3581.6,No
QQ-2800,Masculino,0,No,No,42,Si,Si,Fiber optic,No,No,No,Si,Si,Si,Month-to-month,Si,Cheque,100.3,4222.95,No
UO-2930,Femenino,0,No,No,31,Si,Si,DSL,Si,No,Si,Si,No,No,Month-to-month,No,Tarjeta de Credito,65.25,1994.3,Si
DZ-7973,Femenino,0,No,Si,66,Si,Si,Fiber optic,Si,No,Si,Si,No,No,Two year,Si,Tarjeta de Credito,90.95,5930.05,No
DV-5914,Femenino,1,No,No,18,Si,Si,Fiber optic,No,Si,No,Si,No,No,Month-to-month,Si,Cheque,85.45,1505.85,Si
YF-7698,Masculino,0,No,No,1,Si,No,No,No internet service,No internet service,No internet service,No internet service,No internet service,No internet service,Month-to-month,No,Deposito bancario,20,20,No
QV-2533,Masculino,0,Si,No,61,Si,Si,Fiber optic,No,Si,No,Si,Si,No,Two year,Si,Cheque,94.1,5638.3,Si
PE-9773,Masculino,0,No,No,10,Si,Si,Fiber optic,No,Si,No,No,No,No,Month-to-month,No,Cheque,79.85,797.25,No
XL-8644,Masculino,1,No,No,1,Si,No,Fiber optic,No,No,No,No,No,No,Month-to-month,Si,Cheque,71.65,71.65,Si
BW-0650,Femenino,1,No,No,18,Si,No,Fiber optic,No,Si,No,No,No,No,Month-to-month,Si,Cheque,73.55,1359.45,No
AZ-8625,Masculino,0,Si,No,24,Si,Si,Fiber optic,No,Si,Si,No,Si,Si,Month-to-month,Si,Cheque,104.65,2542.45,Si
RD-7785,Femenino,0,Si,Si,3,Si,No,No,No internet service,No internet service,No internet service,No internet service,No internet service,No internet service,Month-to-month,No,Deposito bancario,19.3,54.7,No
WC-9602,Masculino,0,No,No,50,Si,No,No,No internet service,No internet service,No internet service,No internet service,No internet service,No internet service,One year,No,Tarjeta de Credito,20.15,989.05,No
YY-2903,Masculino,0,Si,Si,1,Si,No,DSL,No,No,No,No,No,No,Month-to-month,No,Cheque,44.55,44.55,No
MW-3620,Masculino,0,No,No,2,Si,No,DSL,Si,No,No,Si,No,No,Month-to-month,Si,Deposito bancario,54.45,87.3,No
JG-8573,Masculino,0,No,No,17,Si,No,No,No internet service,No internet service,No internet service,No internet service,No internet service,No internet service,One year,Si,Transferencia Bancaria,19.65,351.55,No
HA-6837,Masculino,0,Si,Si,69,Si,Si,Fiber optic,No,Si,Si,No,Si,Si,Two year,Si,Cheque,105,7297.75,No
YV-6701,Masculino,0,Si,No,72,Si,Si,DSL,Si,Si,Si,Si,Si,Si,Two year,Si,Tarjeta de Credito,88.7,6301.7,No
CP-9306,Femenino,0,No,No,3,Si,Si,Fiber optic,No,No,No,No,No,No,Month-to-month,Si,Cheque,74.25,210.3,Si
XU-4304,Masculino,1,Si,Si,50,Si,Si,DSL,Si,Si,Si,No,No,Si,Two year,Si,Transferencia Bancaria,75.15,3822.45,No
YA-9504,Femenino,0,No,No,53,Si,No,No,No internet service,No internet service,No internet service,No internet service,No internet service,No internet service,Two year,No,Deposito bancario,20.25,1048.45,No
ZB-8819,Femenino,0,Si,No,58,Si,Si,Fiber optic,Si,Si,No,Si,Si,Si,Two year,Si,Tarjeta de Credito,109.1,6393.65,No
NR-6174,Masculino,0,No,No,46,No,No Servicio Telef nico,DSL,Si,No,No,No,No,No,One year,Si,Transferencia Bancaria,30.75,1489.3,No
IE-9481,Masculino,1,Si,No,72,Si,Si,Fiber optic,Si,Si,Si,Si,Si,Si,Month-to-month,Si,Tarjeta de Credito,112.9,8061.5,No
VG-1833,Femenino,1,No,No,1,Si,Si,Fiber optic,No,No,No,No,No,No,Month-to-month,Si,Cheque,74.2,74.2,Si
NI-6137,Femenino,0,Si,Si,6,Si,Si,Fiber optic,No,Si,Si,No,Si,No,Month-to-month,Si,Deposito bancario,94.05,518.75,No
ZC-9065,Masculino,0,Si,No,72,Si,Si,DSL,Si,Si,Si,Si,No,Si,Two year,No,Transferencia Bancaria,78.85,5763.15,No
EJ-6402,Masculino,0,No,No,4,Si,No,DSL,No,No,No,No,No,Si,Month-to-month,Si,Deposito bancario,55.3,238.5,No
EH-3620,Femenino,0,Si,Si,52,Si,No,No,No internet service,No internet service,No internet service,No internet service,No internet service,No internet service,Two year,No,Deposito bancario,19.35,1031.7,No
VV-3213,Masculino,0,Si,Si,0,Si,Si,No,No internet service,No internet service,No internet service,No internet service,No internet service,No internet service,Two year,No,Deposito bancario,25.35, ,No
EC-6870,Femenino,0,No,No,2,Si,No,No,No internet service,No internet service,No internet service,No internet service,No internet service,No internet service,One year,No,Deposito bancario,20.45,34.8,No
UD-8747,Femenino,0,Si,No,65,Si,No,No,No internet service,No internet service,No internet service,No internet service,No internet service,No internet service,Two year,No,Transferencia Bancaria,19.35,1319.95,No
XG-8374,Masculino,1,Si,No,43,Si,Si,Fiber optic,No,Si,No,No,Si,Si,Month-to-month,Si,Cheque,101,4388.4,Si
TA-2656,Masculino,0,Si,No,4,Si,Si,Fiber optic,No,Si,No,No,Si,Si,Month-to-month,Si,Cheque,100.2,420.2,Si
LM-6946,Masculino,1,Si,No,25,Si,Si,Fiber optic,Si,No,No,No,No,Si,One year,Si,Cheque,89.05,2177.45,Si
OZ-4626,Femenino,0,Si,No,51,Si,Si,DSL,No,Si,No,Si,Si,Si,One year,Si,Tarjeta de Credito,78.65,3950.85,No
BS-9169,Masculino,0,No,No,12,Si,Si,DSL,No,No,Si,No,Si,Si,Month-to-month,No,Transferencia Bancaria,74.75,827.05,No
ZU-2325,Femenino,0,Si,Si,57,Si,No,DSL,Si,No,No,No,Si,Si,One year,Si,Transferencia Bancaria,70.1,3913.3,Si
PE-8194,Femenino,0,Si,Si,24,Si,No,No,No internet service,No internet service,No internet service,No internet service,No internet service,No internet service,One year,No,Deposito bancario,19.9,533.5,No
HX-6872,Femenino,0,Si,No,64,Si,Si,DSL,No,No,Si,Si,No,No,One year,No,Transferencia Bancaria,58.35,3756.45,No
CM-3932,Femenino,0,No,No,4,Si,No,Fiber optic,No,Si,Si,Si,Si,Si,One year,Si,Cheque,105.65,443.9,Si
YX-7714,Femenino,0,No,No,26,Si,Si,Fiber optic,No,No,Si,No,Si,Si,Month-to-month,Si,Transferencia Bancaria,100.5,2599.95,No
UG-8387,Femenino,0,Si,Si,15,Si,No,No,No internet service,No internet service,No internet service,No internet service,No internet service,No internet service,Month-to-month,No,Deposito bancario,20.05,284.3,No
BW-1080,Masculino,1,Si,No,64,Si,Si,No,No internet service,No internet service,No internet service,No internet service,No internet service,No internet service,Two year,No,Tarjeta de Credito,25.65,1740.8,No
HE-4039,Masculino,1,Si,No,36,Si,Si,Fiber optic,No,Si,No,No,Si,Si,Month-to-month,Si,Cheque,96.5,3436.1,Si
HV-1194,Femenino,0,Si,No,27,Si,Si,Fiber optic,No,No,No,No,Si,Si,Month-to-month,No,Tarjeta de Credito,95,2462.55,No
WU-0812,Masculino,1,Si,No,1,Si,No,Fiber optic,No,No,No,No,No,No,Month-to-month,No,Deposito bancario,70.85,70.85,Si
UV-3594,Femenino,0,No,No,35,Si,Si,DSL,Si,No,Si,Si,Si,Si,One year,Si,Tarjeta de Credito,85.95,3110.1,Si
TL-0004,Masculino,0,No,No,4,Si,No,Fiber optic,No,No,Si,No,No,No,Month-to-month,Si,Cheque,73.9,280.85,Si
TG-1767,Femenino,0,Si,Si,8,Si,No,DSL,No,No,No,No,No,No,Month-to-month,Si,Cheque,45.45,411.75,No
LT-8439,Masculino,0,No,No,10,Si,No,No,No internet service,No internet service,No internet service,No internet service,No internet service,No internet service,Month-to-month,Si,Tarjeta de Credito,20,198.6,No
JN-8805,Femenino,0,No,No,2,Si,No,DSL,No,Si,No,No,No,No,Month-to-month,No,Deposito bancario,49.2,103.7,No
IF-5089,Femenino,0,Si,No,58,Si,Si,Fiber optic,Si,Si,Si,No,Si,Si,Two year,Si,Transferencia Bancaria,109.45,6144.55,Si
HN-6418,Masculino,0,Si,No,51,Si,No,DSL,Si,Si,Si,Si,Si,Si,Two year,Si,Tarjeta de Credito,83.25,4089.45,No
OY-0206,Femenino,0,Si,Si,46,Si,No,No,No internet service,No internet service,No internet service,No internet service,No internet service,No internet service,Two year,Si,Deposito bancario,19.25,864.2,No
CD-7291,Masculino,0,No,No,1,Si,No,No,No internet service,No internet service,No internet service,No internet service,No internet service,No internet service,Month-to-month,Si,Transferencia Bancaria,19.65,19.65,No
GG-7128,Masculino,0,No,No,46,Si,Si,Fiber optic,No,No,No,No,No,No,Month-to-month,No,Transferencia Bancaria,72.8,3249.4,No
YF-0237,Femenino,0,Si,No,50,Si,Si,Fiber optic,Si,Si,No,Si,Si,Si,Month-to-month,Si,Transferencia Bancaria,109.65,5405.8,No
KG-7691,Masculino,0,Si,Si,53,Si,No,DSL,No,Si,No,Si,Si,No,Month-to-month,No,Tarjeta de Credito,65,3363.8,No
HS-6710,Masculino,0,Si,No,61,Si,Si,Fiber optic,No,Si,Si,Si,Si,Si,Month-to-month,Si,Cheque,114.1,7132.15,No
EQ-3675,Masculino,0,No,No,5,Si,No,No,No internet service,No internet service,No internet service,No internet service,No internet service,No internet service,Month-to-month,No,Transferencia Bancaria,20.65,93.55,No
DC-0840,Masculino,0,No,No,47,Si,No,DSL,Si,Si,Si,Si,Si,Si,One year,Si,Transferencia Bancaria,86.95,4138.9,No
FE-1732,Femenino,0,No,No,54,Si,Si,Fiber optic,No,Si,Si,No,Si,No,One year,Si,Transferencia Bancaria,94.75,5121.75,No
KJ-9862,Masculino,0,No,Si,19,No,No Servicio Telef nico,DSL,No,No,No,No,No,No,Month-to-month,Si,Tarjeta de Credito,25.35,566.1,No
HM-0479,Femenino,0,No,Si,26,Si,No,Fiber optic,No,Si,Si,Si,Si,Si,Two year,Si,Cheque,105.45,2715.3,No
KS-5854,Masculino,0,Si,Si,70,Si,Si,No,No internet service,No internet service,No internet service,No internet service,No internet service,No internet service,Two year,No,Deposito bancario,25.4,1782.05,No
BZ-0365,Masculino,0,Si,No,17,Si,Si,Fiber optic,No,Si,Si,No,Si,Si,Month-to-month,Si,Cheque,102.55,1742.5,No
VY-4817,Femenino,0,No,No,30,Si,Si,Fiber optic,No,Si,No,No,Si,Si,Month-to-month,Si,Cheque,100.2,2983.8,Si
SV-5701,Femenino,0,No,Si,1,Si,Si,No,No internet service,No internet service,No internet service,No internet service,No internet service,No internet service,Month-to-month,No,Deposito bancario,24,24,No
AA-3129,Femenino,0,Si,Si,19,Si,Si,No,No internet service,No internet service,No internet service,No internet service,No internet service,No internet service,Two year,No,Deposito bancario,25.6,485.9,No
CV-4922,Femenino,0,Si,No,26,Si,No,DSL,No,Si,Si,No,Si,Si,Two year,Si,Tarjeta de Credito,73.5,1905.7,No
QW-1396,Femenino,0,Si,Si,21,Si,No,Fiber optic,No,Si,No,No,No,No,Month-to-month,Si,Transferencia Bancaria,74.05,1565.7,Si
BI-1357,Masculino,0,Si,No,50,Si,Si,Fiber optic,No,Si,No,No,Si,Si,One year,Si,Cheque,98.25,4858.7,No
BT-1099,Femenino,0,Si,No,68,No,No Servicio Telef nico,DSL,Si,No,Si,No,Si,Si,One year,Si,Cheque,54.4,3723.65,No
SJ-5299,Masculino,0,No,No,3,Si,Si,Fiber optic,No,No,Si,No,Si,Si,Month-to-month,Si,Transferencia Bancaria,101.55,298.35,Si
PZ-2018,Masculino,0,Si,Si,9,Si,No,Fiber optic,No,No,Si,Si,Si,Si,Month-to-month,No,Cheque,103.1,970.45,No
KE-7340,Femenino,0,Si,Si,51,No,No Servicio Telef nico,DSL,Si,No,No,Si,No,No,Two year,No,Transferencia Bancaria,34.2,1782,No
QH-4570,Femenino,0,No,No,9,Si,No,DSL,No,No,No,No,No,No,Month-to-month,Si,Cheque,43.75,405.7,No
BC-2403,Masculino,1,Si,Si,41,Si,Si,Fiber optic,No,Si,Si,Si,Si,Si,One year,Si,Cheque,111.95,4534.9,Si
YY-7392,Masculino,0,No,No,22,Si,Si,Fiber optic,No,Si,No,No,Si,Si,Month-to-month,Si,Cheque,100.65,2415.95,No
LS-2898,Femenino,0,Si,Si,21,No,No Servicio Telef nico,DSL,Si,No,Si,No,Si,Si,One year,Si,Cheque,55.95,1157.05,Si
GD-2223,Masculino,0,Si,Si,71,Si,Si,Fiber optic,Si,Si,Si,Si,Si,Si,Two year,Si,Transferencia Bancaria,116.05,8297.5,No
PT-7359,Masculino,0,No,No,1,Si,No,DSL,No,No,No,No,No,No,Month-to-month,No,Cheque,45.75,45.75,Si
RT-9470,Masculino,0,Si,Si,26,Si,Si,DSL,No,No,Si,Si,Si,Si,One year,Si,Tarjeta de Credito,82,2083.1,No
OS-2176,Masculino,0,Si,No,71,Si,Si,DSL,Si,Si,No,Si,No,No,Two year,No,Transferencia Bancaria,65.15,4681.75,No
YV-9348,Masculino,0,No,No,4,Si,No,DSL,No,No,No,No,No,No,Month-to-month,Si,Tarjeta de Credito,44.8,176.2,No
OS-8104,Femenino,0,No,No,12,Si,Si,Fiber optic,Si,No,No,No,No,No,Month-to-month,Si,Cheque,79.8,1001.2,No
YE-4521,Femenino,0,Si,No,18,Si,Si,Fiber optic,No,No,No,Si,Si,No,Month-to-month,Si,Cheque,88.85,1594.75,No
KP-4090,Femenino,0,No,No,3,Si,Si,Fiber optic,No,No,No,No,No,No,Month-to-month,Si,Cheque,74.95,212.4,No
WO-3786,Femenino,1,Si,No,72,Si,Si,Fiber optic,Si,Si,No,No,Si,Si,One year,Si,Transferencia Bancaria,106.85,7677.4,No
BD-4503,Masculino,0,No,No,11,Si,No,Fiber optic,No,Si,No,No,No,No,Month-to-month,No,Cheque,74.95,815.5,Si
ES-6086,Femenino,0,No,No,1,Si,No,Fiber optic,No,No,No,No,No,Si,Month-to-month,No,Tarjeta de Credito,80.15,80.15,Si
HO-2592,Masculino,0,No,No,13,Si,No,No,No internet service,No internet service,No internet service,No internet service,No internet service,No internet service,One year,No,Tarjeta de Credito,19.3,259.65,No
CE-3886,Femenino,0,Si,No,72,Si,Si,Fiber optic,No,Si,Si,Si,Si,Si,One year,Si,Cheque,109.25,8109.8,Si
ZH-7995,Masculino,0,Si,No,42,Si,Si,DSL,Si,No,No,No,No,No,One year,No,Tarjeta de Credito,56.1,2386.85,No
RH-3824,Femenino,0,No,No,17,Si,No,No,No internet service,No internet service,No internet service,No internet service,No internet service,No internet service,Month-to-month,No,Tarjeta de Credito,19.7,340.35,No
SC-5816,Femenino,1,No,No,7,Si,No,DSL,No,Si,No,No,No,No,Month-to-month,Si,Deposito bancario,51.3,419.35,No
AX-5989,Femenino,0,Si,No,68,Si,Si,Fiber optic,Si,Si,Si,Si,Si,Si,Two year,No,Deposito bancario,118.6,7990.05,No
HP-4979,Masculino,0,Si,Si,56,Si,Si,No,No internet service,No internet service,No internet service,No internet service,No internet service,No internet service,Two year,No,Transferencia Bancaria,24.15,1402.25,No
OH-8590,Femenino,0,Si,Si,38,Si,No,No,No internet service,No internet service,No internet service,No internet service,No internet service,No internet service,One year,No,Deposito bancario,20.3,749.35,No
IH-8015,Femenino,0,Si,Si,72,Si,Si,Fiber optic,Si,Si,Si,Si,Si,Si,Two year,Si,Cheque,115.5,8425.15,No
TO-2332,Femenino,0,No,No,48,Si,Si,No,No internet service,No internet service,No internet service,No internet service,No internet service,No internet service,One year,No,Tarjeta de Credito,25.05,1171.5,No
VZ-9278,Femenino,1,Si,No,52,Si,Si,Fiber optic,Si,Si,Si,No,Si,Si,Month-to-month,Si,Cheque,109.1,5647.95,No
OT-8008,Femenino,0,Si,Si,35,Si,No,No,No internet service,No internet service,No internet service,No internet service,No internet service,No internet service,One year,No,Deposito bancario,19.65,708.8,No
OV-2773,Masculino,0,Si,No,67,Si,Si,Fiber optic,No,Si,Si,Si,Si,Si,Two year,Si,Transferencia Bancaria,111.3,7567.2,No
LC-5999,Femenino,0,No,No,1,No,No Servicio Telef nico,DSL,Si,No,No,No,No,No,Month-to-month,No,Deposito bancario,29.9,29.9,No
XZ-5206,Masculino,0,No,No,53,Si,No,Fiber optic,No,Si,No,Si,No,No,Month-to-month,Si,Deposito bancario,80.6,4348.1,No
LB-4803,Masculino,0,Si,Si,34,Si,No,No,No internet service,No internet service,No internet service,No internet service,No internet service,No internet service,Month-to-month,No,Deposito bancario,20.8,635.9,No
RC-5759,Femenino,0,No,No,3,No,No Servicio Telef nico,DSL,No,No,No,No,Si,No,Month-to-month,No,Tarjeta de Credito,35.2,108.95,Si
RF-6372,Femenino,0,Si,No,1,Si,No,Fiber optic,No,No,No,No,Si,No,Month-to-month,No,Cheque,78.8,78.8,Si
FQ-2139,Masculino,0,No,No,19,Si,No,Fiber optic,No,No,Si,Si,Si,No,Month-to-month,No,Deposito bancario,89.95,1682.4,No
GW-8261,Femenino,1,Si,No,60,Si,Si,Fiber optic,Si,Si,Si,Si,Si,Si,Two year,Si,Transferencia Bancaria,116.05,6925.9,No
YS-1093,Masculino,0,No,No,11,Si,No,No,No internet service,No internet service,No internet service,No internet service,No internet service,No internet service,Two year,No,Tarjeta de Credito,19.55,223.15,No
UM-8938,Femenino,0,No,No,47,Si,Si,Fiber optic,No,Si,Si,No,Si,Si,Month-to-month,Si,Cheque,106.4,5127.95,Si
BR-0991,Masculino,0,No,No,18,Si,No,DSL,Si,No,No,No,No,No,Month-to-month,No,Cheque,49.4,874.8,Si
IY-3882,Femenino,0,Si,Si,60,Si,Si,Fiber optic,Si,Si,Si,Si,Si,Si,Two year,No,Tarjeta de Credito,115.25,6758.45,No
TZ-8749,Masculino,0,Si,No,72,Si,Si,No,No internet service,No internet service,No internet service,No internet service,No internet service,No internet service,Two year,No,Tarjeta de Credito,24.8,1874.3,No
FZ-1755,Masculino,0,No,No,39,Si,No,No,No internet service,No internet service,No internet service,No internet service,No internet service,No internet service,One year,No,Deposito bancario,19.9,791.15,No
JP-3115,Femenino,0,Si,No,59,Si,No,Fiber optic,Si,No,Si,No,No,No,One year,Si,Tarjeta de Credito,81.25,4639.45,No
KT-5600,Masculino,0,Si,Si,2,Si,No,Fiber optic,No,No,No,No,No,No,Month-to-month,No,Deposito bancario,69.95,143.9,No
IK-3871,Masculino,1,No,No,1,Si,No,Fiber optic,No,No,No,No,No,No,Month-to-month,No,Cheque,69.1,69.1,Si
IE-6319,Masculino,0,Si,Si,20,Si,No,Fiber optic,No,No,No,No,Si,Si,Month-to-month,Si,Cheque,90.2,1776.55,Si
AO-9025,Femenino,0,No,No,6,Si,Si,Fiber optic,No,No,No,No,Si,Si,Month-to-month,Si,Transferencia Bancaria,93.55,536.4,Si
TB-6339,Masculino,0,No,No,71,Si,Si,Fiber optic,No,No,Si,Si,No,No,Two year,Si,Tarjeta de Credito,86.4,6172,No
Si-7964,Femenino,0,Si,No,24,Si,Si,DSL,Si,Si,Si,No,No,No,Month-to-month,No,Deposito bancario,66.3,1559.45,No
GO-6173,Masculino,1,Si,No,67,Si,Si,Fiber optic,No,No,No,No,Si,Si,Month-to-month,Si,Tarjeta de Credito,94.65,6079,No
SQ-5275,Masculino,0,No,No,1,Si,No,Fiber optic,No,No,No,No,No,Si,Month-to-month,Si,Deposito bancario,80.85,80.85,Si
YT-7716,Femenino,0,Si,Si,48,Si,Si,Fiber optic,No,No,No,No,No,Si,One year,Si,Deposito bancario,82.05,4029.95,Si
ZR-9938,Femenino,0,Si,No,37,Si,Si,DSL,No,Si,No,Si,No,Si,One year,No,Deposito bancario,72.1,2658.4,No
XW-7950,Masculino,0,No,No,11,No,No Servicio Telef nico,DSL,No,Si,Si,No,No,No,Month-to-month,No,Deposito bancario,34.7,383.55,No
KY-4390,Masculino,0,Si,No,3,Si,No,No,No internet service,No internet service,No internet service,No internet service,No internet service,No internet service,Month-to-month,Si,Tarjeta de Credito,20.55,51.15,Si
MU-4647,Femenino,0,Si,No,18,Si,No,Fiber optic,No,No,Si,No,Si,Si,Month-to-month,Si,Tarjeta de Credito,95.95,1745.5,No
AI-9702,Masculino,0,Si,Si,50,Si,No,DSL,No,No,No,No,No,No,One year,Si,Transferencia Bancaria,44.8,2230.85,No
PR-8849,Femenino,0,Si,Si,67,Si,Si,Fiber optic,Si,No,Si,Si,Si,Si,One year,Si,Cheque,109.4,7281.6,No
RA-8851,Femenino,0,Si,No,25,Si,No,DSL,Si,Si,No,Si,No,Si,Month-to-month,Si,Deposito bancario,71.05,1837.7,No
NE-1304,Femenino,1,No,No,2,Si,Si,Fiber optic,No,No,Si,No,No,No,Month-to-month,Si,Cheque,78.55,149.55,Si
IZ-5396,Masculino,0,No,No,9,Si,No,No,No internet service,No internet service,No internet service,No internet service,No internet service,No internet service,Month-to-month,No,Tarjeta de Credito,19.7,180.7,No
VL-1729,Femenino,0,No,Si,10,No,No Servicio Telef nico,DSL,Si,Si,No,Si,No,No,One year,No,Deposito bancario,40.25,411.45,No
AB-8285,Femenino,0,Si,No,70,Si,No,No,No internet service,No internet service,No internet service,No internet service,No internet service,No internet service,Two year,No,Tarjeta de Credito,19.85,1328.35,No
TJ-0701,Masculino,0,No,No,9,Si,No,DSL,Si,No,Si,Si,No,Si,Month-to-month,Si,Transferencia Bancaria,68.25,576.95,No
VB-5712,Femenino,0,No,No,4,Si,No,No,No internet service,No internet service,No internet service,No internet service,No internet service,No internet service,Month-to-month,Si,Tarjeta de Credito,20.15,68.45,No
LA-6629,Femenino,0,No,No,2,Si,No,DSL,Si,No,No,No,No,No,Month-to-month,No,Deposito bancario,50.95,123.05,No
GR-8945,Femenino,0,No,Si,1,Si,No,Fiber optic,No,No,No,No,No,Si,Month-to-month,No,Cheque,78.65,78.65,Si
DT-1559,Masculino,0,No,No,19,No,No Servicio Telef nico,DSL,No,No,No,No,No,No,Month-to-month,Si,Transferencia Bancaria,25.15,468.35,No
MI-4797,Masculino,0,Si,Si,7,Si,No,No,No internet service,No internet service,No internet service,No internet service,No internet service,No internet service,Month-to-month,Si,Transferencia Bancaria,20.25,174.7,No
UW-6959,Masculino,0,No,No,1,Si,No,DSL,No,No,No,No,No,No,Month-to-month,Si,Cheque,42.9,42.9,Si
RQ-8720,Masculino,1,No,No,1,Si,No,DSL,No,No,No,No,No,No,Month-to-month,No,Cheque,44,44,No
CI-4537,Femenino,0,Si,Si,9,Si,No,No,No internet service,No internet service,No internet service,No internet service,No internet service,No internet service,One year,No,Deposito bancario,20.25,172.35,No
SL-3815,Femenino,0,No,No,3,No,No Servicio Telef nico,DSL,Si,No,No,Si,No,No,Month-to-month,No,Deposito bancario,34.25,139.35,Si
VE-5154,Femenino,0,No,No,9,No,No Servicio Telef nico,DSL,Si,No,Si,Si,Si,Si,Month-to-month,No,Deposito bancario,58.5,539.85,Si
AH-4324,Femenino,0,No,No,5,Si,No,DSL,Si,No,Si,No,No,No,Month-to-month,No,Tarjeta de Credito,55.8,300.4,No
CV-4355,Femenino,0,Si,Si,56,Si,No,Fiber optic,No,No,No,No,Si,Si,One year,No,Transferencia Bancaria,88.9,4968,No
LH-4495,Femenino,0,No,Si,18,Si,Si,DSL,Si,No,No,No,No,No,Month-to-month,No,Deposito bancario,57.65,992.7,No
JS-5655,Masculino,1,No,No,49,Si,Si,Fiber optic,No,No,No,No,Si,Si,Month-to-month,Si,Cheque,96.2,4718.25,Si
AN-5915,Masculino,0,Si,No,70,Si,Si,DSL,Si,Si,Si,Si,Si,No,Two year,No,Deposito bancario,79.15,5536.5,No
PD-9861,Femenino,0,No,No,72,Si,Si,Fiber optic,No,Si,Si,Si,Si,Si,Two year,Si,Tarjeta de Credito,108.05,7806.6,No
EX-4505,Femenino,1,No,No,6,Si,No,Fiber optic,No,No,Si,No,No,No,Month-to-month,No,Cheque,74.4,434.1,Si
CB-7225,Masculino,1,Si,No,17,Si,Si,Fiber optic,No,No,No,No,Si,Si,Month-to-month,Si,Cheque,94.8,1563.9,No
UT-6704,Masculino,0,Si,No,29,No,No Servicio Telef nico,DSL,No,No,No,No,Si,Si,Month-to-month,Si,Cheque,45.9,1332.4,No
VV-4587,Femenino,0,Si,No,6,Si,Si,Fiber optic,No,Si,Si,No,Si,Si,Month-to-month,Si,Cheque,105.3,545.2,Si
HD-2019,Masculino,0,Si,No,63,Si,Si,Fiber optic,No,No,Si,No,Si,Si,Two year,No,Cheque,102.6,6296.75,No
NN-4652,Masculino,0,Si,No,16,Si,Si,Fiber optic,No,No,No,No,No,No,Month-to-month,Si,Transferencia Bancaria,73.85,1284.2,Si
DO-8788,Masculino,0,No,No,59,Si,No,DSL,No,No,Si,No,No,Si,One year,Si,Transferencia Bancaria,61.35,3645.5,No
JL-7404,Femenino,0,No,No,3,Si,No,DSL,No,No,Si,No,Si,No,Month-to-month,No,Cheque,57.55,161.45,No
ZL-7421,Femenino,0,No,No,8,No,No Servicio Telef nico,DSL,No,Si,No,No,No,No,Month-to-month,Si,Deposito bancario,29.25,226.95,No
HJ-8972,Femenino,1,Si,No,7,Si,Si,Fiber optic,No,No,No,No,No,Si,Month-to-month,Si,Cheque,84.55,646.85,Si
NS-3274,Femenino,0,No,No,68,Si,No,No,No internet service,No internet service,No internet service,No internet service,No internet service,No internet service,Two year,No,Tarjeta de Credito,19.6,1441.65,No
IV-2632,Femenino,0,Si,Si,68,Si,Si,Fiber optic,Si,No,Si,Si,Si,Si,Two year,No,Tarjeta de Credito,111.75,7511.3,No
JH-3692,Femenino,1,Si,No,52,Si,Si,Fiber optic,No,Si,Si,No,Si,Si,One year,Si,Cheque,106.5,5621.85,No
NN-8915,Masculino,0,Si,Si,72,Si,Si,Fiber optic,Si,Si,No,Si,Si,Si,Two year,Si,Tarjeta de Credito,107.7,7919.8,No
GX-5914,Femenino,0,Si,No,32,Si,No,No,No internet service,No internet service,No internet service,No internet service,No internet service,No internet service,One year,No,Deposito bancario,19.3,593.2,No
IF-7463,Femenino,0,Si,No,72,Si,No,No,No internet service,No internet service,No internet service,No internet service,No internet service,No internet service,Two year,No,Transferencia Bancaria,20.05,1423.65,No
RN-2920,Masculino,0,Si,Si,1,Si,No,Fiber optic,No,No,No,No,No,No,Month-to-month,Si,Tarjeta de Credito,69.95,69.95,No
YG-2541,Masculino,0,Si,Si,42,Si,No,DSL,Si,No,No,Si,No,Si,One year,No,Tarjeta de Credito,63.7,2763.35,No
OC-8515,Femenino,0,No,No,25,Si,Si,No,No internet service,No internet service,No internet service,No internet service,No internet service,No internet service,Two year,No,Tarjeta de Credito,24.75,692.1,Si
TE-5382,Masculino,0,No,No,45,Si,No,DSL,Si,No,No,No,No,No,Month-to-month,Si,Transferencia Bancaria,50.9,2298.55,No
CG-3441,Femenino,0,Si,Si,43,No,No Servicio Telef nico,DSL,Si,No,Si,Si,Si,Si,One year,Si,Tarjeta de Credito,60.4,2640.55,No
ER-9592,Masculino,0,Si,No,37,Si,Si,DSL,Si,No,Si,No,Si,Si,One year,No,Deposito bancario,79.25,2911.8,No
RA-2860,Femenino,1,No,No,20,Si,Si,Fiber optic,No,No,No,No,No,Si,Month-to-month,Si,Tarjeta de Credito,85.8,1727.5,Si
QS-5261,Femenino,0,No,No,4,No,No Servicio Telef nico,DSL,No,No,No,No,No,No,Month-to-month,Si,Cheque,24.45,86.6,Si
IZ-4778,Masculino,0,Si,No,63,Si,No,Fiber optic,Si,Si,Si,Si,Si,Si,Two year,Si,Tarjeta de Credito,110.1,6705.7,No
CA-0432,Masculino,0,No,No,3,Si,No,Fiber optic,No,No,No,No,Si,Si,Month-to-month,No,Deposito bancario,90.7,237.65,No
LZ-7008,Masculino,0,Si,Si,66,Si,Si,No,No internet service,No internet service,No internet service,No internet service,No internet service,No internet service,Two year,Si,Tarjeta de Credito,25.3,1672.35,No
WO-8868,Masculino,0,No,No,28,Si,Si,Fiber optic,No,Si,Si,No,Si,Si,Month-to-month,Si,Cheque,105.7,2979.5,Si
TU-1200,Femenino,1,No,No,8,Si,Si,Fiber optic,No,No,No,No,No,Si,Month-to-month,No,Cheque,85.2,695.75,No
CS-9365,Masculino,0,No,Si,71,Si,Si,No,No internet service,No internet service,No internet service,No internet service,No internet service,No internet service,Two year,No,Deposito bancario,24.35,1654.6,No
FJ-1334,Masculino,0,No,No,1,No,No Servicio Telef nico,DSL,No,No,No,No,No,No,Month-to-month,Si,Cheque,24.25,24.25,Si
FB-5884,Femenino,0,Si,Si,72,Si,Si,No,No internet service,No internet service,No internet service,No internet service,No internet service,No internet service,Two year,No,Transferencia Bancaria,25.1,1857.85,No
CT-7130,Masculino,1,Si,No,16,Si,No,DSL,Si,Si,No,No,No,No,Month-to-month,Si,Transferencia Bancaria,54.55,825.1,No
FE-6242,Masculino,0,Si,No,66,Si,Si,Fiber optic,Si,Si,Si,Si,No,No,Two year,No,Deposito bancario,96.6,6424.25,No
XC-7625,Femenino,0,No,No,11,Si,Si,Fiber optic,No,No,No,No,No,No,Month-to-month,Si,Cheque,76.5,837.95,Si
HB-6194,Masculino,0,No,No,51,Si,Si,DSL,Si,Si,Si,Si,Si,No,One year,Si,Tarjeta de Credito,81.15,4126.2,No
WS-7634,Femenino,0,No,Si,8,No,No Servicio Telef nico,DSL,Si,No,No,No,No,Si,Month-to-month,Si,Cheque,38.5,330.8,No
IX-6986,Masculino,0,No,No,14,Si,No,Fiber optic,No,No,No,No,Si,Si,Month-to-month,Si,Cheque,92.9,1337.45,No
TV-1731,Femenino,0,No,No,4,Si,Si,Fiber optic,No,Si,No,Si,No,Si,Month-to-month,Si,Cheque,93.5,362.2,Si
BJ-2987,Femenino,0,No,No,70,Si,Si,DSL,Si,Si,Si,No,Si,Si,Two year,No,Deposito bancario,84.7,5991.05,No
TS-9769,Femenino,0,No,Si,70,Si,Si,DSL,Si,Si,No,Si,No,No,Two year,No,Cheque,66,4891.5,No
BP-0406,Femenino,1,Si,No,54,Si,Si,Fiber optic,No,Si,No,No,Si,Si,One year,Si,Tarjeta de Credito,101.5,5373.1,Si
XW-0618,Masculino,0,No,Si,28,Si,No,Fiber optic,Si,No,No,No,No,No,Month-to-month,Si,Transferencia Bancaria,74.9,2068.55,Si
WS-1395,Masculino,0,No,No,24,Si,No,No,No internet service,No internet service,No internet service,No internet service,No internet service,No internet service,Two year,No,Deposito bancario,20.75,487.05,No
GS-6023,Femenino,0,Si,No,69,Si,No,DSL,No,Si,No,No,No,Si,Two year,Si,Tarjeta de Credito,61.45,4131.2,No
AP-6752,Masculino,0,Si,Si,42,Si,No,DSL,Si,Si,No,No,No,No,Month-to-month,No,Deposito bancario,54.5,2301.15,No
KQ-5276,Femenino,1,No,No,2,Si,No,Fiber optic,No,No,No,No,No,No,Month-to-month,Si,Cheque,69.6,131.65,Si
HL-0420,Femenino,1,No,No,39,Si,Si,Fiber optic,No,No,Si,No,Si,Si,Month-to-month,Si,Cheque,99.75,4036,No
KQ-7446,Masculino,0,Si,Si,45,Si,Si,Fiber optic,No,Si,Si,Si,Si,Si,Two year,Si,Transferencia Bancaria,109.75,4900.65,No
EA-9823,Masculino,0,Si,Si,72,Si,Si,DSL,Si,Si,Si,Si,Si,No,Two year,Si,Transferencia Bancaria,80.85,5727.45,No
AV-0582,Femenino,0,No,No,38,Si,No,No,No internet service,No internet service,No internet service,No internet service,No internet service,No internet service,Two year,No,Deposito bancario,20.3,743.05,No
NQ-5803,Masculino,0,Si,No,72,Si,Si,DSL,Si,Si,Si,Si,No,No,Two year,Si,Transferencia Bancaria,67.8,4804.65,No
JS-2565,Masculino,0,No,No,1,Si,Si,No,No internet service,No internet service,No internet service,No internet service,No internet service,No internet service,Month-to-month,Si,Deposito bancario,24.05,24.05,Si
DH-2607,Masculino,0,Si,Si,72,Si,No,No,No internet service,No internet service,No internet service,No internet service,No internet service,No internet service,Two year,Si,Tarjeta de Credito,19.8,1414.65,No
XX-1073,Masculino,0,Si,No,55,Si,Si,No,No internet service,No internet service,No internet service,No internet service,No internet service,No internet service,Two year,No,Transferencia Bancaria,25.7,1443.65,No
HR-0743,Femenino,0,Si,Si,51,No,No Servicio Telef nico,DSL,No,No,Si,Si,Si,Si,One year,Si,Cheque,56.15,2898.95,No
HK-4006,Masculino,0,No,No,63,Si,No,DSL,Si,Si,Si,Si,Si,Si,Two year,Si,Transferencia Bancaria,86.7,5309.5,No
JE-3727,Femenino,0,No,No,1,Si,No,No,No internet service,No internet service,No internet service,No internet service,No internet service,No internet service,Month-to-month,No,Deposito bancario,20.4,20.4,No
ET-8143,Femenino,0,Si,Si,23,Si,No,No,No internet service,No internet service,No internet service,No internet service,No internet service,No internet service,Two year,Si,Deposito bancario,19.65,451.55,No
KX-6689,Femenino,0,No,No,1,Si,No,DSL,No,Si,No,No,No,No,Month-to-month,No,Cheque,50.55,50.55,Si
TK-9667,Femenino,0,No,No,2,Si,Si,DSL,No,No,No,Si,No,No,Month-to-month,Si,Deposito bancario,54.35,117.05,No
CO-3657,Femenino,1,No,No,52,Si,Si,Fiber optic,Si,Si,Si,No,Si,Si,Month-to-month,No,Tarjeta de Credito,108.1,5839.3,No
KL-8570,Femenino,0,No,No,36,Si,Si,DSL,Si,No,No,No,No,No,One year,No,Deposito bancario,54.45,1893.5,No
IX-7754,Femenino,0,No,No,1,Si,No,DSL,No,No,No,No,No,No,Month-to-month,No,Deposito bancario,45.35,45.35,No
CB-9473,Femenino,0,No,No,28,Si,Si,DSL,Si,No,Si,No,No,No,One year,No,Deposito bancario,59,1654.45,No
WG-2969,Femenino,0,Si,Si,7,Si,No,DSL,Si,Si,Si,No,Si,No,One year,No,Cheque,69.45,477.05,No
NG-6615,Masculino,0,No,No,14,Si,Si,Fiber optic,No,Si,No,No,Si,Si,Month-to-month,Si,Cheque,100.55,1415.55,Si
HO-4334,Masculino,1,Si,No,72,No,No Servicio Telef nico,DSL,Si,Si,Si,Si,Si,Si,Two year,Si,Tarjeta de Credito,64.95,4546,No
DD-4255,Femenino,0,Si,Si,1,Si,No,No,No internet service,No internet service,No internet service,No internet service,No internet service,No internet service,Month-to-month,Si,Deposito bancario,20.5,20.5,Si
OO-5863,Femenino,0,No,No,10,Si,No,No,No internet service,No internet service,No internet service,No internet service,No internet service,No internet service,Month-to-month,No,Deposito bancario,18.85,163.2,No
ST-1686,Masculino,0,No,No,42,Si,No,No,No internet service,No internet service,No internet service,No internet service,No internet service,No internet service,One year,No,Transferencia Bancaria,19.8,849.9,No
VH-1329,Femenino,0,No,No,7,No,No Servicio Telef nico,DSL,No,No,No,No,No,No,Month-to-month,No,Transferencia Bancaria,25.05,189.95,No
MI-2984,Masculino,0,No,No,4,Si,No,Fiber optic,No,No,Si,No,No,No,Month-to-month,Si,Transferencia Bancaria,74.8,321.9,Si
GM-0266,Masculino,0,Si,Si,72,Si,Si,Fiber optic,Si,Si,Si,Si,Si,Si,Two year,Si,Tarjeta de Credito,114.3,8058.55,No
YR-5590,Femenino,0,Si,No,20,No,No Servicio Telef nico,DSL,No,No,No,No,No,No,Month-to-month,Si,Cheque,24.45,482.8,Si
NX-5574,Masculino,0,No,No,63,Si,No,Fiber optic,Si,Si,Si,Si,Si,Si,Two year,No,Tarjeta de Credito,109.2,7049.75,No
GF-0019,Femenino,0,No,No,56,No,No Servicio Telef nico,DSL,Si,Si,Si,Si,No,No,Two year,No,Transferencia Bancaria,45.05,2560.1,No
ZW-4256,Femenino,0,No,Si,5,Si,No,DSL,No,No,No,Si,No,No,Month-to-month,Si,Deposito bancario,51,286.8,No
PP-8309,Femenino,0,Si,No,72,Si,Si,Fiber optic,No,Si,Si,Si,Si,Si,Two year,Si,Transferencia Bancaria,110.45,7982.5,No
NA-4098,Masculino,1,Si,Si,68,Si,Si,Fiber optic,No,Si,Si,No,No,No,Month-to-month,Si,Cheque,84.65,5683.6,No
WP-5196,Masculino,0,Si,Si,67,Si,No,DSL,Si,Si,No,Si,No,No,One year,No,Deposito bancario,60.05,3994.05,No
LC-4608,Masculino,0,Si,Si,8,Si,No,DSL,No,No,No,No,No,No,Month-to-month,No,Transferencia Bancaria,44.65,369.15,No
YD-1485,Masculino,0,Si,Si,52,Si,Si,Fiber optic,No,Si,No,Si,No,Si,Month-to-month,Si,Transferencia Bancaria,93.25,4631.7,No
CU-4054,Femenino,0,Si,Si,18,Si,No,No,No internet service,No internet service,No internet service,No internet service,No internet service,No internet service,Month-to-month,Si,Deposito bancario,20.25,401.95,No
TP-0603,Femenino,0,Si,Si,59,Si,Si,No,No internet service,No internet service,No internet service,No internet service,No internet service,No internet service,Two year,No,Deposito bancario,25.45,1534.05,No
GV-2525,Femenino,0,No,No,60,Si,No,No,No internet service,No internet service,No internet service,No internet service,No internet service,No internet service,Two year,No,Deposito bancario,20.6,1093,No
QY-8161,Masculino,0,No,No,7,Si,Si,Fiber optic,No,No,No,No,Si,Si,Month-to-month,Si,Cheque,94.1,701.3,No
GV-9581,Masculino,0,Si,Si,59,No,No Servicio Telef nico,DSL,Si,No,Si,No,No,No,One year,No,Deposito bancario,34.8,1980.3,No
BR-5862,Masculino,0,No,No,46,No,No Servicio Telef nico,DSL,Si,No,Si,Si,Si,Si,Two year,Si,Transferencia Bancaria,60.75,2893.4,No
GG-5404,Masculino,0,No,No,5,Si,No,DSL,No,Si,No,No,No,No,Month-to-month,Si,Cheque,51.35,262.3,No
JS-3308,Masculino,1,Si,No,59,No,No Servicio Telef nico,DSL,Si,No,Si,Si,Si,Si,Two year,Si,Tarjeta de Credito,64.05,3886.85,No
GS-2126,Femenino,0,Si,No,70,Si,Si,DSL,No,Si,Si,Si,Si,Si,Two year,Si,Transferencia Bancaria,84.8,5917.55,No
TN-3677,Femenino,0,No,No,14,Si,No,Fiber optic,No,No,No,No,No,No,Month-to-month,Si,Tarjeta de Credito,71,914,Si
QE-0440,Femenino,0,No,No,44,Si,Si,DSL,No,No,No,No,No,No,Month-to-month,Si,Deposito bancario,50.15,2139.1,No
EE-2434,Femenino,0,Si,No,64,Si,Si,Fiber optic,Si,No,Si,No,Si,No,Two year,Si,Tarjeta de Credito,94.6,5948.7,No
QV-6762,Femenino,0,Si,Si,58,No,No Servicio Telef nico,DSL,Si,No,Si,Si,Si,Si,Two year,No,Deposito bancario,59.75,3624.35,No
IW-6199,Femenino,1,Si,No,46,Si,Si,Fiber optic,No,No,No,Si,Si,Si,One year,No,Cheque,100.25,4753.85,No
DH-2675,Masculino,1,Si,No,58,Si,Si,Fiber optic,No,Si,No,No,Si,Si,Month-to-month,Si,Cheque,98.9,5780.7,No
VE-8152,Femenino,0,Si,No,72,Si,Si,Fiber optic,No,Si,No,No,Si,Si,Two year,Si,Tarjeta de Credito,97.7,6869.7,No
EQ-9667,Femenino,1,No,No,30,No,No Servicio Telef nico,DSL,No,No,Si,No,Si,No,Month-to-month,Si,Cheque,40.3,1172.95,Si
YP-7446,Masculino,1,No,No,11,Si,Si,DSL,Si,Si,No,No,No,No,Month-to-month,No,Transferencia Bancaria,60.25,662.95,No
BN-9522,Femenino,1,No,No,34,No,No Servicio Telef nico,DSL,No,Si,Si,No,Si,Si,Month-to-month,Si,Cheque,56.25,1765.95,No
WL-4676,Masculino,0,No,No,54,No,No Servicio Telef nico,DSL,Si,Si,No,No,No,Si,Two year,No,Transferencia Bancaria,46.2,2431.95,No
WD-3329,Femenino,0,No,No,3,No,No Servicio Telef nico,DSL,No,Si,No,No,Si,Si,Month-to-month,Si,Cheque,50.6,155.35,Si
MH-7980,Femenino,0,Si,Si,72,Si,Si,No,No internet service,No internet service,No internet service,No internet service,No internet service,No internet service,Two year,No,Deposito bancario,24.9,1859.2,No
ZL-2873,Femenino,0,Si,Si,40,Si,Si,Fiber optic,No,No,Si,Si,No,No,Month-to-month,Si,Cheque,84.85,3303.05,Si
TA-3415,Femenino,0,Si,Si,2,Si,No,DSL,No,No,No,No,Si,Si,Month-to-month,No,Deposito bancario,65.7,134.35,Si
WC-0757,Masculino,0,Si,Si,54,Si,Si,DSL,No,No,Si,No,No,Si,Two year,No,Tarjeta de Credito,63.35,3409.1,No
DQ-1629,Femenino,0,No,No,14,Si,No,DSL,Si,No,No,No,No,No,Month-to-month,No,Transferencia Bancaria,50.1,709.5,No
IO-1915,Femenino,0,No,No,1,Si,No,Fiber optic,No,No,No,No,No,No,Month-to-month,No,Cheque,70.5,70.5,Si
XE-3045,Femenino,0,No,No,10,Si,Si,Fiber optic,No,Si,Si,No,No,Si,Month-to-month,Si,Cheque,94.85,953.45,Si
AA-0374,Femenino,0,No,No,1,Si,No,DSL,Si,No,No,No,No,No,Month-to-month,No,Cheque,50.15,50.15,No
HZ-7239,Masculino,0,No,No,1,Si,No,No,No internet service,No internet service,No internet service,No internet service,No internet service,No internet service,Month-to-month,No,Deposito bancario,19.75,19.75,Si
VX-4872,Masculino,0,No,No,56,Si,Si,DSL,Si,Si,No,Si,No,No,One year,Si,Transferencia Bancaria,64.65,3665.55,No
CZ-9140,Femenino,0,Si,No,68,Si,No,DSL,Si,Si,No,Si,Si,Si,Two year,Si,Transferencia Bancaria,79.6,5515.8,No
HH-3423,Femenino,0,Si,Si,14,Si,No,No,No internet service,No internet service,No internet service,No internet service,No internet service,No internet service,One year,Si,Deposito bancario,19.5,272,No
TK-9938,Masculino,0,Si,Si,68,Si,No,Fiber optic,Si,No,No,Si,Si,Si,Two year,Si,Cheque,99.55,6668,No
ZZ-0531,Masculino,1,Si,No,55,Si,Si,Fiber optic,No,No,No,No,No,No,Month-to-month,Si,Cheque,74,4052.4,No
QL-6537,Femenino,0,No,No,16,No,No Servicio Telef nico,DSL,Si,No,No,No,Si,No,Month-to-month,Si,Cheque,38.9,664.4,No
BH-2688,Masculino,1,No,No,9,Si,No,Fiber optic,No,No,No,No,No,Si,Month-to-month,Si,Cheque,79.55,718.55,No
CB-7683,Masculino,0,Si,Si,14,Si,No,DSL,Si,Si,No,No,Si,No,Month-to-month,Si,Cheque,65.45,937.6,Si
CL-0946,Masculino,1,Si,No,58,Si,Si,Fiber optic,No,No,Si,No,Si,Si,Month-to-month,Si,Cheque,98.7,5812.6,Si
TY-3160,Masculino,0,No,No,53,No,No Servicio Telef nico,DSL,Si,Si,No,No,No,Si,Month-to-month,Si,Transferencia Bancaria,46.3,2546.85,No
US-1325,Masculino,0,Si,No,70,Si,Si,Fiber optic,Si,Si,Si,No,Si,No,Two year,Si,Tarjeta de Credito,99.35,6944.5,No
QO-0916,Femenino,1,Si,Si,14,Si,Si,Fiber optic,No,No,No,No,Si,Si,Month-to-month,Si,Cheque,95.8,1346.3,No
CN-0628,Masculino,0,Si,Si,22,Si,No,DSL,Si,No,Si,Si,Si,No,One year,Si,Transferencia Bancaria,67.5,1544.05,Si
AM-5606,Femenino,0,Si,No,10,Si,Si,Fiber optic,Si,No,No,No,No,No,Month-to-month,Si,Tarjeta de Credito,78.15,765.15,No
IP-6199,Femenino,0,Si,Si,29,Si,Si,No,No internet service,No internet service,No internet service,No internet service,No internet service,No internet service,Two year,No,Deposito bancario,26.1,692.55,No
TO-7665,Femenino,0,No,No,1,Si,No,Fiber optic,No,No,No,No,No,No,Month-to-month,Si,Cheque,69.6,69.6,Si
QW-0112,Masculino,0,Si,No,49,Si,Si,DSL,Si,No,Si,Si,Si,Si,One year,No,Cheque,84.35,4059.35,Si
BR-0324,Femenino,1,Si,No,68,Si,Si,Fiber optic,No,Si,No,No,Si,Si,Month-to-month,Si,Cheque,100.2,6851.65,Si
PH-2777,Femenino,0,No,No,1,Si,No,Fiber optic,No,No,No,No,Si,No,Month-to-month,No,Cheque,78.05,78.05,Si
CA-5640,Femenino,0,No,No,30,No,No Servicio Telef nico,DSL,No,No,No,Si,No,Si,One year,Si,Tarjeta de Credito,40.35,1187.05,No
EZ-2235,Femenino,0,Si,No,72,Si,Si,DSL,Si,Si,Si,Si,Si,No,Two year,No,Tarjeta de Credito,79.2,5401.9,No
BA-3847,Femenino,0,No,No,10,Si,No,No,No internet service,No internet service,No internet service,No internet service,No internet service,No internet service,Month-to-month,Si,Deposito bancario,20.9,247,No
AM-1196,Masculino,0,No,No,7,Si,Si,Fiber optic,No,No,No,No,No,No,Month-to-month,No,Cheque,73.6,520,Si
YM-4282,Femenino,0,No,No,9,Si,Si,Fiber optic,No,No,No,No,No,No,Month-to-month,Si,Cheque,74.75,706.6,Si
RZ-1453,Femenino,0,No,Si,1,Si,No,DSL,Si,No,No,No,No,No,Month-to-month,No,Deposito bancario,49.9,49.9,No
OK-8263,Femenino,0,No,No,20,Si,Si,DSL,No,Si,No,Si,No,Si,Month-to-month,Si,Tarjeta de Credito,68.9,1370.35,No
KD-0670,Femenino,0,No,No,1,Si,No,No,No internet service,No internet service,No internet service,No internet service,No internet service,No internet service,Month-to-month,Si,Deposito bancario,20.25,20.25,No
YG-2476,Femenino,0,No,No,29,Si,Si,Fiber optic,No,No,No,No,No,No,Month-to-month,Si,Tarjeta de Credito,76,2215.25,No
BA-8687,Masculino,0,No,No,1,Si,No,Fiber optic,No,No,No,Si,No,No,Month-to-month,No,Cheque,74,74,No
EV-0641,Masculino,0,No,No,3,Si,No,Fiber optic,Si,No,No,Si,No,No,Month-to-month,Si,Deposito bancario,82.3,214.4,No
XX-0829,Femenino,0,No,No,20,Si,No,Fiber optic,Si,No,Si,No,Si,No,Month-to-month,Si,Transferencia Bancaria,89.4,1871.15,No
JF-9974,Masculino,0,No,Si,64,Si,No,Fiber optic,No,Si,No,Si,Si,Si,Month-to-month,Si,Tarjeta de Credito,99.15,6171.2,No
RH-5356,Masculino,0,No,No,1,Si,No,No,No internet service,No internet service,No internet service,No internet service,No internet service,No internet service,Month-to-month,Si,Deposito bancario,20.2,20.2,Si
JD-6624,Femenino,0,No,No,6,No,No Servicio Telef nico,DSL,Si,No,No,No,No,No,Month-to-month,No,Transferencia Bancaria,29.45,161.45,No
JD-0608,Masculino,0,Si,No,50,Si,No,No,No internet service,No internet service,No internet service,No internet service,No internet service,No internet service,Two year,No,Cheque,19.8,1013.2,No
FK-9780,Masculino,0,No,No,6,Si,No,DSL,Si,No,No,No,No,Si,Month-to-month,Si,Transferencia Bancaria,59.15,336.7,No
RT-1919,Masculino,0,Si,Si,7,Si,No,DSL,No,No,No,No,No,No,Month-to-month,No,Cheque,44.75,333.65,No
NL-5214,Masculino,0,Si,Si,72,Si,Si,Fiber optic,No,No,Si,No,No,Si,Two year,Si,Tarjeta de Credito,90.8,6511.8,No
PB-3345,Masculino,0,Si,No,8,Si,No,DSL,No,Si,No,No,No,No,Month-to-month,Si,Transferencia Bancaria,49.55,393.45,No
BR-5055,Femenino,0,Si,Si,67,Si,Si,Fiber optic,Si,No,No,Si,Si,Si,Two year,No,Tarjeta de Credito,106.7,7009.5,No
JW-9189,Femenino,1,Si,No,24,Si,Si,Fiber optic,No,No,No,No,Si,Si,Month-to-month,Si,Cheque,93.55,2264.05,Si
PH-2190,Femenino,0,Si,No,72,Si,Si,Fiber optic,Si,Si,No,No,No,Si,Two year,Si,Tarjeta de Credito,94.45,6921.7,No
GY-2650,Masculino,0,Si,Si,33,Si,No,No,No internet service,No internet service,No internet service,No internet service,No internet service,No internet service,One year,Si,Transferencia Bancaria,19.45,600.25,No
JT-0746,Masculino,0,No,No,2,No,No Servicio Telef nico,DSL,No,No,No,No,No,No,Month-to-month,Si,Cheque,25.05,56.35,Si
FV-5208,Masculino,0,Si,No,70,Si,No,DSL,Si,Si,No,Si,No,Si,Two year,No,Deposito bancario,67.95,4664.15,No
LR-7184,Femenino,0,No,No,22,Si,No,DSL,No,Si,Si,No,Si,No,One year,No,Transferencia Bancaria,65.25,1441.8,No
CF-6627,Femenino,0,No,No,59,Si,Si,Fiber optic,Si,Si,Si,No,No,Si,Month-to-month,Si,Transferencia Bancaria,99.45,5623.7,No
JG-3982,Masculino,0,No,No,36,Si,No,No,No internet service,No internet service,No internet service,No internet service,No internet service,No internet service,One year,Si,Tarjeta de Credito,20.35,695.85,No
DY-1574,Femenino,0,Si,Si,51,Si,No,No,No internet service,No internet service,No internet service,No internet service,No internet service,No internet service,Two year,No,Deposito bancario,19.95,1028.75,No
XO-7247,Masculino,0,Si,No,53,Si,Si,DSL,Si,No,Si,Si,Si,No,One year,No,Transferencia Bancaria,77.4,4155.95,No
FC-2466,Femenino,0,Si,Si,20,Si,No,No,No internet service,No internet service,No internet service,No internet service,No internet service,No internet service,One year,No,Transferencia Bancaria,19.7,395.6,No
WW-6211,Masculino,0,Si,No,63,Si,No,Fiber optic,Si,No,Si,No,Si,Si,Two year,No,Tarjeta de Credito,99.7,6330.4,No
TZ-4826,Femenino,0,No,No,40,Si,No,Fiber optic,No,Si,No,No,No,No,Month-to-month,No,Tarjeta de Credito,74.8,2971.7,No
NX-6016,Masculino,0,No,No,35,Si,No,No,No internet service,No internet service,No internet service,No internet service,No internet service,No internet service,One year,Si,Deposito bancario,19.15,638,No
EF-9138,Masculino,0,Si,Si,26,Si,No,Fiber optic,No,No,No,No,No,Si,One year,No,Transferencia Bancaria,78.95,2034.25,No
WN-0576,Masculino,1,Si,No,27,Si,Si,Fiber optic,No,Si,Si,No,No,Si,Month-to-month,Si,Cheque,95.55,2510.2,Si
XJ-4632,Masculino,0,No,Si,53,Si,No,DSL,Si,Si,No,Si,No,No,One year,No,Tarjeta de Credito,62.85,3419.5,No
LE-8910,Masculino,1,Si,No,34,Si,No,Fiber optic,No,No,No,No,No,No,Month-to-month,No,Tarjeta de Credito,71.55,2427.35,No
GW-3452,Femenino,1,Si,No,19,Si,Si,Fiber optic,No,No,No,No,Si,Si,Month-to-month,Si,Cheque,94.95,1760.25,No
GF-2716,Masculino,0,Si,No,43,Si,No,Fiber optic,Si,Si,Si,No,No,No,Month-to-month,Si,Tarjeta de Credito,86.1,3551.65,No
UC-3724,Masculino,0,Si,Si,6,Si,No,No,No internet service,No internet service,No internet service,No internet service,No internet service,No internet service,Month-to-month,No,Deposito bancario,19.55,122.9,No
XH-8626,Masculino,0,No,Si,56,Si,Si,No,No internet service,No internet service,No internet service,No internet service,No internet service,No internet service,Two year,Si,Deposito bancario,24.8,1424.2,No
CT-4628,Masculino,0,No,No,57,No,No Servicio Telef nico,DSL,No,Si,No,No,Si,No,Month-to-month,Si,Cheque,39.3,2111.45,Si
LN-3192,Masculino,0,Si,Si,34,Si,No,Fiber optic,No,No,Si,No,Si,No,Month-to-month,Si,Deposito bancario,84.05,2909.95,No
YR-4439,Femenino,0,No,No,10,No,No Servicio Telef nico,DSL,No,Si,No,Si,No,No,Month-to-month,No,Cheque,36.25,374,No
VB-2876,Femenino,0,No,No,1,Si,No,No,No internet service,No internet service,No internet service,No internet service,No internet service,No internet service,Month-to-month,Si,Deposito bancario,20.25,20.25,Si
NX-6834,Femenino,0,No,No,13,No,No Servicio Telef nico,DSL,No,No,No,No,No,No,Month-to-month,Si,Cheque,23.9,300.8,Si
UG-2208,Masculino,0,No,No,56,Si,Si,Fiber optic,No,Si,No,No,Si,Si,Month-to-month,No,Cheque,98.6,5581.05,No
TY-3005,Femenino,0,Si,No,55,Si,Si,Fiber optic,No,Si,Si,No,Si,Si,Month-to-month,Si,Tarjeta de Credito,103.65,5676.65,No
ME-8670,Femenino,0,Si,Si,36,Si,Si,DSL,Si,Si,Si,Si,Si,Si,Two year,Si,Tarjeta de Credito,92.9,3379.25,No
BC-3079,Masculino,0,Si,No,47,Si,No,No,No internet service,No internet service,No internet service,No internet service,No internet service,No internet service,One year,No,Transferencia Bancaria,19.9,942.95,No
UN-7777,Femenino,0,Si,Si,12,Si,No,No,No internet service,No internet service,No internet service,No internet service,No internet service,No internet service,Month-to-month,Si,Tarjeta de Credito,20.1,232.4,No
GL-5597,Femenino,0,No,No,1,Si,No,Fiber optic,No,No,Si,No,Si,No,Month-to-month,Si,Cheque,85.45,85.45,Si
CK-7278,Masculino,1,No,No,24,Si,Si,Fiber optic,No,Si,No,No,No,No,Month-to-month,Si,Cheque,80.5,2088.45,No
MY-2748,Femenino,0,No,No,63,Si,Si,Fiber optic,No,Si,No,No,Si,Si,One year,No,Transferencia Bancaria,99.9,6137,Si
UY-8450,Femenino,1,No,No,35,No,No Servicio Telef nico,DSL,No,No,Si,No,Si,No,Month-to-month,Si,Cheque,39.85,1434.6,No
VA-2969,Femenino,0,No,No,67,Si,No,DSL,Si,Si,No,Si,No,No,One year,No,Tarjeta de Credito,60.5,3870,No
YC-4822,Masculino,0,No,No,25,Si,Si,Fiber optic,No,No,No,No,No,Si,Month-to-month,Si,Cheque,84.8,2043.45,Si
OQ-7181,Masculino,0,No,No,21,Si,Si,Fiber optic,Si,No,Si,No,Si,Si,Month-to-month,No,Deposito bancario,103.85,2215,No
UM-8474,Femenino,0,No,No,13,Si,No,DSL,Si,Si,No,Si,No,Si,Month-to-month,No,Transferencia Bancaria,67.8,842.25,No
PO-9821,Masculino,0,Si,No,35,Si,Si,Fiber optic,No,No,No,No,No,No,Month-to-month,Si,Cheque,75.2,2576.2,Si
FZ-3836,Masculino,1,Si,No,71,Si,Si,No,No internet service,No internet service,No internet service,No internet service,No internet service,No internet service,Two year,No,Transferencia Bancaria,24.85,1901,No
XM-9142,Femenino,0,No,No,29,Si,No,No,No internet service,No internet service,No internet service,No internet service,No internet service,No internet service,Month-to-month,No,Tarjeta de Credito,19.35,601.6,No
IL-6559,Masculino,0,Si,No,71,No,No Servicio Telef nico,DSL,No,Si,No,No,Si,Si,Two year,No,Cheque,49.35,3515.25,Si
QS-0187,Masculino,1,Si,No,7,Si,No,Fiber optic,No,No,No,No,Si,Si,Month-to-month,Si,Cheque,89,605.45,No
UD-7733,Femenino,1,No,No,57,No,No Servicio Telef nico,DSL,No,Si,Si,No,Si,Si,Month-to-month,Si,Cheque,55,3094.05,No
HW-2649,Masculino,0,Si,No,65,Si,Si,DSL,Si,No,Si,Si,No,Si,Two year,No,Transferencia Bancaria,76.15,4929.55,No
CH-5214,Masculino,0,No,No,27,Si,No,No,No internet service,No internet service,No internet service,No internet service,No internet service,No internet service,One year,No,Deposito bancario,20.3,595.05,No
CZ-4229,Masculino,0,No,No,6,Si,Si,Fiber optic,No,No,No,No,No,No,Month-to-month,Si,Cheque,74.9,469.8,Si
JL-6904,Femenino,1,No,No,72,Si,Si,Fiber optic,Si,Si,Si,Si,Si,Si,Two year,Si,Tarjeta de Credito,117.35,8436.25,No
BL-2465,Masculino,0,No,No,1,Si,No,No,No internet service,No internet service,No internet service,No internet service,No internet service,No internet service,Month-to-month,Si,Deposito bancario,19.75,19.75,No
VA-1685,Masculino,0,No,No,11,Si,No,DSL,No,No,No,No,No,No,Month-to-month,No,Tarjeta de Credito,45.2,492,No
EJ-8874,Masculino,0,Si,Si,39,Si,Si,No,No internet service,No internet service,No internet service,No internet service,No internet service,No internet service,Two year,No,Deposito bancario,25.2,987.95,No
YA-6917,Femenino,1,No,No,59,Si,Si,Fiber optic,Si,Si,Si,No,No,No,Month-to-month,Si,Cheque,89.75,5496.9,No
MU-5049,Masculino,0,No,No,26,Si,No,DSL,Si,No,No,Si,Si,Si,One year,No,Transferencia Bancaria,75,1908.35,No
WO-4223,Masculino,1,No,No,2,Si,No,DSL,No,No,Si,No,No,No,Month-to-month,No,Deposito bancario,49.95,107.1,No
MU-0769,Femenino,0,Si,Si,72,No,No Servicio Telef nico,DSL,Si,Si,Si,Si,Si,Si,Two year,No,Transferencia Bancaria,65.7,4575.35,No
VI-9253,Masculino,0,Si,No,65,Si,Si,DSL,Si,Si,Si,No,No,No,One year,No,Tarjeta de Credito,67.05,4309.55,No
FZ-7030,Masculino,0,Si,Si,72,Si,Si,Fiber optic,No,Si,Si,Si,Si,Si,Two year,No,Tarjeta de Credito,110.9,7922.75,No
YL-9741,Masculino,0,No,No,6,Si,Si,Fiber optic,No,No,No,Si,No,Si,Month-to-month,Si,Transferencia Bancaria,87.95,522.35,No
RY-5917,Masculino,1,No,No,32,Si,No,No,No internet service,No internet service,No internet service,No internet service,No internet service,No internet service,One year,No,Tarjeta de Credito,19.8,587.7,No
ZB-5120,Femenino,0,Si,No,50,Si,Si,DSL,No,No,Si,No,Si,Si,One year,No,Transferencia Bancaria,75.7,3876.2,No
BH-1194,Masculino,0,Si,No,61,No,No Servicio Telef nico,DSL,Si,No,Si,Si,Si,Si,Two year,Si,Deposito bancario,62.15,3778.85,No
MI-3663,Femenino,0,No,No,15,Si,No,Fiber optic,No,Si,Si,No,Si,Si,Month-to-month,Si,Cheque,101.25,1457.25,Si
QV-0906,Masculino,0,Si,No,72,Si,Si,Fiber optic,Si,Si,Si,Si,Si,Si,Two year,No,Transferencia Bancaria,115.15,8349.45,No
ZR-9025,Masculino,0,No,No,9,Si,No,No,No internet service,No internet service,No internet service,No internet service,No internet service,No internet service,Month-to-month,Si,Deposito bancario,18.95,185.6,Si
OE-1905,Femenino,0,No,No,1,Si,No,No,No internet service,No internet service,No internet service,No internet service,No internet service,No internet service,Month-to-month,No,Deposito bancario,19.5,19.5,No
GT-7858,Femenino,0,No,No,12,Si,Si,Fiber optic,No,No,No,No,No,Si,Month-to-month,Si,Cheque,86.55,1066.9,No
UC-3285,Femenino,0,No,No,37,No,No Servicio Telef nico,DSL,No,No,No,Si,No,No,Month-to-month,No,Tarjeta de Credito,28.6,973.55,Si
BS-6248,Masculino,0,Si,Si,61,Si,No,No,No internet service,No internet service,No internet service,No internet service,No internet service,No internet service,One year,No,Deposito bancario,20.4,1226.45,No
TF-4685,Masculino,0,Si,Si,18,Si,No,No,No internet service,No internet service,No internet service,No internet service,No internet service,No internet service,One year,No,Transferencia Bancaria,19.8,342.3,No
BT-3470,Masculino,0,No,Si,21,Si,No,DSL,No,No,No,No,No,No,Month-to-month,No,Deposito bancario,45.65,985.05,No
VF-1209,Masculino,0,Si,Si,68,No,No Servicio Telef nico,DSL,Si,Si,Si,Si,No,Si,Two year,Si,Deposito bancario,56.4,3948.45,No
DW-8224,Masculino,1,No,No,12,Si,Si,Fiber optic,No,No,No,No,No,No,Month-to-month,Si,Tarjeta de Credito,73.3,828.05,No
PL-5482,Femenino,1,No,No,2,No,No Servicio Telef nico,DSL,No,No,No,No,No,No,Month-to-month,No,Cheque,24.35,41.85,Si
DV-4553,Femenino,0,Si,No,62,Si,Si,Fiber optic,No,No,Si,No,Si,Si,Month-to-month,Si,Cheque,101.35,6164.7,No
OH-4902,Femenino,1,No,No,29,Si,Si,Fiber optic,No,No,No,Si,Si,Si,Month-to-month,No,Cheque,98.65,2862.75,Si
IA-6917,Masculino,0,No,Si,1,No,No Servicio Telef nico,DSL,No,Si,No,Si,No,No,Month-to-month,No,Deposito bancario,33.6,33.6,No
ZB-0495,Masculino,1,Si,No,5,Si,Si,Fiber optic,No,No,Si,No,No,No,Month-to-month,Si,Transferencia Bancaria,79.9,343.95,Si
RJ-8620,Femenino,0,No,No,1,Si,No,No,No internet service,No internet service,No internet service,No internet service,No internet service,No internet service,Month-to-month,No,Cheque,20.7,20.7,No
KP-7572,Masculino,0,No,Si,62,Si,Si,Fiber optic,No,No,Si,Si,Si,Si,Two year,Si,Cheque,104.05,6590.5,No
MA-2642,Femenino,0,Si,Si,36,Si,No,No,No internet service,No internet service,No internet service,No internet service,No internet service,No internet service,Two year,No,Transferencia Bancaria,20.25,717.95,No
CO-2357,Femenino,1,No,No,28,Si,Si,Fiber optic,No,No,Si,Si,Si,Si,Month-to-month,Si,Cheque,103.3,2890.65,Si
ZG-7103,Femenino,0,Si,Si,69,Si,Si,DSL,Si,Si,No,Si,Si,No,One year,No,Tarjeta de Credito,73.7,4885.85,No
GC-3737,Femenino,0,Si,No,11,Si,Si,Fiber optic,Si,No,No,Si,Si,No,Month-to-month,Si,Tarjeta de Credito,96.2,1222.05,Si
WK-2027,Femenino,0,Si,No,63,Si,Si,Fiber optic,No,Si,Si,Si,Si,Si,Month-to-month,Si,Cheque,108.75,6871.7,No
NA-7137,Masculino,0,No,No,23,Si,No,No,No internet service,No internet service,No internet service,No internet service,No internet service,No internet service,One year,No,Transferencia Bancaria,20.15,405.6,No
ZM-2428,Masculino,0,No,No,10,Si,No,No,No internet service,No internet service,No internet service,No internet service,No internet service,No internet service,Month-to-month,No,Tarjeta de Credito,19.75,208.25,No
VN-2961,Femenino,0,Si,No,71,Si,Si,No,No internet service,No internet service,No internet service,No internet service,No internet service,No internet service,Two year,Si,Tarjeta de Credito,25.95,1801.9,No
HN-1768,Femenino,1,No,No,45,Si,Si,DSL,Si,No,No,Si,No,Si,Month-to-month,Si,Cheque,70.05,3062.45,No
KQ-6963,Femenino,0,Si,Si,70,Si,Si,No,No internet service,No internet service,No internet service,No internet service,No internet service,No internet service,Two year,No,Deposito bancario,24.05,1764.75,No
RM-5934,Femenino,0,No,Si,22,Si,Si,Fiber optic,No,No,No,No,No,Si,Month-to-month,Si,Cheque,84.75,1816.75,No
BL-1207,Femenino,0,Si,Si,52,Si,Si,No,No internet service,No internet service,No internet service,No internet service,No internet service,No internet service,Two year,No,Deposito bancario,23.05,1255.1,No
YL-4088,Masculino,0,Si,No,55,Si,Si,Fiber optic,No,No,Si,Si,Si,Si,One year,Si,Cheque,104.15,5743.05,Si
BB-8316,Femenino,0,No,No,65,No,No Servicio Telef nico,DSL,Si,No,Si,Si,Si,Si,Two year,No,Tarjeta de Credito,59.95,3921.1,No
PQ-1166,Femenino,0,Si,Si,72,Si,No,No,No internet service,No internet service,No internet service,No internet service,No internet service,No internet service,Two year,No,Transferencia Bancaria,19.55,1463.45,No
JT-3146,Masculino,0,Si,No,10,Si,No,No,No internet service,No internet service,No internet service,No internet service,No internet service,No internet service,One year,No,Transferencia Bancaria,19.6,189.45,No
YZ-4291,Femenino,0,No,Si,7,Si,No,No,No internet service,No internet service,No internet service,No internet service,No internet service,No internet service,One year,No,Deposito bancario,20.05,96.8,No
PZ-4395,Masculino,1,No,No,5,Si,No,Fiber optic,No,Si,No,No,No,Si,Month-to-month,Si,Cheque,85.55,408.5,No
FE-6427,Femenino,0,Si,Si,24,Si,Si,DSL,Si,No,Si,No,Si,Si,Two year,No,Tarjeta de Credito,78.6,1846.65,No
IU-0017,Femenino,0,Si,Si,72,Si,Si,Fiber optic,Si,Si,Si,Si,Si,Si,Two year,Si,Tarjeta de Credito,116.8,8456.75,No
HR-8706,Masculino,0,No,No,21,No,No Servicio Telef nico,DSL,Si,No,No,Si,Si,No,Month-to-month,Si,Deposito bancario,43.55,1011.5,No
QO-9955,Masculino,0,Si,No,69,No,No Servicio Telef nico,DSL,No,Si,Si,Si,Si,Si,One year,Si,Tarjeta de Credito,60.8,4263.4,No
ZK-4385,Masculino,0,Si,Si,44,Si,No,DSL,No,Si,No,Si,No,No,Month-to-month,Si,Transferencia Bancaria,54.9,2549.1,No
DK-5446,Femenino,1,Si,Si,61,Si,Si,DSL,No,No,Si,No,Si,No,One year,Si,Cheque,65.2,3965.05,No
CG-2034,Masculino,1,No,No,24,Si,Si,Fiber optic,No,Si,Si,No,Si,Si,Month-to-month,Si,Tarjeta de Credito,102.95,2496.7,Si
AP-5797,Femenino,0,No,No,1,Si,No,Fiber optic,No,No,No,No,Si,Si,Month-to-month,No,Cheque,90.6,90.6,Si
QK-3683,Femenino,0,No,No,6,Si,No,DSL,No,No,No,Si,No,No,Month-to-month,Si,Transferencia Bancaria,50.8,288.05,Si
ZG-4228,Masculino,0,No,No,4,Si,Si,Fiber optic,No,Si,No,No,No,Si,Month-to-month,Si,Cheque,90.05,368.1,Si
ZV-9031,Masculino,0,Si,No,72,Si,Si,Fiber optic,No,Si,Si,Si,Si,Si,Two year,Si,Cheque,108.2,7840.6,No
IA-2990,Masculino,0,No,No,72,Si,Si,DSL,Si,Si,Si,Si,Si,Si,Two year,No,Transferencia Bancaria,92,6632.75,No
KN-8107,Masculino,1,Si,No,14,Si,Si,Fiber optic,No,No,No,No,No,No,Month-to-month,Si,Cheque,75.1,1013.35,No
YF-9027,Masculino,0,No,No,7,Si,Si,No,No internet service,No internet service,No internet service,No internet service,No internet service,No internet service,Month-to-month,Si,Transferencia Bancaria,25.05,152.95,No
LD-5176,Femenino,0,No,No,48,Si,No,Fiber optic,No,Si,No,No,No,No,One year,No,Cheque,75.15,3772.65,No
OB-4644,Masculino,0,Si,Si,55,Si,No,No,No internet service,No internet service,No internet service,No internet service,No internet service,No internet service,One year,No,Deposito bancario,19.5,1026.35,No
IJ-7926,Masculino,0,No,No,1,Si,No,No,No internet service,No internet service,No internet service,No internet service,No internet service,No internet service,Month-to-month,No,Tarjeta de Credito,19.3,19.3,No
YA-6480,Masculino,0,No,No,45,Si,No,Fiber optic,Si,Si,Si,Si,Si,Si,One year,No,Tarjeta de Credito,112.2,5031.85,No
HP-4029,Masculino,0,No,No,3,Si,No,Fiber optic,No,No,No,No,No,No,Month-to-month,Si,Deposito bancario,70.3,220.4,No
DB-7602,Femenino,0,Si,No,71,Si,No,No,No internet service,No internet service,No internet service,No internet service,No internet service,No internet service,Two year,No,Deposito bancario,19.6,1416.5,No
BM-5345,Masculino,0,Si,No,8,Si,No,No,No internet service,No internet service,No internet service,No internet service,No internet service,No internet service,Month-to-month,No,Deposito bancario,20.25,158.35,No
ZK-3519,Femenino,0,Si,No,3,Si,Si,Fiber optic,No,No,No,No,No,No,Month-to-month,Si,Cheque,75.85,256.6,Si
CO-5457,Masculino,0,Si,Si,69,Si,No,DSL,Si,Si,No,Si,Si,Si,Two year,No,Transferencia Bancaria,80.65,5542.55,No
TV-6416,Masculino,0,Si,Si,1,Si,No,Fiber optic,No,No,No,No,No,No,Month-to-month,Si,Cheque,68.5,68.5,Si
YH-5451,Femenino,1,Si,No,72,Si,Si,Fiber optic,Si,Si,Si,Si,Si,Si,Two year,Si,Tarjeta de Credito,115.75,8443.7,No
AD-5108,Masculino,0,No,No,11,Si,No,Fiber optic,Si,No,No,No,No,No,Month-to-month,Si,Cheque,73.5,791.75,Si
WN-7998,Masculino,0,No,No,71,Si,Si,DSL,Si,Si,Si,Si,No,Si,Two year,No,Transferencia Bancaria,80.6,5708.2,No
RR-3066,Femenino,0,No,No,1,Si,No,Fiber optic,No,No,No,No,No,No,Month-to-month,Si,Deposito bancario,69.95,69.95,Si
NJ-4664,Femenino,0,Si,No,33,No,No Servicio Telef nico,DSL,Si,No,Si,Si,Si,Si,Two year,No,Transferencia Bancaria,59.55,2016.3,No
BC-0307,Femenino,0,No,No,16,Si,No,No,No internet service,No internet service,No internet service,No internet service,No internet service,No internet service,One year,No,Deposito bancario,19.05,326.65,No
WF-7629,Femenino,1,Si,No,56,Si,Si,Fiber optic,Si,Si,Si,Si,No,No,One year,No,Cheque,95.65,5471.75,No
HY-2542,Femenino,0,No,No,1,Si,No,No,No internet service,No internet service,No internet service,No internet service,No internet service,No internet service,Month-to-month,No,Tarjeta de Credito,19.95,19.95,No
OF-6715,Masculino,0,No,No,5,Si,No,DSL,No,No,Si,No,Si,Si,Month-to-month,Si,Cheque,70.05,346.4,Si
LI-5016,Masculino,0,Si,Si,57,Si,No,No,No internet service,No internet service,No internet service,No internet service,No internet service,No internet service,One year,No,Deposito bancario,19.4,1061.6,No
LX-6481,Masculino,0,Si,Si,56,No,No Servicio Telef nico,DSL,No,Si,Si,No,No,No,One year,Si,Tarjeta de Credito,36.1,1971.5,No
DS-1567,Masculino,0,No,No,8,Si,Si,Fiber optic,No,Si,Si,No,Si,No,Month-to-month,Si,Cheque,94,773.65,Si
UW-2150,Femenino,0,Si,Si,22,Si,No,DSL,Si,Si,Si,No,No,No,Month-to-month,No,Deposito bancario,61.15,1422.05,Si
AC-6124,Femenino,0,No,No,1,Si,No,No,No internet service,No internet service,No internet service,No internet service,No internet service,No internet service,Month-to-month,No,Deposito bancario,19.75,19.75,No
MW-9362,Femenino,0,No,Si,40,Si,No,DSL,Si,No,No,Si,Si,No,Month-to-month,Si,Tarjeta de Credito,64.1,2460.35,No
GP-9975,Masculino,0,Si,Si,46,Si,No,No,No internet service,No internet service,No internet service,No internet service,No internet service,No internet service,Two year,No,Tarjeta de Credito,19.75,856.5,No
RZ-9625,Masculino,0,Si,Si,63,Si,No,No,No internet service,No internet service,No internet service,No internet service,No internet service,No internet service,Two year,No,Deposito bancario,19.7,1275.85,No
LX-5153,Masculino,0,Si,Si,68,Si,Si,Fiber optic,Si,Si,Si,No,Si,Si,Two year,Si,Cheque,110.2,7467.5,No
UB-5161,Masculino,0,Si,Si,69,Si,No,Fiber optic,Si,Si,No,Si,Si,Si,Two year,Si,Tarjeta de Credito,106.35,7261.75,No
JP-1020,Femenino,0,Si,No,56,Si,Si,Fiber optic,No,Si,Si,Si,No,No,Month-to-month,No,Cheque,90.55,5116.6,No
ZO-7919,Femenino,0,Si,Si,10,Si,No,DSL,No,Si,Si,No,No,Si,One year,Si,Deposito bancario,65.9,660.05,No
JU-0565,Masculino,0,No,No,63,Si,Si,Fiber optic,Si,Si,Si,Si,Si,No,One year,No,Tarjeta de Credito,104.5,6590.8,No
AC-6867,Femenino,0,Si,Si,24,No,No Servicio Telef nico,DSL,Si,Si,Si,Si,No,Si,Two year,Si,Deposito bancario,52.5,1208.15,No
XA-5939,Femenino,0,No,No,19,Si,Si,DSL,No,No,Si,No,No,No,Month-to-month,Si,Deposito bancario,56.1,1033.9,No
FO-9054,Masculino,0,Si,Si,22,Si,Si,Fiber optic,No,No,Si,No,Si,No,Month-to-month,Si,Cheque,88.75,1885.15,No
BP-2683,Masculino,0,Si,No,29,Si,Si,Fiber optic,Si,Si,No,No,No,No,Month-to-month,Si,Cheque,84.45,2467.1,Si
MX-2157,Masculino,0,Si,No,13,Si,Si,DSL,No,No,Si,No,Si,Si,One year,Si,Deposito bancario,75.3,989.45,Si
VV-8207,Femenino,0,Si,No,70,Si,Si,No,No internet service,No internet service,No internet service,No internet service,No internet service,No internet service,Two year,Si,Transferencia Bancaria,26,2006.95,No
EQ-9732,Femenino,0,Si,No,49,Si,No,Fiber optic,No,Si,Si,No,Si,Si,Month-to-month,No,Cheque,99.4,5025,No
AH-9360,Femenino,1,Si,No,43,Si,Si,Fiber optic,Si,No,Si,Si,Si,Si,One year,Si,Deposito bancario,109.55,4830.25,Si
UD-1087,Femenino,0,No,No,3,Si,No,No,No internet service,No internet service,No internet service,No internet service,No internet service,No internet service,Month-to-month,Si,Deposito bancario,19.6,59.75,Si
NR-5269,Masculino,0,Si,Si,42,Si,No,DSL,No,No,Si,Si,Si,Si,One year,No,Cheque,73.15,3088.25,No
ME-6195,Masculino,0,No,No,57,Si,No,DSL,No,Si,No,Si,No,No,One year,Si,Deposito bancario,54.65,3134.7,No
WU-5485,Masculino,1,No,No,2,Si,No,DSL,Si,No,Si,No,Si,No,Month-to-month,No,Transferencia Bancaria,66.4,94.55,Si
JA-2121,Femenino,0,Si,No,72,Si,Si,Fiber optic,Si,Si,Si,Si,Si,Si,Two year,Si,Tarjeta de Credito,115.55,8312.4,No
DO-8818,Femenino,1,No,No,46,Si,Si,Fiber optic,No,Si,Si,No,Si,Si,Month-to-month,Si,Cheque,104.45,4863.85,No
UC-2632,Masculino,1,Si,No,66,Si,Si,Fiber optic,No,No,No,Si,Si,Si,Month-to-month,Si,Tarjeta de Credito,100.05,6871.9,Si
PZ-5445,Masculino,0,No,No,62,Si,Si,Fiber optic,Si,Si,No,Si,No,Si,One year,No,Cheque,102,6529.25,Si
UD-1227,Femenino,0,Si,No,72,Si,Si,DSL,Si,Si,Si,Si,Si,Si,Two year,Si,Transferencia Bancaria,91.15,6637.9,No
HQ-5198,Masculino,0,Si,Si,35,Si,No,Fiber optic,No,Si,No,Si,Si,No,One year,Si,Cheque,89.7,3165.6,No
CC-9170,Masculino,0,Si,No,17,Si,Si,Fiber optic,Si,Si,Si,No,No,No,Month-to-month,No,Tarjeta de Credito,90.2,1454.15,Si
FQ-2167,Femenino,0,Si,No,72,Si,Si,DSL,Si,Si,Si,Si,Si,Si,Two year,Si,Cheque,92.4,6786.1,No
GW-2819,Femenino,0,Si,Si,28,Si,No,No,No internet service,No internet service,No internet service,No internet service,No internet service,No internet service,One year,No,Deposito bancario,19.9,543,No
YC-1043,Masculino,0,Si,No,56,Si,Si,No,No internet service,No internet service,No internet service,No internet service,No internet service,No internet service,Two year,Si,Tarjeta de Credito,25.15,1327.15,Si
ML-3814,Femenino,0,No,No,31,Si,Si,Fiber optic,No,No,No,Si,No,No,Month-to-month,Si,Tarjeta de Credito,79.85,2404.15,Si
UU-3572,Masculino,0,No,No,45,Si,No,No,No internet service,No internet service,No internet service,No internet service,No internet service,No internet service,One year,No,Transferencia Bancaria,18.85,867.3,No
PF-2692,Femenino,0,No,No,1,Si,Si,No,No internet service,No internet service,No internet service,No internet service,No internet service,No internet service,Month-to-month,Si,Deposito bancario,25.75,25.75,No
UD-1226,Femenino,0,No,No,2,Si,No,DSL,No,Si,No,No,No,No,Month-to-month,Si,Deposito bancario,49.6,114.7,Si
EP-5955,Femenino,0,No,No,6,Si,No,No,No internet service,No internet service,No internet service,No internet service,No internet service,No internet service,Month-to-month,Si,Deposito bancario,20.95,109.5,No
JP-6821,Femenino,0,Si,No,48,Si,No,Fiber optic,No,Si,Si,No,Si,Si,One year,Si,Cheque,97.05,4692.95,No
LM-8815,Masculino,0,Si,Si,25,Si,Si,No,No internet service,No internet service,No internet service,No internet service,No internet service,No internet service,Month-to-month,Si,Transferencia Bancaria,25.4,546.85,No
HS-9135,Masculino,0,Si,Si,64,Si,No,No,No internet service,No internet service,No internet service,No internet service,No internet service,No internet service,Two year,Si,Transferencia Bancaria,19.7,1274.05,No
KR-8582,Masculino,0,No,No,50,No,No Servicio Telef nico,DSL,Si,Si,No,No,No,No,Month-to-month,Si,Deposito bancario,35,1782.4,No
IW-5811,Femenino,0,Si,Si,52,Si,Si,Fiber optic,No,No,Si,No,Si,Si,One year,No,Transferencia Bancaria,101.25,5301.1,No
YA-7044,Masculino,1,Si,No,4,Si,No,Fiber optic,No,No,No,No,No,No,Month-to-month,Si,Cheque,70.2,280.35,No
XR-8189,Femenino,1,No,No,32,Si,No,Fiber optic,No,No,No,No,Si,Si,Month-to-month,No,Cheque,90.95,2897.95,No
YJ-1506,Masculino,0,Si,Si,45,Si,Si,DSL,Si,Si,No,Si,Si,No,Two year,No,Tarjeta de Credito,73.85,3371,No
DV-4123,Masculino,0,Si,No,9,Si,Si,Fiber optic,Si,No,No,No,No,Si,Month-to-month,Si,Cheque,88.05,801.3,No
YQ-6425,Femenino,1,Si,No,66,Si,Si,Fiber optic,No,No,Si,Si,Si,Si,One year,Si,Tarjeta de Credito,105.95,6975.25,Si
UT-5442,Masculino,0,No,Si,3,Si,Si,Fiber optic,No,No,Si,No,No,Si,Month-to-month,No,Cheque,91.85,257.05,Si
BZ-2228,Femenino,0,No,No,54,Si,No,No,No internet service,No internet service,No internet service,No internet service,No internet service,No internet service,Two year,No,Deposito bancario,20.1,1079.45,No
DB-7734,Femenino,0,Si,Si,1,No,No Servicio Telef nico,DSL,No,No,No,Si,Si,No,Month-to-month,No,Cheque,40.1,40.1,Si
CZ-2789,Femenino,0,Si,Si,64,Si,Si,Fiber optic,Si,Si,No,Si,Si,Si,Two year,No,Transferencia Bancaria,110.3,6997.3,No
RF-2091,Femenino,1,No,No,31,Si,Si,Fiber optic,No,No,No,No,No,No,Month-to-month,Si,Cheque,73.9,2217.15,Si
MG-2114,Femenino,0,No,No,14,Si,No,Fiber optic,No,No,No,No,Si,Si,Month-to-month,Si,Deposito bancario,89.8,1129.1,Si
LD-7596,Femenino,0,No,No,12,Si,No,Fiber optic,Si,No,No,No,Si,No,One year,Si,Tarjeta de Credito,85.15,979.05,No
RL-3740,Masculino,1,Si,No,67,Si,No,DSL,Si,Si,No,Si,No,No,One year,Si,Transferencia Bancaria,60.95,4119.4,No
SN-4489,Femenino,0,Si,Si,35,Si,Si,DSL,Si,No,Si,Si,Si,No,Month-to-month,No,Cheque,72.25,2568.55,Si
OZ-2192,Femenino,0,No,No,45,Si,Si,DSL,Si,No,No,Si,No,Si,Two year,No,Deposito bancario,73.55,3349.1,No
CP-5651,Masculino,0,No,No,10,Si,No,DSL,No,No,No,No,No,No,Month-to-month,No,Deposito bancario,46,492.1,No
QZ-2186,Femenino,1,No,No,29,Si,Si,DSL,Si,Si,No,No,No,No,Month-to-month,Si,Transferencia Bancaria,58.55,1718.95,No
AL-1131,Femenino,0,No,No,24,Si,Si,No,No internet service,No internet service,No internet service,No internet service,No internet service,No internet service,One year,No,Transferencia Bancaria,24.6,605.25,No
XB-7729,Masculino,0,Si,Si,66,Si,No,No,No internet service,No internet service,No internet service,No internet service,No internet service,No internet service,Two year,Si,Deposito bancario,19.75,1344.5,No
WY-9134,Masculino,0,No,No,51,Si,No,Fiber optic,Si,No,No,No,Si,No,One year,No,Deposito bancario,86.35,4267.15,No
SV-3284,Femenino,0,Si,No,45,Si,Si,No,No internet service,No internet service,No internet service,No internet service,No internet service,No internet service,Two year,No,Deposito bancario,25.5,1121.05,No
OU-9732,Femenino,0,Si,No,49,Si,No,No,No internet service,No internet service,No internet service,No internet service,No internet service,No internet service,One year,No,Tarjeta de Credito,19,918.7,No
CK-0559,Femenino,0,Si,No,29,Si,No,No,No internet service,No internet service,No internet service,No internet service,No internet service,No internet service,Two year,Si,Deposito bancario,19.55,521.8,No
SV-2931,Masculino,0,Si,Si,40,Si,Si,Fiber optic,Si,Si,No,Si,Si,Si,Month-to-month,Si,Tarjeta de Credito,110.1,4469.1,No
PP-6899,Femenino,1,No,No,37,Si,Si,Fiber optic,No,No,No,No,Si,Si,Month-to-month,Si,Cheque,96.55,3580.3,Si
UW-7504,Masculino,0,No,No,25,Si,No,Fiber optic,No,No,No,No,No,No,Month-to-month,No,Cheque,69.75,1729.35,No
FF-2582,Femenino,0,No,No,22,No,No Servicio Telef nico,DSL,No,No,Si,No,Si,Si,Month-to-month,Si,Cheque,50.6,1073.3,No
NM-8908,Masculino,0,No,No,72,No,No Servicio Telef nico,DSL,Si,Si,Si,Si,Si,Si,Two year,Si,Transferencia Bancaria,65.6,4566.5,No
LZ-2187,Femenino,0,No,No,7,No,No Servicio Telef nico,DSL,No,Si,No,No,No,Si,Month-to-month,Si,Tarjeta de Credito,40.1,293.3,Si
AI-1431,Masculino,0,Si,Si,33,Si,No,DSL,No,Si,Si,Si,Si,Si,Two year,No,Tarjeta de Credito,82.1,2603.1,No
LB-6288,Femenino,0,No,No,23,Si,No,Fiber optic,No,Si,No,Si,No,No,Month-to-month,Si,Deposito bancario,79.1,1783.75,No
NU-4597,Masculino,1,No,No,24,Si,Si,Fiber optic,No,Si,No,No,Si,Si,Month-to-month,Si,Cheque,101.25,2440.15,Si
QV-9019,Femenino,0,No,No,1,Si,No,Fiber optic,No,No,No,No,Si,No,Month-to-month,No,Cheque,79.55,79.55,Si
YN-8413,Masculino,0,No,No,69,Si,Si,DSL,Si,Si,Si,Si,Si,Si,Two year,No,Deposito bancario,90.65,6322.1,No
TO-5808,Femenino,0,No,Si,3,Si,No,No,No internet service,No internet service,No internet service,No internet service,No internet service,No internet service,One year,Si,Tarjeta de Credito,20.55,57.4,No
NY-4369,Masculino,0,No,No,56,Si,No,DSL,No,Si,No,Si,Si,Si,One year,Si,Transferencia Bancaria,75.75,4284.65,No
YD-6333,Masculino,0,No,No,65,Si,Si,Fiber optic,Si,No,Si,Si,Si,Si,One year,Si,Tarjeta de Credito,110,7138.65,No
KT-5324,Masculino,0,Si,No,71,Si,No,No,No internet service,No internet service,No internet service,No internet service,No internet service,No internet service,One year,No,Cheque,20.85,1539.75,No
HV-5599,Femenino,1,No,No,14,Si,Si,Fiber optic,No,No,Si,No,No,No,Month-to-month,Si,Transferencia Bancaria,80.35,1058.1,No
LW-7394,Femenino,0,No,No,2,Si,No,Fiber optic,No,No,No,No,No,No,Month-to-month,Si,Cheque,70.15,123.8,No
LR-3707,Femenino,0,No,No,32,Si,Si,Fiber optic,No,No,No,No,Si,No,One year,No,Cheque,84.05,2781.85,Si
UD-6873,Masculino,0,No,No,40,Si,No,DSL,Si,No,Si,No,No,Si,Month-to-month,No,Cheque,67.45,2731,No
LU-2700,Masculino,0,No,No,1,Si,No,No,No internet service,No internet service,No internet service,No internet service,No internet service,No internet service,Month-to-month,No,Tarjeta de Credito,20.75,20.75,No
ES-1455,Masculino,0,No,No,1,Si,No,Fiber optic,No,No,No,No,Si,Si,Month-to-month,Si,Cheque,89.1,89.1,Si
YH-0958,Femenino,0,No,No,7,Si,No,Fiber optic,No,No,No,No,No,No,Month-to-month,Si,Deposito bancario,69.9,497.3,No
SS-1101,Femenino,0,Si,No,15,Si,Si,DSL,No,No,No,No,No,No,Month-to-month,Si,Cheque,51.1,711.15,No
SX-2979,Femenino,0,Si,Si,17,Si,Si,Fiber optic,Si,No,Si,No,Si,No,Month-to-month,No,Cheque,94.4,1607.2,Si
TL-4013,Masculino,0,No,No,19,Si,No,Fiber optic,No,Si,Si,No,No,No,Month-to-month,Si,Cheque,78.25,1490.95,Si
KH-5743,Masculino,0,No,No,71,Si,Si,No,No internet service,No internet service,No internet service,No internet service,No internet service,No internet service,Two year,No,Transferencia Bancaria,25.55,1898.1,No
FJ-4194,Femenino,0,Si,Si,54,Si,Si,DSL,Si,No,No,Si,No,No,Two year,No,Transferencia Bancaria,60,3273.95,No
UW-5325,Masculino,0,Si,No,31,Si,Si,Fiber optic,Si,Si,No,Si,No,No,Month-to-month,Si,Tarjeta de Credito,90.55,2929.75,No
GY-3969,Femenino,0,No,No,11,Si,No,Fiber optic,Si,No,No,No,No,No,Month-to-month,No,Cheque,76.4,838.7,No
OL-9208,Femenino,1,No,No,18,Si,No,Fiber optic,No,No,Si,No,No,Si,Month-to-month,Si,Cheque,84.95,1443.65,No
CQ-3244,Femenino,1,No,No,72,Si,Si,Fiber optic,Si,Si,No,Si,Si,Si,Two year,Si,Transferencia Bancaria,110.1,7746.7,No
ML-2674,Femenino,1,No,No,71,Si,Si,Fiber optic,No,Si,No,No,Si,Si,Month-to-month,Si,Tarjeta de Credito,99.65,6951.15,No
HP-9708,Masculino,1,No,No,5,No,No Servicio Telef nico,DSL,No,No,Si,Si,Si,No,Month-to-month,No,Tarjeta de Credito,45.4,214.75,No
TK-6992,Masculino,0,Si,No,38,Si,Si,DSL,No,No,Si,Si,No,Si,One year,No,Tarjeta de Credito,69,2669.45,No
YD-4468,Masculino,0,No,Si,5,Si,No,DSL,No,No,No,Si,No,No,Month-to-month,Si,Transferencia Bancaria,48.65,235.2,No
DX-3754,Masculino,1,No,No,2,Si,No,DSL,No,No,No,No,No,No,Month-to-month,Si,Cheque,44.15,92.65,Si
JA-5792,Femenino,1,No,No,52,Si,Si,DSL,Si,No,Si,No,No,No,Two year,No,Transferencia Bancaria,59.85,3103.25,No
VT-7130,Femenino,1,No,No,8,Si,Si,Fiber optic,No,No,No,No,No,No,Month-to-month,Si,Cheque,75.75,606.25,Si
DS-2200,Femenino,0,No,No,68,Si,Si,DSL,No,Si,Si,No,Si,Si,Two year,Si,Cheque,80.65,5330.2,No
ZY-4302,Masculino,0,Si,Si,69,Si,No,No,No internet service,No internet service,No internet service,No internet service,No internet service,No internet service,One year,Si,Tarjeta de Credito,20.55,1403.1,No
LZ-9351,Femenino,0,Si,No,42,Si,Si,DSL,Si,Si,No,Si,No,No,Month-to-month,Si,Tarjeta de Credito,66.4,2727.8,No
CT-4366,Femenino,0,No,No,50,Si,No,Fiber optic,No,Si,No,Si,Si,Si,Two year,Si,Deposito bancario,100.2,5038.45,No
VZ-6121,Femenino,0,No,No,1,Si,No,No,No internet service,No internet service,No internet service,No internet service,No internet service,No internet service,Month-to-month,Si,Deposito bancario,19.1,19.1,Si
CM-7903,Masculino,1,Si,No,1,Si,Si,Fiber optic,Si,No,No,No,No,No,Month-to-month,Si,Cheque,80.3,80.3,Si
OM-1518,Masculino,0,Si,No,33,Si,No,DSL,No,No,No,No,No,No,Month-to-month,Si,Tarjeta de Credito,44.55,1462.6,No
NG-6671,Femenino,0,No,No,7,Si,No,No,No internet service,No internet service,No internet service,No internet service,No internet service,No internet service,Month-to-month,No,Deposito bancario,20.35,150.6,No
IT-0595,Masculino,0,Si,Si,64,Si,Si,Fiber optic,Si,Si,Si,No,No,No,Month-to-month,Si,Cheque,91.8,5960.5,No
KN-6996,Femenino,0,No,No,1,Si,No,Fiber optic,No,No,Si,No,No,No,Month-to-month,Si,Cheque,74.9,74.9,Si
IB-1955,Masculino,0,No,No,59,Si,No,No,No internet service,No internet service,No internet service,No internet service,No internet service,No internet service,Two year,Si,Transferencia Bancaria,20.2,1192.3,No
BX-0096,Femenino,0,Si,No,6,Si,Si,DSL,No,No,No,No,No,No,Month-to-month,No,Cheque,50.35,314.55,No
YA-3806,Femenino,0,No,No,3,Si,No,No,No internet service,No internet service,No internet service,No internet service,No internet service,No internet service,Month-to-month,No,Deposito bancario,18.8,56,No
ZL-7998,Femenino,0,Si,No,15,Si,No,No,No internet service,No internet service,No internet service,No internet service,No internet service,No internet service,Month-to-month,No,Tarjeta de Credito,20.45,330.8,No
WR-6253,Masculino,0,Si,Si,13,Si,No,DSL,No,No,No,No,Si,Si,One year,Si,Cheque,64.75,877.35,No
AY-9133,Femenino,0,No,No,23,Si,Si,Fiber optic,No,Si,No,No,Si,Si,Month-to-month,Si,Tarjeta de Credito,98.7,2249.1,No
OT-2675,Masculino,1,Si,No,31,Si,Si,Fiber optic,Si,No,No,No,Si,No,Month-to-month,No,Cheque,89.45,2807.65,No
CG-8680,Masculino,0,No,No,29,Si,No,DSL,Si,Si,No,Si,No,No,One year,Si,Cheque,58.75,1696.2,No
TW-8430,Femenino,0,Si,No,49,Si,No,No,No internet service,No internet service,No internet service,No internet service,No internet service,No internet service,One year,No,Tarjeta de Credito,20.7,1032.05,No
GW-5018,Femenino,0,Si,No,56,Si,Si,Fiber optic,No,No,No,No,Si,No,Month-to-month,Si,Transferencia Bancaria,85.6,4902.8,No
QR-6741,Femenino,0,No,No,63,Si,Si,DSL,Si,Si,Si,Si,No,Si,Two year,Si,Tarjeta de Credito,80.3,4995.35,No
HO-4737,Masculino,0,Si,No,63,Si,Si,DSL,No,No,Si,Si,Si,Si,Two year,No,Tarjeta de Credito,79.8,5034.05,No
QY-0537,Masculino,1,Si,Si,24,Si,Si,Fiber optic,Si,No,No,No,No,No,Month-to-month,Si,Cheque,79.85,1857.75,No
QB-3340,Masculino,1,Si,No,36,Si,No,DSL,No,No,Si,Si,No,No,One year,No,Tarjeta de Credito,54.1,1992.85,No
NR-1704,Femenino,1,No,No,9,Si,No,Fiber optic,No,No,No,No,Si,No,Month-to-month,Si,Cheque,80.85,751.65,Si
SE-2592,Masculino,0,No,No,3,No,No Servicio Telef nico,DSL,No,No,No,No,No,No,Month-to-month,No,Cheque,24.75,66.95,Si
KL-8200,Femenino,0,Si,No,21,Si,No,DSL,Si,No,Si,Si,Si,Si,One year,No,Deposito bancario,80.9,1714.95,No
CD-3372,Masculino,0,Si,Si,13,Si,Si,No,No internet service,No internet service,No internet service,No internet service,No internet service,No internet service,One year,No,Transferencia Bancaria,24.5,343.6,No
ZX-4781,Masculino,0,Si,Si,1,Si,No,No,No internet service,No internet service,No internet service,No internet service,No internet service,No internet service,Month-to-month,Si,Transferencia Bancaria,20.15,20.15,No
YU-7632,Femenino,0,Si,Si,25,Si,No,No,No internet service,No internet service,No internet service,No internet service,No internet service,No internet service,One year,No,Deposito bancario,20.05,520.1,No
YS-2718,Masculino,0,Si,Si,71,Si,No,No,No internet service,No internet service,No internet service,No internet service,No internet service,No internet service,Two year,Si,Transferencia Bancaria,19.6,1387.45,No
UY-9896,Masculino,0,No,No,66,Si,Si,Fiber optic,Si,Si,Si,Si,Si,Si,One year,Si,Transferencia Bancaria,114.3,7383.7,No
NW-0853,Femenino,0,No,No,45,Si,No,Fiber optic,Si,Si,No,No,Si,Si,One year,Si,Cheque,100.3,4483.95,No
CR-8212,Femenino,0,Si,No,22,Si,No,Fiber optic,No,No,No,No,Si,No,Month-to-month,Si,Tarjeta de Credito,80,1706.45,No
CD-6980,Femenino,0,Si,No,67,Si,No,No,No internet service,No internet service,No internet service,No internet service,No internet service,No internet service,One year,Si,Transferencia Bancaria,20.85,1327.4,No
XV-7691,Femenino,0,Si,No,68,Si,Si,Fiber optic,No,No,Si,No,Si,No,Two year,Si,Transferencia Bancaria,89.95,5974.3,No
SG-2520,Femenino,0,Si,Si,0,Si,No,No,No internet service,No internet service,No internet service,No internet service,No internet service,No internet service,Two year,No,Deposito bancario,20, ,No
AT-7481,Femenino,1,No,No,49,Si,Si,Fiber optic,No,No,Si,No,No,Si,Month-to-month,Si,Tarjeta de Credito,90.85,4515.85,Si
VW-2277,Femenino,1,No,No,4,Si,Si,DSL,No,No,No,No,No,No,Month-to-month,No,Deposito bancario,48.75,179.85,No
CN-1088,Masculino,0,Si,No,63,Si,Si,DSL,Si,Si,Si,Si,No,Si,One year,No,Tarjeta de Credito,80,5040.2,No
GV-8642,Femenino,0,Si,No,2,Si,No,Fiber optic,No,Si,Si,No,No,No,Month-to-month,No,Transferencia Bancaria,79.7,165,Si
BZ-1930,Masculino,0,No,No,21,Si,No,No,No internet service,No internet service,No internet service,No internet service,No internet service,No internet service,One year,Si,Deposito bancario,20.35,422.7,No
ES-3400,Masculino,0,Si,Si,55,Si,No,DSL,Si,Si,No,Si,No,No,Two year,No,Transferencia Bancaria,57.55,3046.4,Si
YT-5868,Masculino,0,No,Si,1,Si,No,No,No internet service,No internet service,No internet service,No internet service,No internet service,No internet service,Month-to-month,Si,Deposito bancario,20.25,20.25,No
DV-3525,Femenino,0,No,No,17,Si,No,No,No internet service,No internet service,No internet service,No internet service,No internet service,No internet service,Two year,No,Deposito bancario,19.4,358.05,No
OX-1482,Masculino,0,No,No,30,Si,Si,Fiber optic,Si,No,No,No,Si,Si,Month-to-month,Si,Transferencia Bancaria,100.4,2936.25,No
JB-0377,Masculino,0,Si,Si,22,Si,No,DSL,Si,Si,No,Si,No,No,Month-to-month,Si,Deposito bancario,57.95,1271.8,No
BV-5778,Femenino,0,No,No,9,Si,No,DSL,No,No,No,Si,Si,No,Month-to-month,Si,Transferencia Bancaria,59.5,530.05,No
YZ-3373,Masculino,0,Si,Si,1,Si,No,No,No internet service,No internet service,No internet service,No internet service,No internet service,No internet service,Month-to-month,No,Deposito bancario,19.2,19.2,No
ZB-2057,Femenino,0,Si,No,21,Si,Si,Fiber optic,No,No,No,No,No,Si,Month-to-month,Si,Cheque,86.5,1808.7,Si
MA-0228,Masculino,0,No,No,19,Si,Si,DSL,No,No,Si,Si,No,No,Month-to-month,No,Cheque,59.55,1144.6,No
RL-5502,Femenino,0,Si,Si,69,Si,Si,Fiber optic,No,Si,Si,No,Si,Si,Month-to-month,Si,Cheque,103.95,7446.9,Si
HG-0023,Masculino,1,No,No,1,No,No Servicio Telef nico,DSL,No,No,No,No,No,No,Month-to-month,Si,Cheque,25.1,25.1,Si
YJ-7663,Femenino,0,Si,No,72,Si,Si,Fiber optic,Si,Si,Si,Si,Si,No,Two year,Si,Transferencia Bancaria,103.95,7556.9,No
BF-4915,Masculino,0,Si,Si,70,Si,Si,DSL,Si,No,Si,No,Si,No,Two year,No,Tarjeta de Credito,68.95,4858.7,No
RU-3086,Femenino,0,No,No,66,Si,Si,Fiber optic,Si,Si,Si,Si,No,Si,Month-to-month,Si,Transferencia Bancaria,103.1,6595,No
LN-5215,Femenino,0,Si,Si,7,No,No Servicio Telef nico,DSL,No,No,No,No,No,No,Month-to-month,Si,Cheque,24.7,149.05,No
JM-7576,Femenino,1,Si,Si,46,Si,Si,Fiber optic,Si,Si,No,Si,Si,Si,Month-to-month,Si,Cheque,110.2,4972.1,No
RB-9039,Masculino,0,No,No,39,No,No Servicio Telef nico,DSL,Si,Si,No,Si,Si,No,Month-to-month,Si,Tarjeta de Credito,48.95,1880.85,Si
KX-0257,Femenino,0,Si,Si,32,Si,Si,DSL,No,Si,Si,No,No,No,Month-to-month,No,Transferencia Bancaria,62.45,2045.55,No
AT-1307,Masculino,0,No,No,24,Si,No,Fiber optic,No,Si,Si,No,No,Si,Month-to-month,Si,Cheque,89.55,2187.15,No
FM-8417,Masculino,0,Si,Si,6,Si,No,Fiber optic,No,Si,No,No,No,Si,Month-to-month,Si,Tarjeta de Credito,83.55,477.55,Si
XP-3714,Femenino,0,No,No,37,Si,Si,DSL,Si,Si,Si,Si,Si,No,Month-to-month,Si,Tarjeta de Credito,78.9,2976.95,No
AK-1850,Masculino,0,No,Si,8,Si,No,No,No internet service,No internet service,No internet service,No internet service,No internet service,No internet service,Month-to-month,No,Deposito bancario,20.35,178.7,No
DX-2824,Femenino,0,Si,Si,72,Si,Si,DSL,Si,No,Si,No,Si,No,Two year,Si,Transferencia Bancaria,71.45,5025.85,No
JS-5227,Masculino,1,Si,No,71,No,No Servicio Telef nico,DSL,Si,Si,Si,Si,No,No,Two year,No,Tarjeta de Credito,46.35,3353.4,No
ZG-0848,Femenino,0,Si,No,16,Si,No,Fiber optic,No,Si,No,No,Si,Si,Month-to-month,Si,Transferencia Bancaria,94.65,1461.15,No
CH-3621,Femenino,0,Si,No,57,No,No Servicio Telef nico,DSL,Si,No,Si,Si,No,Si,Month-to-month,Si,Transferencia Bancaria,49.9,2782.4,No
RN-8042,Masculino,0,No,No,66,Si,Si,No,No internet service,No internet service,No internet service,No internet service,No internet service,No internet service,One year,No,Transferencia Bancaria,25.45,1699.15,No
UX-1792,Femenino,1,No,No,17,Si,No,Fiber optic,No,Si,Si,No,Si,No,Month-to-month,Si,Cheque,89.15,1496.9,Si
FB-5372,Femenino,0,No,Si,21,Si,No,No,No internet service,No internet service,No internet service,No internet service,No internet service,No internet service,Month-to-month,No,Deposito bancario,20.75,452.2,No
TX-0420,Masculino,0,Si,No,66,Si,Si,DSL,Si,Si,Si,No,No,No,Two year,Si,Tarjeta de Credito,66.1,4428.45,No
TO-6217,Femenino,0,Si,No,17,Si,Si,DSL,No,Si,No,No,Si,Si,Month-to-month,Si,Transferencia Bancaria,75.4,1322.55,No
YP-0515,Masculino,0,No,Si,1,Si,No,Fiber optic,No,No,No,No,No,No,Month-to-month,Si,Deposito bancario,70.45,70.45,Si
XS-0378,Masculino,0,Si,No,58,Si,No,DSL,Si,Si,Si,No,No,No,One year,No,Tarjeta de Credito,60.3,3563.8,Si
LT-1045,Femenino,0,Si,Si,8,Si,No,No,No internet service,No internet service,No internet service,No internet service,No internet service,No internet service,Month-to-month,No,Tarjeta de Credito,21.05,139.75,No
JJ-1544,Masculino,0,No,No,27,Si,No,DSL,Si,No,Si,Si,Si,No,One year,No,Tarjeta de Credito,69.35,1927.3,No
JG-4636,Masculino,0,Si,No,34,Si,Si,Fiber optic,No,Si,No,No,No,Si,Month-to-month,No,Deposito bancario,88.85,3000.25,No
SG-6874,Masculino,0,No,No,30,Si,No,Fiber optic,No,Si,No,No,Si,Si,One year,Si,Transferencia Bancaria,97,3021.3,No
AO-5951,Masculino,0,No,No,33,Si,No,DSL,No,Si,Si,No,Si,No,Month-to-month,Si,Tarjeta de Credito,66.4,2245.4,No
XK-4729,Masculino,0,No,Si,1,No,No Servicio Telef nico,DSL,No,No,No,No,No,No,Month-to-month,No,Cheque,24.75,24.75,Si
NG-3059,Masculino,0,Si,Si,14,Si,Si,DSL,Si,Si,No,No,No,Si,Month-to-month,No,Deposito bancario,69.2,944.65,No
YH-8652,Femenino,0,No,Si,16,Si,Si,Fiber optic,No,No,No,Si,No,No,One year,Si,Tarjeta de Credito,79.5,1264.2,No
PN-5278,Femenino,0,No,No,49,Si,No,Fiber optic,No,No,Si,Si,Si,Si,Two year,No,Tarjeta de Credito,100.65,4917.75,No
FI-5449,Masculino,0,Si,Si,19,Si,Si,Fiber optic,No,No,Si,Si,Si,Si,Month-to-month,No,Cheque,103.3,2012.7,Si
HO-3486,Femenino,0,Si,Si,70,Si,Si,DSL,Si,Si,Si,Si,Si,No,Two year,No,Transferencia Bancaria,79.7,5743.3,No
PB-5061,Femenino,0,Si,Si,32,Si,No,DSL,Si,Si,No,Si,No,No,Month-to-month,No,Transferencia Bancaria,61.4,1864.65,No
FJ-8630,Femenino,0,No,No,18,Si,No,Fiber optic,No,No,No,No,No,No,Month-to-month,Si,Cheque,69.8,1221.65,No
NL-3891,Masculino,0,No,No,37,No,No Servicio Telef nico,DSL,Si,Si,No,Si,No,No,Two year,Si,Deposito bancario,40.55,1390.85,No
OJ-4749,Femenino,0,No,No,4,Si,Si,Fiber optic,No,No,No,No,No,No,Month-to-month,Si,Cheque,75.65,302.35,No
WH-0577,Femenino,0,Si,No,16,Si,Si,Fiber optic,Si,Si,Si,No,No,No,Month-to-month,No,Cheque,90.7,1374.9,No
AX-5453,Masculino,0,Si,No,17,Si,Si,Fiber optic,No,Si,No,No,No,No,Month-to-month,Si,Transferencia Bancaria,80.5,1336.9,No
XJ-3639,Femenino,0,No,Si,19,Si,No,DSL,Si,Si,Si,No,No,No,Month-to-month,Si,Cheque,60.6,1297.8,No
LR-3716,Masculino,0,Si,No,60,Si,Si,Fiber optic,No,No,Si,No,Si,Si,Two year,No,Tarjeta de Credito,101.15,6067.4,No
SF-2263,Masculino,0,Si,Si,51,Si,Si,No,No internet service,No internet service,No internet service,No internet service,No internet service,No internet service,Two year,Si,Deposito bancario,24.95,1222.25,No
MT-9950,Masculino,0,Si,Si,28,Si,No,No,No internet service,No internet service,No internet service,No internet service,No internet service,No internet service,Two year,Si,Tarjeta de Credito,20.3,487.95,No
AV-3397,Masculino,0,No,No,43,Si,No,DSL,No,Si,No,No,No,Si,Two year,Si,Cheque,60,2548.55,No
FU-4825,Masculino,0,Si,No,42,Si,No,No,No internet service,No internet service,No internet service,No internet service,No internet service,No internet service,Two year,No,Cheque,20.25,835.5,No
BM-9837,Masculino,0,No,No,3,Si,No,Fiber optic,No,No,No,No,Si,No,Month-to-month,Si,Cheque,78.5,242.05,Si
OJ-2672,Femenino,0,No,No,1,Si,No,DSL,No,No,No,No,No,No,Month-to-month,No,Deposito bancario,44.75,44.75,No
UD-0137,Femenino,0,No,No,3,Si,No,No,No internet service,No internet service,No internet service,No internet service,No internet service,No internet service,Month-to-month,No,Deposito bancario,19.85,63.75,Si
DS-3134,Femenino,0,No,No,63,Si,Si,Fiber optic,Si,Si,Si,No,Si,No,Two year,No,Tarjeta de Credito,98,6218.45,No
UU-6161,Masculino,1,No,No,3,Si,No,Fiber optic,No,No,No,No,Si,No,Month-to-month,Si,Cheque,79.9,260.9,Si
DP-7821,Masculino,0,Si,No,68,Si,Si,Fiber optic,Si,Si,No,Si,Si,Si,Month-to-month,Si,Cheque,107.7,7320.9,No
XR-6543,Femenino,1,No,No,30,Si,Si,Fiber optic,No,Si,No,No,Si,Si,Month-to-month,Si,Cheque,99.7,2967.35,Si
EW-2001,Femenino,0,No,No,60,Si,Si,Fiber optic,No,Si,Si,No,Si,Si,Two year,No,Cheque,104.7,6333.8,No
LM-4925,Masculino,0,No,No,15,Si,Si,DSL,No,Si,No,Si,No,No,Month-to-month,Si,Tarjeta de Credito,58.6,939.7,Si
GM-1608,Masculino,1,No,No,45,Si,Si,Fiber optic,No,No,No,No,Si,Si,Month-to-month,Si,Transferencia Bancaria,93.9,4200.25,No
AM-6695,Femenino,0,Si,No,70,Si,No,DSL,Si,Si,Si,Si,Si,Si,Two year,No,Tarjeta de Credito,86.45,5950.2,No
UG-1455,Masculino,0,Si,No,10,Si,Si,Fiber optic,No,No,Si,No,Si,Si,Month-to-month,Si,Cheque,98.5,1037.75,Si
BG-8410,Masculino,0,No,No,4,Si,No,No,No internet service,No internet service,No internet service,No internet service,No internet service,No internet service,Month-to-month,No,Deposito bancario,19.4,93.4,No
MQ-8280,Femenino,0,No,No,1,Si,No,DSL,No,No,Si,No,No,No,Month-to-month,Si,Deposito bancario,50.45,50.45,Si
YW-1619,Femenino,0,Si,No,68,Si,Si,No,No internet service,No internet service,No internet service,No internet service,No internet service,No internet service,Two year,Si,Tarjeta de Credito,24.95,1614.9,No
YK-7611,Masculino,0,Si,Si,22,Si,No,Fiber optic,Si,No,No,No,No,No,Month-to-month,No,Transferencia Bancaria,75,1573.95,No
SG-2037,Masculino,0,Si,Si,38,Si,Si,Fiber optic,No,Si,Si,No,Si,No,Month-to-month,Si,Cheque,94.65,3624.3,Si
FE-3178,Femenino,0,No,No,1,Si,Si,Fiber optic,No,Si,No,No,Si,Si,Month-to-month,Si,Tarjeta de Credito,100.25,100.25,Si
GX-0365,Masculino,0,Si,No,18,Si,No,Fiber optic,No,No,Si,Si,No,No,Month-to-month,No,Cheque,78.2,1468.75,No
OQ-0082,Masculino,0,No,No,29,Si,No,Fiber optic,No,No,No,Si,Si,Si,Month-to-month,Si,Cheque,94.2,2607.6,No
MV-6087,Femenino,0,No,No,16,Si,Si,Fiber optic,No,No,Si,No,No,Si,Month-to-month,Si,Cheque,88.45,1422.1,Si
JA-4603,Masculino,0,No,No,1,Si,No,Fiber optic,No,No,No,No,No,No,Month-to-month,Si,Cheque,69.85,69.85,Si
TF-3018,Masculino,0,No,No,12,Si,No,Fiber optic,Si,No,Si,No,No,No,Month-to-month,No,Transferencia Bancaria,81.7,858.6,Si
SB-3606,Masculino,0,No,No,31,No,No Servicio Telef nico,DSL,No,No,Si,No,Si,Si,One year,Si,Cheque,50.05,1523.4,No
KE-4806,Masculino,0,No,No,4,Si,No,Fiber optic,No,No,No,No,No,Si,Month-to-month,Si,Cheque,79.9,324.3,Si
NS-0667,Femenino,0,Si,No,48,Si,Si,DSL,No,No,Si,Si,No,Si,One year,Si,Deposito bancario,69.55,3435.6,No
YN-7083,Femenino,0,No,No,15,Si,Si,No,No internet service,No internet service,No internet service,No internet service,No internet service,No internet service,Month-to-month,Si,Tarjeta de Credito,25.4,399.6,Si
OD-6893,Masculino,0,No,No,50,Si,No,Fiber optic,Si,Si,Si,Si,No,No,One year,Si,Tarjeta de Credito,90.1,4549.45,No
JS-8242,Masculino,0,No,No,7,Si,No,DSL,No,No,No,No,No,No,Month-to-month,Si,Transferencia Bancaria,44.65,322.5,No
BR-2479,Masculino,1,Si,No,41,Si,Si,Fiber optic,Si,No,Si,No,No,No,Month-to-month,Si,Transferencia Bancaria,83.75,3273.55,Si
ZP-9541,Masculino,0,Si,Si,68,Si,No,Fiber optic,Si,No,Si,No,No,No,Two year,No,Tarjeta de Credito,80.35,5375.15,No
NP-2665,Femenino,1,Si,No,26,Si,Si,Fiber optic,No,No,Si,No,Si,Si,Month-to-month,Si,Transferencia Bancaria,98.1,2510.7,No
WU-1139,Masculino,0,No,No,57,No,No Servicio Telef nico,DSL,No,No,Si,Si,Si,Si,Two year,No,Tarjeta de Credito,53.35,3090.05,No
VW-4693,Femenino,0,No,No,3,Si,No,No,No internet service,No internet service,No internet service,No internet service,No internet service,No internet service,Month-to-month,No,Cheque,19.55,61.05,No
SH-7434,Femenino,0,No,No,1,Si,No,No,No internet service,No internet service,No internet service,No internet service,No internet service,No internet service,Month-to-month,No,Deposito bancario,20.9,20.9,Si
GC-6937,Masculino,0,Si,Si,19,Si,No,DSL,Si,No,No,No,No,No,One year,Si,Transferencia Bancaria,48.95,955.6,No
JR-0988,Femenino,0,No,No,3,Si,No,DSL,No,No,No,No,Si,No,Month-to-month,Si,Cheque,54.2,140.4,No
JS-5075,Femenino,0,No,No,59,Si,Si,No,No internet service,No internet service,No internet service,No internet service,No internet service,No internet service,Two year,No,Cheque,24.45,1493.1,No
QC-7908,Femenino,0,Si,No,1,Si,No,Fiber optic,No,No,No,No,No,No,Month-to-month,Si,Deposito bancario,69.4,69.4,Si
XY-8644,Masculino,0,Si,No,42,No,No Servicio Telef nico,DSL,Si,No,No,No,Si,No,Month-to-month,Si,Transferencia Bancaria,40.15,1626.05,No
FL-6711,Femenino,0,No,No,7,Si,Si,Fiber optic,No,No,No,No,No,No,Month-to-month,Si,Cheque,74.9,541.15,Si
WO-3873,Masculino,0,Si,No,67,Si,Si,No,No internet service,No internet service,No internet service,No internet service,No internet service,No internet service,Two year,No,Tarjeta de Credito,25.6,1784.9,No
ZZ-7465,Masculino,0,No,No,1,Si,No,Fiber optic,No,No,No,No,No,No,Month-to-month,Si,Cheque,70.35,70.35,No
JM-7975,Masculino,0,Si,No,66,Si,Si,DSL,Si,Si,Si,Si,Si,Si,Two year,No,Transferencia Bancaria,91.7,6075.9,No
XF-7251,Femenino,0,No,No,61,Si,Si,Fiber optic,No,No,Si,No,No,Si,Month-to-month,No,Deposito bancario,89.2,5500.6,No
IQ-4116,Masculino,0,Si,Si,4,Si,Si,No,No internet service,No internet service,No internet service,No internet service,No internet service,No internet service,One year,No,Tarjeta de Credito,24.1,73.1,No
JT-3714,Femenino,1,Si,No,42,Si,No,Fiber optic,Si,No,No,No,No,No,Month-to-month,Si,Tarjeta de Credito,74.15,3229.4,Si
DZ-8259,Femenino,0,Si,Si,64,Si,Si,DSL,No,Si,No,No,No,No,One year,Si,Transferencia Bancaria,53.85,3399.85,No
ZX-0442,Femenino,1,Si,No,54,Si,Si,Fiber optic,Si,Si,Si,Si,Si,Si,One year,Si,Transferencia Bancaria,115.6,6431.05,No
WN-7853,Masculino,0,No,No,1,Si,No,No,No internet service,No internet service,No internet service,No internet service,No internet service,No internet service,Month-to-month,Si,Tarjeta de Credito,19.75,19.75,No
FA-3120,Masculino,0,Si,Si,54,Si,Si,No,No internet service,No internet service,No internet service,No internet service,No internet service,No internet service,Two year,Si,Transferencia Bancaria,24.05,1230.9,No
OE-8606,Femenino,0,No,Si,18,Si,Si,No,No internet service,No internet service,No internet service,No internet service,No internet service,No internet service,Two year,No,Tarjeta de Credito,25.3,454.65,No
ZO-0225,Masculino,0,No,No,3,Si,No,Fiber optic,No,Si,No,No,No,Si,Month-to-month,No,Cheque,84.3,235.05,No
IO-4702,Femenino,0,No,No,1,Si,No,Fiber optic,No,No,No,No,No,No,Month-to-month,Si,Cheque,70.1,70.1,Si
JM-9489,Femenino,0,Si,Si,72,Si,Si,DSL,Si,Si,Si,Si,Si,Si,Two year,No,Tarjeta de Credito,89.75,6595.9,No
CU-0575,Masculino,1,Si,No,60,Si,No,Fiber optic,No,Si,Si,No,Si,Si,One year,Si,Cheque,97.95,5867,No
BM-0967,Femenino,0,Si,Si,11,Si,No,No,No internet service,No internet service,No internet service,No internet service,No internet service,No internet service,One year,Si,Deposito bancario,20,196.35,No
KF-6178,Femenino,0,No,Si,12,Si,Si,Fiber optic,Si,No,No,No,No,No,Month-to-month,Si,Cheque,78.3,909.25,Si
LE-2830,Masculino,0,Si,Si,61,Si,No,Fiber optic,No,Si,Si,Si,Si,Si,One year,No,Tarjeta de Credito,103.9,6449.15,No
MX-5006,Femenino,0,No,No,39,Si,No,No,No internet service,No internet service,No internet service,No internet service,No internet service,No internet service,Two year,No,Tarjeta de Credito,20.7,762.45,No
BY-1264,Masculino,0,No,No,55,Si,Si,Fiber optic,No,No,No,No,Si,Si,Month-to-month,Si,Cheque,96.8,5283.95,Si
WY-9658,Femenino,0,No,No,17,Si,Si,Fiber optic,Si,Si,No,No,Si,No,Month-to-month,Si,Cheque,94.4,1617.5,Si
WK-8327,Masculino,0,No,No,37,Si,No,No,No internet service,No internet service,No internet service,No internet service,No internet service,No internet service,One year,No,Tarjeta de Credito,20.15,785.75,No
FI-6917,Femenino,0,Si,No,72,Si,Si,No,No internet service,No internet service,No internet service,No internet service,No internet service,No internet service,Two year,Si,Deposito bancario,26,1776,No
KR-5329,Masculino,1,Si,No,72,Si,Si,DSL,No,Si,Si,Si,Si,No,Two year,No,Tarjeta de Credito,77.35,5396.25,No
EJ-7797,Femenino,0,No,No,8,Si,No,DSL,Si,No,No,Si,No,Si,Month-to-month,No,Transferencia Bancaria,66.05,574.5,No
VW-3530,Femenino,0,Si,Si,22,Si,No,No,No internet service,No internet service,No internet service,No internet service,No internet service,No internet service,Month-to-month,No,Deposito bancario,19.9,400.3,No
SG-2013,Femenino,0,No,No,1,Si,No,Fiber optic,No,Si,No,No,Si,No,Month-to-month,No,Cheque,84.3,84.3,Si
NW-6368,Femenino,0,No,No,38,Si,Si,DSL,No,Si,No,Si,No,Si,Month-to-month,No,Tarjeta de Credito,68.15,2656.3,No
CD-3633,Masculino,0,No,Si,17,Si,No,DSL,No,Si,Si,Si,Si,Si,One year,No,Cheque,80.85,1445.95,No
HO-0707,Femenino,1,No,No,70,Si,Si,DSL,No,Si,Si,Si,Si,No,Two year,Si,Transferencia Bancaria,75.5,5212.65,No
QV-8580,Femenino,1,Si,Si,72,Si,Si,DSL,Si,Si,Si,Si,Si,Si,Two year,No,Tarjeta de Credito,92.45,6440.25,Si
MG-3956,Femenino,0,No,No,28,Si,No,Fiber optic,No,No,No,No,No,Si,Month-to-month,Si,Cheque,80.6,2244.95,No
UA-9274,Femenino,0,No,No,15,Si,No,Fiber optic,No,Si,No,No,Si,No,Month-to-month,Si,Transferencia Bancaria,83.2,1130,No
HW-4077,Masculino,0,Si,Si,72,Si,Si,DSL,Si,Si,Si,Si,Si,Si,Two year,Si,Transferencia Bancaria,87.55,6463.15,No
NW-2012,Femenino,1,Si,No,11,Si,Si,Fiber optic,No,No,Si,No,Si,Si,Month-to-month,Si,Cheque,99.55,1131.2,Si
EL-8808,Masculino,1,No,No,8,Si,Si,Fiber optic,No,No,Si,No,No,No,Month-to-month,Si,Cheque,81.25,585.95,Si
CS-0103,Femenino,0,Si,No,57,Si,Si,Fiber optic,No,Si,Si,Si,Si,Si,One year,Si,Transferencia Bancaria,109.4,6252.7,No
LC-3506,Masculino,0,Si,Si,1,Si,No,No,No internet service,No internet service,No internet service,No internet service,No internet service,No internet service,Month-to-month,No,Transferencia Bancaria,19.95,19.95,Si
KK-8671,Femenino,0,Si,No,46,No,No Servicio Telef nico,DSL,Si,Si,No,No,Si,No,Month-to-month,No,Cheque,45.55,2062.15,No
ZW-7305,Masculino,0,Si,No,30,Si,No,No,No internet service,No internet service,No internet service,No internet service,No internet service,No internet service,One year,No,Tarjeta de Credito,20.7,587.1,No
XX-9518,Masculino,1,Si,No,10,Si,No,Fiber optic,Si,No,No,No,No,No,Month-to-month,No,Cheque,75.3,720.45,No
HX-3934,Masculino,0,Si,No,23,Si,Si,Fiber optic,Si,Si,Si,No,Si,No,Month-to-month,Si,Cheque,99.25,2186.4,Si
KR-6578,Masculino,0,No,No,32,Si,No,Fiber optic,Si,Si,Si,No,No,Si,Month-to-month,Si,Tarjeta de Credito,93.4,2979.3,No
IJ-4860,Masculino,0,No,No,13,Si,No,Fiber optic,Si,No,No,No,No,No,Month-to-month,Si,Tarjeta de Credito,73.75,956.65,No
WK-7666,Femenino,0,No,No,39,Si,No,Fiber optic,No,No,Si,Si,No,No,Two year,Si,Cheque,80.45,3201.55,Si
YG-9688,Femenino,0,No,No,44,Si,No,Fiber optic,No,Si,Si,No,Si,No,Month-to-month,Si,Tarjeta de Credito,88.15,3973.2,No
UD-0423,Masculino,1,No,No,9,Si,No,DSL,No,No,No,Si,No,No,Month-to-month,No,Deposito bancario,49.2,447.9,No
XI-1945,Femenino,0,Si,No,67,Si,No,No,No internet service,No internet service,No internet service,No internet service,No internet service,No internet service,Two year,No,Deposito bancario,19.65,1335.2,No
AQ-4910,Masculino,0,Si,Si,9,Si,Si,Fiber optic,No,No,Si,No,No,No,Month-to-month,Si,Transferencia Bancaria,79.35,661.25,Si
KV-2154,Femenino,0,No,No,15,Si,Si,Fiber optic,No,Si,No,No,No,No,Month-to-month,Si,Cheque,79.75,1111.85,Si
LJ-5360,Femenino,0,Si,No,71,Si,Si,Fiber optic,No,Si,Si,No,Si,Si,Two year,Si,Transferencia Bancaria,105.15,7555,No
FB-2607,Masculino,0,No,No,1,Si,No,DSL,No,No,No,Si,No,No,Month-to-month,No,Tarjeta de Credito,49,49,No
ER-9647,Femenino,0,Si,Si,30,Si,Si,Fiber optic,No,No,Si,No,Si,Si,Month-to-month,Si,Cheque,100.05,3046.15,Si
XZ-3428,Masculino,0,No,No,1,Si,No,Fiber optic,No,No,No,No,No,No,Month-to-month,Si,Cheque,69.35,69.35,Si
DD-1100,Masculino,0,Si,No,17,No,No Servicio Telef nico,DSL,No,Si,No,No,Si,Si,Month-to-month,Si,Deposito bancario,49.8,836.35,No
TO-0378,Femenino,0,No,No,3,Si,No,Fiber optic,No,No,No,Si,No,Si,Month-to-month,No,Cheque,85.8,272.2,Si
HB-4355,Masculino,0,Si,Si,67,Si,Si,DSL,Si,No,Si,No,Si,Si,Two year,Si,Cheque,79.7,5293.4,Si
WY-6728,Masculino,0,No,No,1,Si,No,No,No internet service,No internet service,No internet service,No internet service,No internet service,No internet service,Month-to-month,No,Transferencia Bancaria,20.95,20.95,No
CB-9058,Femenino,1,No,No,1,Si,Si,DSL,No,No,No,No,No,No,Month-to-month,No,Deposito bancario,50.55,50.55,Si
FE-9029,Femenino,1,Si,No,32,Si,Si,Fiber optic,No,No,Si,No,No,No,Month-to-month,No,Deposito bancario,79.3,2570,No
KA-7216,Masculino,0,Si,Si,41,Si,No,No,No internet service,No internet service,No internet service,No internet service,No internet service,No internet service,One year,No,Transferencia Bancaria,19.5,798.2,No
QU-0318,Masculino,0,Si,No,1,Si,No,Fiber optic,No,No,No,No,Si,No,Month-to-month,Si,Cheque,80.55,80.55,Si
NN-6145,Femenino,0,No,No,1,Si,No,DSL,No,No,No,No,No,No,Month-to-month,No,Transferencia Bancaria,44.15,44.15,No
FV-5520,Femenino,0,Si,Si,12,Si,Si,Fiber optic,No,Si,Si,No,No,No,Month-to-month,Si,Cheque,84.5,916.9,Si
TJ-5339,Masculino,0,Si,Si,62,Si,Si,Fiber optic,Si,Si,No,No,Si,Si,Month-to-month,Si,Cheque,105.5,6487.2,No
ZD-5572,Femenino,0,No,No,22,Si,No,Fiber optic,No,Si,No,No,No,Si,Month-to-month,Si,Deposito bancario,84.3,1855.65,Si
GU-2074,Femenino,0,No,Si,17,Si,Si,Fiber optic,No,Si,Si,Si,No,No,Month-to-month,Si,Tarjeta de Credito,92.7,1556.85,No
XM-4625,Femenino,0,Si,Si,72,Si,Si,No,No internet service,No internet service,No internet service,No internet service,No internet service,No internet service,Two year,Si,Transferencia Bancaria,26.25,1988.05,No
MW-5827,Masculino,0,Si,Si,56,Si,Si,Fiber optic,No,Si,No,Si,Si,No,Month-to-month,Si,Tarjeta de Credito,96.95,5432.2,No
TQ-1385,Femenino,0,No,No,9,Si,No,No,No internet service,No internet service,No internet service,No internet service,No internet service,No internet service,Month-to-month,Si,Tarjeta de Credito,20.45,147.55,No
XR-5914,Masculino,0,Si,No,72,Si,Si,Fiber optic,Si,Si,Si,Si,Si,Si,Two year,Si,Transferencia Bancaria,115.8,8424.9,No
YP-4329,Masculino,0,No,No,20,Si,No,Fiber optic,Si,Si,Si,Si,Si,Si,Month-to-month,Si,Transferencia Bancaria,108.2,2203.7,No
NC-4804,Masculino,0,Si,Si,19,Si,No,No,No internet service,No internet service,No internet service,No internet service,No internet service,No internet service,Two year,No,Deposito bancario,20.2,387.4,No
CK-3750,Masculino,0,No,No,2,Si,No,Fiber optic,No,No,No,No,No,No,Month-to-month,Si,Cheque,67.75,116.65,Si
UG-5944,Masculino,0,No,No,53,No,No Servicio Telef nico,DSL,No,No,Si,Si,Si,Si,One year,No,Tarjeta de Credito,54.9,3045.75,No
GB-8063,Femenino,1,No,No,27,Si,Si,Fiber optic,No,No,No,No,No,Si,Month-to-month,Si,Cheque,85.25,2287.25,Si
BN-7787,Masculino,0,No,No,6,Si,No,No,No internet service,No internet service,No internet service,No internet service,No internet service,No internet service,Month-to-month,No,Transferencia Bancaria,20.15,130.5,No
IS-2252,Masculino,0,Si,Si,9,Si,Si,Fiber optic,No,No,Si,No,Si,No,One year,Si,Cheque,90.35,767.9,No
TP-9415,Femenino,0,Si,Si,8,Si,Si,DSL,No,Si,No,No,No,No,Month-to-month,No,Cheque,55.75,446.8,No
TE-5322,Femenino,0,Si,Si,71,Si,Si,Fiber optic,Si,Si,Si,Si,Si,Si,Two year,No,Transferencia Bancaria,114.6,8100.25,No
KQ-4547,Femenino,0,No,No,10,Si,Si,Fiber optic,No,Si,No,No,No,No,Month-to-month,Si,Transferencia Bancaria,80.05,830.7,Si
EV-4877,Masculino,0,No,No,1,Si,No,No,No internet service,No internet service,No internet service,No internet service,No internet service,No internet service,Month-to-month,No,Deposito bancario,20,20,Si
DI-1866,Femenino,0,Si,No,71,No,No Servicio Telef nico,DSL,Si,Si,Si,Si,Si,Si,One year,No,Transferencia Bancaria,66.8,4689.15,No
KV-8375,Masculino,0,Si,No,68,Si,No,Fiber optic,No,Si,No,Si,Si,Si,One year,Si,Cheque,100.3,6754.35,No
NQ-2697,Masculino,0,No,No,34,Si,Si,Fiber optic,No,Si,No,Si,Si,Si,Month-to-month,Si,Cheque,105.35,3540.65,No
OI-3709,Masculino,0,No,No,26,Si,No,Fiber optic,No,Si,Si,Si,No,No,One year,Si,Cheque,85.2,2184.6,No
SU-7639,Femenino,0,No,No,22,Si,No,DSL,Si,No,No,No,No,No,Month-to-month,Si,Tarjeta de Credito,48.8,1054.6,Si
ZI-1386,Masculino,0,No,No,7,Si,No,No,No internet service,No internet service,No internet service,No internet service,No internet service,No internet service,Month-to-month,Si,Deposito bancario,18.95,130.55,No
XN-0599,Femenino,0,Si,No,20,Si,No,Fiber optic,No,No,No,No,No,No,Month-to-month,Si,Transferencia Bancaria,69.8,1540.35,No
WH-6377,Femenino,0,Si,No,60,Si,Si,Fiber optic,No,Si,Si,No,Si,Si,Month-to-month,Si,Cheque,106.15,6411.25,No
VL-6855,Masculino,0,Si,Si,72,Si,No,No,No internet service,No internet service,No internet service,No internet service,No internet service,No internet service,Two year,No,Cheque,20.55,1432.55,No
XX-8999,Femenino,1,Si,No,72,Si,Si,Fiber optic,No,Si,Si,No,Si,Si,One year,Si,Tarjeta de Credito,105.75,7629.85,No
OQ-8746,Masculino,0,No,No,4,Si,Si,No,No internet service,No internet service,No internet service,No internet service,No internet service,No internet service,Month-to-month,No,Deposito bancario,25.25,101.9,No
MI-3181,Masculino,0,Si,Si,16,Si,No,No,No internet service,No internet service,No internet service,No internet service,No internet service,No internet service,Month-to-month,No,Cheque,19.75,313.4,No
AR-0471,Femenino,1,Si,No,62,Si,Si,Fiber optic,Si,No,Si,No,Si,Si,One year,Si,Cheque,104.85,6312.9,No
CL-7766,Femenino,0,No,No,10,Si,No,DSL,No,No,No,Si,No,Si,Month-to-month,Si,Deposito bancario,60.95,629.55,No
YL-5650,Masculino,0,No,No,31,Si,Si,Fiber optic,No,Si,No,No,No,No,Month-to-month,Si,Cheque,81.15,2640.55,No
CP-0825,Femenino,0,Si,No,71,Si,No,No,No internet service,No internet service,No internet service,No internet service,No internet service,No internet service,Two year,No,Tarjeta de Credito,19.1,1372.45,No
OA-9084,Masculino,0,No,No,58,Si,No,No,No internet service,No internet service,No internet service,No internet service,No internet service,No internet service,Two year,No,Deposito bancario,20.8,1212.25,No
LJ-6122,Masculino,0,Si,Si,70,Si,Si,DSL,Si,Si,Si,Si,Si,Si,Two year,Si,Tarjeta de Credito,90.15,6237.05,No
XI-2400,Femenino,0,Si,No,71,Si,Si,DSL,Si,Si,Si,Si,Si,Si,Two year,No,Cheque,90.1,6310.9,No
VR-7524,Masculino,1,No,No,69,Si,Si,DSL,Si,No,Si,Si,No,Si,Two year,No,Tarjeta de Credito,74.1,5031,No
XA-1069,Femenino,1,No,No,1,Si,Si,Fiber optic,No,No,No,No,No,Si,Month-to-month,Si,Cheque,85.05,85.05,Si
NM-7569,Femenino,0,Si,Si,72,Si,Si,Fiber optic,Si,Si,Si,Si,Si,Si,Two year,Si,Transferencia Bancaria,118.75,8672.45,No
US-5201,Femenino,0,Si,No,26,Si,No,Fiber optic,No,No,No,Si,No,Si,Month-to-month,No,Tarjeta de Credito,85.9,2196.45,No
PH-2105,Femenino,0,Si,No,33,Si,Si,Fiber optic,No,No,Si,Si,No,Si,Month-to-month,Si,Tarjeta de Credito,95,3008.15,No
EJ-1494,Femenino,0,Si,Si,10,Si,No,No,No internet service,No internet service,No internet service,No internet service,No internet service,No internet service,Two year,No,Deposito bancario,20.15,220.8,No
TV-4884,Femenino,1,No,No,57,Si,Si,Fiber optic,Si,No,Si,Si,No,Si,Two year,No,Tarjeta de Credito,101.3,5779.6,No
EW-8003,Femenino,0,No,No,10,Si,No,No,No internet service,No internet service,No internet service,No internet service,No internet service,No internet service,Month-to-month,Si,Cheque,21.2,222.65,No
RC-1897,Femenino,0,Si,Si,39,Si,Si,No,No internet service,No internet service,No internet service,No internet service,No internet service,No internet service,One year,Si,Deposito bancario,24.2,914.6,No
JT-9256,Femenino,0,No,No,11,Si,No,No,No internet service,No internet service,No internet service,No internet service,No internet service,No internet service,Month-to-month,No,Transferencia Bancaria,20.3,246.3,No
HC-4658,Femenino,0,Si,Si,21,Si,No,Fiber optic,No,Si,Si,Si,Si,Si,Month-to-month,Si,Cheque,102.8,2110.15,Si
RM-2211,Femenino,0,Si,Si,68,Si,Si,DSL,No,Si,Si,Si,Si,Si,Two year,No,Transferencia Bancaria,85.3,5560,No
TF-2432,Masculino,0,No,No,18,Si,Si,Fiber optic,No,No,Si,No,Si,No,One year,Si,Tarjeta de Credito,89.6,1633,No
JP-3440,Femenino,0,No,No,6,Si,No,Fiber optic,No,No,Si,Si,Si,Si,Month-to-month,Si,Deposito bancario,99.95,547.65,Si
RO-4929,Masculino,0,No,No,18,Si,Si,DSL,Si,No,No,No,No,No,Month-to-month,No,Deposito bancario,56.25,969.85,No
AB-1834,Femenino,0,Si,Si,52,Si,No,DSL,No,No,Si,No,No,No,One year,Si,Transferencia Bancaria,50.95,2610.65,No
WT-1741,Masculino,0,Si,Si,56,Si,Si,Fiber optic,Si,Si,Si,Si,Si,Si,Two year,No,Deposito bancario,115.85,6567.9,No
IJ-3932,Masculino,0,No,No,45,Si,Si,Fiber optic,No,No,Si,Si,Si,Si,Month-to-month,Si,Transferencia Bancaria,103.65,4747.85,No
HC-1240,Femenino,0,No,No,67,Si,Si,No,No internet service,No internet service,No internet service,No internet service,No internet service,No internet service,Two year,Si,Deposito bancario,26.1,1759.55,No
KA-3594,Masculino,0,Si,No,3,No,No Servicio Telef nico,DSL,Si,No,No,Si,No,No,Month-to-month,No,Deposito bancario,35.1,101.1,No
BV-8065,Masculino,1,No,No,65,Si,No,Fiber optic,No,Si,Si,No,Si,Si,Month-to-month,Si,Transferencia Bancaria,99.1,6496.15,No
EN-3796,Masculino,0,Si,No,63,Si,Si,DSL,No,Si,No,Si,No,Si,Two year,No,Deposito bancario,67.25,4234.15,No
ZM-1734,Femenino,0,Si,Si,11,Si,Si,No,No internet service,No internet service,No internet service,No internet service,No internet service,No internet service,Two year,No,Deposito bancario,25,300.7,No
CW-2853,Masculino,0,No,Si,1,Si,No,DSL,No,No,No,Si,No,Si,Month-to-month,Si,Deposito bancario,59.55,59.55,No
TA-0813,Masculino,0,No,No,55,Si,Si,DSL,No,No,Si,No,Si,Si,Two year,Si,Transferencia Bancaria,77.8,4323.35,No
TW-2519,Masculino,0,Si,Si,25,Si,Si,DSL,No,No,No,Si,No,No,One year,Si,Deposito bancario,55.1,1466.1,No
FP-2889,Masculino,0,Si,No,72,Si,Si,Fiber optic,Si,Si,Si,Si,Si,Si,One year,Si,Transferencia Bancaria,117.8,8684.8,Si
QX-0626,Femenino,0,Si,No,72,Si,Si,No,No internet service,No internet service,No internet service,No internet service,No internet service,No internet service,Two year,Si,Tarjeta de Credito,24.15,1776.45,No
CE-6723,Femenino,0,No,Si,65,No,No Servicio Telef nico,DSL,No,Si,No,Si,Si,No,Two year,No,Deposito bancario,45.25,2933.95,No
XQ-6987,Femenino,1,No,No,54,Si,Si,Fiber optic,No,Si,No,No,No,No,Month-to-month,Si,Cheque,79.5,4370.25,Si
RR-4732,Masculino,0,Si,Si,7,Si,No,No,No internet service,No internet service,No internet service,No internet service,No internet service,No internet service,Month-to-month,No,Deposito bancario,20.25,144.35,No
XP-9499,Femenino,0,Si,No,72,Si,Si,DSL,Si,Si,No,Si,No,No,Two year,No,Transferencia Bancaria,64.75,4804.75,No
EY-4338,Masculino,0,Si,No,21,Si,No,DSL,No,No,No,No,Si,No,Month-to-month,No,Transferencia Bancaria,54.6,1125.2,No
FD-3007,Femenino,0,No,No,2,Si,No,No,No internet service,No internet service,No internet service,No internet service,No internet service,No internet service,Month-to-month,Si,Transferencia Bancaria,20.7,39.85,No
XF-6350,Masculino,1,No,No,4,Si,No,Fiber optic,No,No,Si,No,Si,Si,Month-to-month,Si,Cheque,94.75,422.4,No
BS-4290,Masculino,0,Si,No,3,Si,Si,Fiber optic,No,No,No,Si,No,No,Month-to-month,Si,Transferencia Bancaria,79.65,251.75,Si
OL-8513,Masculino,0,Si,No,72,Si,Si,Fiber optic,Si,Si,Si,Si,Si,Si,Two year,No,Tarjeta de Credito,115.8,8332.15,No
QY-0311,Femenino,0,No,No,6,Si,No,DSL,Si,No,No,No,No,No,Month-to-month,Si,Cheque,49.45,314.6,No
DW-8705,Masculino,0,No,No,52,Si,No,Fiber optic,No,No,Si,No,No,Si,Month-to-month,Si,Tarjeta de Credito,83.8,4331.4,No
IW-8755,Masculino,1,Si,No,69,Si,Si,Fiber optic,No,Si,Si,No,No,Si,Month-to-month,Si,Transferencia Bancaria,95.35,6382,No
XB-0325,Masculino,0,No,No,8,Si,No,Fiber optic,No,No,Si,No,Si,Si,Month-to-month,Si,Cheque,94.7,740.3,Si
QQ-4480,Femenino,1,No,No,8,Si,No,Fiber optic,No,No,Si,No,No,No,Month-to-month,Si,Transferencia Bancaria,74.05,600.15,No
PE-0929,Femenino,1,No,No,63,Si,Si,Fiber optic,No,No,Si,No,No,Si,Month-to-month,Si,Transferencia Bancaria,89.6,5538.8,No
CT-3680,Masculino,0,No,No,60,Si,Si,Fiber optic,Si,Si,Si,Si,Si,Si,One year,Si,Tarjeta de Credito,116.6,7049.5,No
KK-1202,Femenino,0,Si,No,12,Si,No,DSL,Si,No,No,Si,No,No,Month-to-month,No,Transferencia Bancaria,54.2,690.5,No
KT-6112,Femenino,0,No,No,13,Si,No,No,No internet service,No internet service,No internet service,No internet service,No internet service,No internet service,Month-to-month,Si,Deposito bancario,19.3,279.3,No
XE-1852,Masculino,0,No,No,22,Si,Si,DSL,Si,Si,Si,No,No,No,Month-to-month,No,Deposito bancario,65.05,1427.55,No
XI-2462,Masculino,0,No,No,5,Si,Si,Fiber optic,No,No,Si,No,Si,No,Month-to-month,Si,Cheque,92.5,452.7,Si
XO-4760,Femenino,0,Si,Si,1,Si,No,No,No internet service,No internet service,No internet service,No internet service,No internet service,No internet service,Month-to-month,No,Deposito bancario,19.45,19.45,Si
DJ-1820,Femenino,0,Si,Si,72,Si,Si,No,No internet service,No internet service,No internet service,No internet service,No internet service,No internet service,Two year,Si,Transferencia Bancaria,24.05,1709.15,No
SX-9426,Femenino,0,No,No,2,Si,No,No,No internet service,No internet service,No internet service,No internet service,No internet service,No internet service,Month-to-month,No,Transferencia Bancaria,18.75,53.15,No
FH-9068,Femenino,0,Si,Si,40,Si,No,No,No internet service,No internet service,No internet service,No internet service,No internet service,No internet service,Two year,No,Transferencia Bancaria,20.15,777.35,No
FO-1269,Masculino,0,Si,Si,44,Si,No,No,No internet service,No internet service,No internet service,No internet service,No internet service,No internet service,One year,No,Transferencia Bancaria,20,860.85,No
YF-9470,Masculino,1,Si,No,71,Si,No,DSL,Si,Si,No,Si,Si,No,One year,Si,Transferencia Bancaria,71,5012.1,No
BO-7817,Femenino,0,No,No,2,Si,Si,Fiber optic,No,No,No,No,No,No,Month-to-month,Si,Cheque,75.55,166.3,Si
EY-7402,Masculino,1,No,No,26,Si,Si,Fiber optic,No,No,No,No,Si,Si,Month-to-month,Si,Cheque,93.6,2404.1,No
UD-1853,Masculino,0,Si,Si,1,Si,No,Fiber optic,No,No,No,No,No,No,Month-to-month,Si,Cheque,70,70,Si
VF-9895,Femenino,0,No,No,1,No,No Servicio Telef nico,DSL,No,No,No,No,No,No,Month-to-month,No,Deposito bancario,24.4,24.4,No
CQ-5458,Masculino,0,Si,Si,65,Si,No,DSL,Si,No,No,Si,Si,Si,Two year,Si,Transferencia Bancaria,74.8,4820.15,Si
QA-1230,Masculino,0,No,No,3,Si,Si,DSL,No,No,No,Si,Si,No,Month-to-month,Si,Deposito bancario,65.25,209.9,No
ZI-5701,Masculino,0,No,No,13,Si,No,DSL,No,No,No,Si,No,No,Month-to-month,Si,Deposito bancario,50.55,610.75,No
YI-5219,Femenino,0,Si,No,33,Si,Si,Fiber optic,No,Si,Si,No,Si,Si,Month-to-month,Si,Cheque,104.4,3409.6,Si
MI-5032,Femenino,0,No,No,1,Si,No,Fiber optic,No,No,No,No,No,No,Month-to-month,Si,Deposito bancario,70.7,70.7,No
VJ-7396,Masculino,0,Si,Si,4,Si,No,DSL,No,No,No,No,No,No,Month-to-month,No,Deposito bancario,45.25,155.35,No
QE-9717,Masculino,0,No,No,2,Si,No,Fiber optic,No,No,No,No,No,No,Month-to-month,Si,Cheque,70.3,144,No
RK-5172,Masculino,0,Si,No,72,Si,Si,Fiber optic,Si,Si,No,Si,Si,Si,Two year,Si,Tarjeta de Credito,108.95,7875,No
TS-6509,Femenino,0,Si,Si,37,Si,Si,No,No internet service,No internet service,No internet service,No internet service,No internet service,No internet service,Month-to-month,No,Deposito bancario,26.45,911.6,No
RZ-3540,Femenino,0,No,No,15,Si,No,Fiber optic,Si,No,No,No,Si,No,Month-to-month,No,Cheque,86.2,1270.2,Si
CI-3178,Femenino,0,No,No,23,Si,No,No,No internet service,No internet service,No internet service,No internet service,No internet service,No internet service,One year,Si,Tarjeta de Credito,19.65,478.1,No
MJ-2091,Femenino,0,Si,Si,30,No,No Servicio Telef nico,DSL,No,No,No,Si,Si,Si,Month-to-month,No,Tarjeta de Credito,51.2,1561.5,Si
ND-4530,Femenino,0,Si,Si,42,Si,No,No,No internet service,No internet service,No internet service,No internet service,No internet service,No internet service,One year,Si,Cheque,19.05,761.85,No
TB-5985,Femenino,0,No,No,32,Si,Si,DSL,Si,No,No,No,Si,Si,One year,No,Deposito bancario,74.75,2282.95,No
ON-9800,Femenino,0,Si,Si,22,Si,Si,Fiber optic,No,No,No,No,No,No,Month-to-month,Si,Transferencia Bancaria,75.8,1615.1,No
HH-6743,Masculino,0,Si,No,42,No,No Servicio Telef nico,DSL,No,No,No,No,No,No,Month-to-month,Si,Tarjeta de Credito,25.1,1097.15,No
HI-8455,Femenino,0,No,No,8,Si,No,DSL,No,No,No,No,No,No,Month-to-month,No,Deposito bancario,44.45,369.3,No
AA-6616,Femenino,0,Si,Si,65,Si,Si,Fiber optic,Si,No,Si,No,Si,Si,Two year,Si,Tarjeta de Credito,104.3,6725.3,No
EI-0883,Femenino,0,No,No,2,Si,No,No,No internet service,No internet service,No internet service,No internet service,No internet service,No internet service,Month-to-month,No,Deposito bancario,19.5,31.55,Si
ZN-9415,Femenino,0,Si,Si,70,Si,Si,DSL,Si,Si,Si,Si,Si,Si,Two year,Si,Transferencia Bancaria,89,6293.2,No
KJ-4018,Masculino,0,No,Si,22,Si,No,No,No internet service,No internet service,No internet service,No internet service,No internet service,No internet service,Month-to-month,No,Tarjeta de Credito,20.15,432.5,No
TR-0722,Femenino,1,No,No,4,Si,Si,Fiber optic,No,No,No,No,No,No,Month-to-month,Si,Cheque,74.9,321.75,Si
YX-7571,Femenino,0,No,No,2,Si,Si,Fiber optic,No,No,No,No,No,No,Month-to-month,No,Tarjeta de Credito,74.9,147.15,Si
UE-3884,Femenino,0,Si,Si,67,No,No Servicio Telef nico,DSL,Si,Si,No,No,No,No,Two year,No,Transferencia Bancaria,36.15,2434.45,No
RS-8780,Femenino,0,No,No,25,Si,No,No,No internet service,No internet service,No internet service,No internet service,No internet service,No internet service,Month-to-month,Si,Tarjeta de Credito,19.2,532.1,No
UX-5537,Femenino,0,Si,No,20,Si,No,No,No internet service,No internet service,No internet service,No internet service,No internet service,No internet service,Month-to-month,No,Transferencia Bancaria,19.25,375.25,No
PQ-1791,Femenino,0,No,Si,2,Si,No,DSL,Si,No,No,No,No,Si,Month-to-month,Si,Tarjeta de Credito,61.2,125.95,No
DG-8701,Masculino,0,No,No,51,Si,No,No,No internet service,No internet service,No internet service,No internet service,No internet service,No internet service,Two year,No,Deposito bancario,20.45,1042.65,No
LQ-8741,Femenino,0,Si,Si,46,No,No Servicio Telef nico,DSL,Si,Si,No,No,No,No,Month-to-month,No,Transferencia Bancaria,35.05,1620.25,No
FM-3393,Femenino,0,No,No,25,Si,Si,Fiber optic,No,Si,No,No,Si,Si,Month-to-month,Si,Cheque,100.25,2387.75,Si
GH-8082,Masculino,0,No,Si,13,Si,No,DSL,No,No,No,No,No,No,Month-to-month,No,Deposito bancario,44,659.35,No
ZF-6402,Femenino,1,No,No,25,Si,Si,Fiber optic,Si,Si,No,No,Si,Si,Month-to-month,Si,Deposito bancario,102.8,2660.2,Si
FE-0980,Masculino,0,Si,Si,26,Si,No,DSL,No,No,Si,No,No,No,One year,No,Deposito bancario,50.35,1285.8,No
KS-7486,Masculino,0,No,No,43,Si,Si,Fiber optic,No,No,No,Si,Si,Si,One year,Si,Cheque,100,4211.55,Si
WQ-3011,Masculino,0,No,Si,19,Si,No,No,No internet service,No internet service,No internet service,No internet service,No internet service,No internet service,Month-to-month,Si,Cheque,20,377.55,No
WV-8443,Masculino,0,Si,No,10,Si,No,Fiber optic,No,Si,No,Si,Si,Si,Month-to-month,Si,Cheque,99.85,990.9,Si
XI-3006,Femenino,0,No,Si,2,Si,Si,Fiber optic,No,No,No,No,Si,Si,Month-to-month,Si,Transferencia Bancaria,94.2,193.8,Si
FF-8218,Femenino,0,Si,No,72,Si,Si,DSL,Si,Si,No,Si,Si,Si,Two year,Si,Transferencia Bancaria,86.4,6058.95,No
PH-1986,Masculino,1,No,No,18,Si,Si,DSL,Si,Si,No,No,No,No,Month-to-month,Si,Tarjeta de Credito,58.4,964.9,No
YO-9965,Masculino,1,No,No,9,Si,Si,Fiber optic,No,No,No,No,No,Si,Month-to-month,Si,Cheque,83.85,790.15,Si
HH-0504,Femenino,1,No,No,27,Si,Si,Fiber optic,No,No,Si,No,No,Si,Month-to-month,No,Tarjeta de Credito,88.3,2467.75,Si
OM-9360,Masculino,0,No,No,24,Si,Si,Fiber optic,No,No,No,No,Si,Si,Month-to-month,Si,Cheque,94.1,2322.85,No
YL-6305,Masculino,0,No,No,69,Si,No,Fiber optic,No,Si,Si,Si,Si,Si,One year,Si,Transferencia Bancaria,104.05,7262,Si
XM-0345,Femenino,0,Si,No,46,Si,Si,Fiber optic,No,Si,Si,Si,Si,Si,Two year,Si,Tarjeta de Credito,108.9,4854.3,No
XN-8024,Femenino,1,No,No,72,Si,Si,Fiber optic,Si,Si,Si,Si,No,Si,Two year,Si,Transferencia Bancaria,107.4,7748.75,No
GM-3647,Masculino,0,Si,No,22,Si,No,Fiber optic,No,No,Si,No,Si,Si,Month-to-month,Si,Tarjeta de Credito,94.7,1914.9,Si
GB-2988,Femenino,1,Si,No,70,Si,Si,Fiber optic,Si,No,No,No,No,Si,Month-to-month,Si,Cheque,90.85,6470.1,No
SC-2832,Femenino,0,No,No,2,Si,No,No,No internet service,No internet service,No internet service,No internet service,No internet service,No internet service,Month-to-month,No,Cheque,19.9,57.4,No
ZZ-7036,Masculino,0,Si,No,31,Si,No,DSL,No,No,Si,Si,No,Si,Month-to-month,Si,Tarjeta de Credito,66.4,2019.8,No
LG-3791,Femenino,1,Si,No,56,Si,Si,Fiber optic,No,No,Si,No,Si,Si,Month-to-month,Si,Transferencia Bancaria,100.65,5688.05,Si
PS-0265,Femenino,0,Si,Si,16,Si,No,Fiber optic,Si,No,Si,No,Si,Si,Month-to-month,No,Transferencia Bancaria,100.7,1522.7,No
TX-0463,Masculino,0,No,Si,52,Si,Si,No,No internet service,No internet service,No internet service,No internet service,No internet service,No internet service,Two year,No,Tarjeta de Credito,25.6,1334.5,No
UF-0594,Masculino,0,Si,Si,13,Si,No,No,No internet service,No internet service,No internet service,No internet service,No internet service,No internet service,Month-to-month,Si,Deposito bancario,19.85,252,No
MP-9509,Femenino,0,No,No,35,Si,No,No,No internet service,No internet service,No internet service,No internet service,No internet service,No internet service,One year,No,Deposito bancario,20.75,700.45,No
CP-9128,Femenino,0,No,No,59,Si,No,Fiber optic,No,No,Si,No,Si,Si,Two year,No,Cheque,95.8,5655.45,No
KP-0129,Masculino,0,Si,No,72,Si,No,Fiber optic,No,No,Si,No,Si,Si,Month-to-month,Si,Cheque,94.65,6747.35,No
ZZ-8166,Femenino,1,Si,No,66,Si,Si,DSL,No,Si,Si,No,Si,Si,Two year,Si,Transferencia Bancaria,80.55,5265.1,Si
EI-5855,Femenino,0,Si,No,49,Si,Si,Fiber optic,Si,Si,Si,Si,No,Si,Two year,No,Tarjeta de Credito,106.65,5174.35,No
LL-5365,Femenino,0,No,No,2,Si,No,DSL,No,No,No,No,No,No,Month-to-month,Si,Deposito bancario,45.85,105.6,No
YH-5956,Masculino,1,No,No,21,Si,Si,Fiber optic,No,Si,Si,No,Si,Si,Month-to-month,Si,Cheque,104.35,2271.85,No
NA-6008,Masculino,1,No,No,54,No,No Servicio Telef nico,DSL,No,Si,Si,No,Si,Si,One year,Si,Cheque,55.45,2966.95,No
GG-2956,Masculino,1,Si,No,24,Si,Si,Fiber optic,Si,No,No,No,No,No,Month-to-month,Si,Cheque,78.85,1772.25,Si
BX-1928,Masculino,0,No,No,1,Si,Si,DSL,Si,Si,No,No,No,No,Month-to-month,No,Cheque,61.15,61.15,No
FX-5760,Masculino,0,No,No,6,Si,No,Fiber optic,Si,Si,No,No,No,No,Month-to-month,Si,Cheque,78.95,494.95,No
CO-6595,Femenino,0,No,No,1,Si,No,DSL,No,No,No,No,No,No,Month-to-month,Si,Deposito bancario,44.45,44.45,Si
ZW-0961,Masculino,0,No,Si,49,Si,Si,Fiber optic,Si,Si,Si,No,Si,Si,One year,Si,Tarjeta de Credito,109.2,5290.45,No
OA-5181,Femenino,0,Si,Si,56,Si,No,DSL,Si,Si,Si,No,No,No,Two year,Si,Tarjeta de Credito,61.3,3346.8,No
NH-4007,Femenino,1,No,No,56,Si,Si,Fiber optic,Si,Si,No,No,No,Si,Month-to-month,Si,Cheque,96.85,5219.65,No
VG-7816,Femenino,0,Si,Si,6,No,No Servicio Telef nico,DSL,No,Si,Si,Si,No,No,Two year,No,Deposito bancario,40.55,217.5,No
DG-5871,Masculino,0,No,No,32,Si,No,No,No internet service,No internet service,No internet service,No internet service,No internet service,No internet service,One year,No,Deposito bancario,19.8,607.7,No
WI-7550,Masculino,0,Si,Si,50,Si,Si,Fiber optic,Si,Si,Si,No,Si,Si,One year,Si,Cheque,108.25,5431.4,No
ZV-7544,Masculino,0,Si,Si,58,Si,Si,Fiber optic,No,No,Si,Si,Si,Si,One year,Si,Transferencia Bancaria,105.05,6004.85,No
QL-0016,Femenino,0,Si,Si,65,Si,Si,DSL,Si,Si,Si,Si,Si,Si,Two year,Si,Deposito bancario,90.45,5957.9,No
DQ-7508,Femenino,0,No,No,64,Si,Si,DSL,Si,Si,Si,Si,Si,Si,Two year,Si,Tarjeta de Credito,86.4,5442.05,No
OL-5176,Femenino,0,Si,No,66,Si,Si,DSL,Si,Si,Si,No,No,No,Two year,No,Transferencia Bancaria,66.9,4370.25,No
AX-9356,Masculino,0,Si,No,38,Si,Si,Fiber optic,Si,No,Si,Si,Si,Si,One year,Si,Cheque,110.7,4428.6,No
BV-3556,Femenino,0,Si,No,20,Si,No,No,No internet service,No internet service,No internet service,No internet service,No internet service,No internet service,One year,Si,Deposito bancario,20,416.45,No
ZB-0362,Masculino,0,No,No,36,Si,Si,Fiber optic,No,No,No,No,No,Si,Month-to-month,Si,Cheque,84.9,3067.2,Si
CA-8979,Masculino,1,No,No,64,Si,Si,Fiber optic,No,No,Si,Si,Si,Si,One year,No,Cheque,102.1,6688.1,No
MM-4211,Masculino,0,No,No,1,Si,No,No,No internet service,No internet service,No internet service,No internet service,No internet service,No internet service,Month-to-month,No,Deposito bancario,20.25,20.25,Si
EB-7581,Femenino,0,No,No,60,Si,No,DSL,No,Si,Si,Si,Si,No,One year,Si,Tarjeta de Credito,70.15,4224.7,No
OW-4274,Masculino,0,No,No,1,Si,No,Fiber optic,No,Si,No,No,No,No,Month-to-month,Si,Cheque,74.35,74.35,Si
RZ-5073,Femenino,0,Si,Si,50,Si,Si,DSL,Si,Si,Si,Si,No,Si,One year,Si,Transferencia Bancaria,80.05,4042.2,No
ET-1541,Masculino,0,No,No,1,Si,Si,DSL,No,No,Si,Si,No,No,Month-to-month,No,Deposito bancario,62.05,62.05,Si
CK-2192,Femenino,0,Si,No,72,No,No Servicio Telef nico,DSL,Si,Si,Si,No,No,Si,Two year,Si,Cheque,49.2,3580.95,No
HM-3154,Masculino,0,Si,No,60,Si,No,No,No internet service,No internet service,No internet service,No internet service,No internet service,No internet service,Two year,Si,Transferencia Bancaria,20.5,1198.8,No
SP-6119,Masculino,0,No,No,46,No,No Servicio Telef nico,DSL,Si,No,Si,Si,No,No,Two year,No,Deposito bancario,38.25,1755.35,No
OI-6522,Femenino,0,Si,Si,69,No,No Servicio Telef nico,DSL,No,Si,Si,No,Si,Si,Two year,Si,Tarjeta de Credito,54.95,3772.5,No
ZG-7813,Masculino,1,No,No,31,Si,Si,Fiber optic,No,No,Si,Si,Si,No,Month-to-month,Si,Transferencia Bancaria,96.6,2877.95,No
HF-8748,Masculino,0,Si,Si,19,Si,No,No,No internet service,No internet service,No internet service,No internet service,No internet service,No internet service,One year,No,Deposito bancario,19.9,357.7,No
QJ-1052,Femenino,0,Si,Si,71,Si,No,No,No internet service,No internet service,No internet service,No internet service,No internet service,No internet service,Two year,No,Tarjeta de Credito,19.9,1397.3,No
YL-1319,Masculino,0,Si,No,12,Si,No,Fiber optic,Si,Si,Si,No,No,No,Month-to-month,Si,Cheque,84.6,959.9,No
HA-4106,Masculino,0,Si,Si,39,Si,No,DSL,Si,No,Si,Si,Si,Si,One year,No,Tarjeta de Credito,80,3182.95,Si
FD-0723,Masculino,0,No,No,44,Si,Si,DSL,No,Si,Si,Si,Si,Si,One year,Si,Transferencia Bancaria,85.25,3704.15,No
RL-3050,Femenino,0,Si,Si,56,Si,Si,DSL,Si,Si,Si,Si,Si,No,Two year,No,Tarjeta de Credito,81.25,4620.4,No
WG-9298,Femenino,0,Si,No,72,Si,Si,Fiber optic,Si,Si,Si,Si,Si,Si,Two year,Si,Transferencia Bancaria,115.5,8312.75,No
UA-2369,Masculino,0,No,No,5,Si,Si,Fiber optic,No,Si,Si,No,Si,Si,Month-to-month,No,Deposito bancario,104.1,541.9,Si
LH-3088,Femenino,0,No,No,11,Si,Si,Fiber optic,Si,No,No,No,No,No,Month-to-month,Si,Transferencia Bancaria,79,929.3,No
OC-2778,Masculino,1,Si,No,24,No,No Servicio Telef nico,DSL,Si,No,No,No,No,Si,Month-to-month,No,Transferencia Bancaria,39.1,971.3,Si
KQ-6583,Femenino,1,Si,No,15,Si,No,Fiber optic,No,Si,No,No,Si,Si,Month-to-month,Si,Cheque,94.65,1285.05,No
JN-8544,Masculino,0,No,No,72,Si,No,No,No internet service,No internet service,No internet service,No internet service,No internet service,No internet service,Two year,Si,Deposito bancario,20.8,1521.2,No
ZS-6681,Masculino,0,Si,No,56,Si,Si,DSL,No,Si,Si,No,No,No,Two year,No,Tarjeta de Credito,59.5,3389.25,No
ZZ-6139,Masculino,1,No,No,64,Si,No,No,No internet service,No internet service,No internet service,No internet service,No internet service,No internet service,Two year,Si,Transferencia Bancaria,20.05,1198.05,No
RF-6116,Femenino,0,Si,No,34,Si,Si,Fiber optic,No,No,Si,No,Si,Si,Month-to-month,Si,Cheque,100.45,3414.65,No
KV-0637,Masculino,0,No,No,2,Si,Si,Fiber optic,No,No,No,No,No,No,Month-to-month,Si,Cheque,76.5,162.45,Si
FE-8884,Masculino,0,No,No,35,Si,No,No,No internet service,No internet service,No internet service,No internet service,No internet service,No internet service,One year,No,Transferencia Bancaria,20.6,754,No
RA-3125,Masculino,0,No,No,22,Si,No,No,No internet service,No internet service,No internet service,No internet service,No internet service,No internet service,One year,No,Tarjeta de Credito,20.3,467.15,No
MP-6633,Masculino,0,No,No,5,Si,No,DSL,No,No,No,Si,No,No,Month-to-month,Si,Cheque,49.2,216.9,Si
AI-0373,Masculino,0,No,No,9,No,No Servicio Telef nico,DSL,Si,Si,Si,No,No,No,One year,No,Deposito bancario,39.55,373,No
EP-8785,Masculino,0,No,No,11,Si,Si,No,No internet service,No internet service,No internet service,No internet service,No internet service,No internet service,Month-to-month,No,Tarjeta de Credito,23.15,245.2,Si
VC-1682,Masculino,0,No,No,23,Si,No,No,No internet service,No internet service,No internet service,No internet service,No internet service,No internet service,One year,No,Deposito bancario,20.45,481.1,No
KL-5729,Femenino,0,Si,Si,4,Si,No,Fiber optic,No,No,No,No,No,Si,Month-to-month,No,Cheque,80.85,302.75,Si
ZV-2072,Masculino,0,Si,No,68,Si,Si,No,No internet service,No internet service,No internet service,No internet service,No internet service,No internet service,Two year,No,Transferencia Bancaria,25.25,1728.2,No
AY-8849,Masculino,0,Si,No,33,Si,No,Fiber optic,No,No,No,No,Si,Si,Month-to-month,No,Cheque,91.25,2964.05,No
IM-9518,Masculino,0,No,No,31,Si,No,DSL,Si,Si,Si,Si,Si,No,Month-to-month,Si,Transferencia Bancaria,72.45,2156.25,No
RA-1582,Masculino,0,No,No,1,Si,Si,DSL,No,Si,No,Si,No,No,Month-to-month,No,Deposito bancario,60.1,60.1,Si
IT-3646,Femenino,0,No,No,56,Si,No,No,No internet service,No internet service,No internet service,No internet service,No internet service,No internet service,Two year,No,Transferencia Bancaria,19.7,1051.9,No
CR-8740,Masculino,0,No,No,1,Si,No,Fiber optic,No,No,No,No,Si,No,Month-to-month,Si,Cheque,78.95,78.95,Si
VL-3569,Masculino,0,Si,Si,66,Si,No,DSL,Si,Si,Si,Si,Si,No,One year,Si,Cheque,75.1,5013,No
KD-8224,Masculino,0,Si,Si,72,Si,Si,No,No internet service,No internet service,No internet service,No internet service,No internet service,No internet service,Two year,No,Transferencia Bancaria,25,1738.9,No
LZ-7594,Masculino,1,No,No,34,Si,No,Fiber optic,No,No,No,No,No,No,Month-to-month,No,Tarjeta de Credito,69.15,2275.1,No
TS-4001,Femenino,0,Si,Si,58,Si,No,Fiber optic,No,Si,Si,No,Si,No,Month-to-month,Si,Cheque,91.55,5511.65,No
XP-2962,Masculino,0,No,No,2,Si,No,DSL,No,No,No,No,No,No,Month-to-month,Si,Cheque,45.15,98.5,Si
XD-8727,Masculino,0,No,No,37,No,No Servicio Telef nico,DSL,No,No,No,No,Si,No,Two year,No,Tarjeta de Credito,35.8,1316.9,No
UX-1043,Femenino,0,No,No,71,Si,Si,Fiber optic,Si,Si,Si,Si,Si,Si,Two year,Si,Tarjeta de Credito,113.15,7993.3,No
FB-1064,Masculino,0,Si,Si,1,Si,No,No,No internet service,No internet service,No internet service,No internet service,No internet service,No internet service,One year,No,Tarjeta de Credito,19.85,19.85,No
ZN-3996,Masculino,1,Si,Si,71,Si,No,No,No internet service,No internet service,No internet service,No internet service,No internet service,No internet service,Two year,No,Tarjeta de Credito,19.8,1388.45,No
DH-2878,Masculino,0,Si,Si,35,Si,No,No,No internet service,No internet service,No internet service,No internet service,No internet service,No internet service,One year,No,Cheque,19.9,666,No
ON-7762,Femenino,0,Si,Si,6,Si,No,No,No internet service,No internet service,No internet service,No internet service,No internet service,No internet service,One year,No,Deposito bancario,19.7,94.45,No
FY-1678,Femenino,0,No,No,3,Si,No,Fiber optic,No,No,No,No,Si,No,Month-to-month,Si,Cheque,79.4,244.65,Si
BK-5795,Femenino,0,Si,Si,69,Si,No,DSL,No,Si,Si,Si,No,No,One year,No,Transferencia Bancaria,59.1,4134.7,No
EH-8627,Masculino,0,No,No,44,No,No Servicio Telef nico,DSL,No,Si,Si,No,Si,Si,One year,Si,Deposito bancario,53.95,2375.4,Si
PW-7402,Femenino,0,Si,No,53,Si,Si,Fiber optic,No,No,No,Si,No,Si,One year,Si,Cheque,91.15,4862.5,No
TB-5480,Femenino,0,Si,No,24,Si,No,Fiber optic,No,Si,Si,No,Si,Si,Month-to-month,Si,Tarjeta de Credito,99.3,2431.35,Si
NY-0018,Femenino,0,Si,No,5,Si,No,Fiber optic,No,No,No,No,No,No,Month-to-month,Si,Cheque,68.95,351.5,No
VT-7501,Femenino,0,No,Si,2,Si,No,DSL,No,Si,No,No,No,No,Month-to-month,No,Deposito bancario,51.55,106.2,No
RG-7608,Masculino,0,No,Si,62,Si,Si,No,No internet service,No internet service,No internet service,No internet service,No internet service,No internet service,Two year,Si,Deposito bancario,24.4,1413,No
BI-0480,Femenino,0,Si,No,19,Si,No,Fiber optic,No,No,Si,No,Si,Si,Month-to-month,Si,Cheque,96.8,1743.05,No
QS-5895,Masculino,0,No,No,9,Si,No,Fiber optic,No,No,No,No,No,No,Month-to-month,No,Deposito bancario,70.05,657.5,No
AO-9814,Masculino,0,No,No,53,Si,No,No,No internet service,No internet service,No internet service,No internet service,No internet service,No internet service,Two year,No,Tarjeta de Credito,19.5,1050.5,No
IR-6175,Masculino,0,No,No,5,Si,No,Fiber optic,No,No,No,No,No,Si,Month-to-month,No,Deposito bancario,78.75,426.35,No
ZR-8760,Femenino,1,Si,Si,71,Si,Si,DSL,Si,Si,No,No,Si,No,One year,No,Cheque,69.2,4982.5,No
HS-1622,Femenino,0,No,No,1,Si,No,No,No internet service,No internet service,No internet service,No internet service,No internet service,No internet service,Month-to-month,Si,Deposito bancario,19.55,19.55,No
CC-8854,Masculino,0,No,No,18,Si,Si,Fiber optic,No,Si,No,No,No,No,Month-to-month,Si,Cheque,80.65,1451.9,Si
UT-6749,Masculino,0,No,No,72,Si,Si,Fiber optic,No,Si,Si,No,Si,Si,Two year,Si,Cheque,103.65,7634.8,No
DH-5542,Femenino,0,Si,No,4,Si,No,DSL,Si,Si,No,No,No,No,Month-to-month,No,Deposito bancario,54.7,235.05,No
OX-9102,Masculino,0,No,No,59,Si,Si,DSL,No,No,Si,No,No,No,Two year,No,Tarjeta de Credito,54.15,3116.15,No
JT-0511,Femenino,0,No,No,1,Si,No,Fiber optic,No,No,No,No,No,No,Month-to-month,No,Deposito bancario,71.1,71.1,Si
WA-5216,Femenino,1,Si,No,31,Si,Si,Fiber optic,No,No,No,No,No,Si,Month-to-month,Si,Cheque,84.85,2633.4,No
DV-7808,Masculino,0,Si,No,3,Si,No,No,No internet service,No internet service,No internet service,No internet service,No internet service,No internet service,Month-to-month,No,Transferencia Bancaria,20,49.65,No
KS-7067,Femenino,1,Si,No,65,Si,Si,Fiber optic,No,Si,Si,No,Si,Si,One year,Si,Cheque,106.25,6979.8,Si
VF-2284,Masculino,0,Si,No,49,Si,No,Fiber optic,No,No,Si,Si,Si,Si,One year,Si,Tarjeta de Credito,99.25,4920.8,No
NQ-0366,Masculino,0,No,No,2,Si,No,No,No internet service,No internet service,No internet service,No internet service,No internet service,No internet service,Month-to-month,No,Deposito bancario,19.35,46.35,No
YL-6532,Femenino,0,Si,No,53,Si,No,No,No internet service,No internet service,No internet service,No internet service,No internet service,No internet service,One year,No,Transferencia Bancaria,20.8,1021.8,Si
BP-3807,Femenino,0,Si,No,55,Si,No,Fiber optic,Si,No,No,No,Si,Si,One year,Si,Cheque,94.75,5276.1,No
NX-3892,Masculino,0,Si,Si,72,Si,Si,Fiber optic,Si,Si,Si,Si,Si,Si,Two year,Si,Tarjeta de Credito,114.05,8289.2,No
WB-4948,Femenino,1,No,No,36,Si,Si,Fiber optic,No,No,No,No,No,No,Month-to-month,Si,Transferencia Bancaria,74.9,2659.45,No
BG-4182,Femenino,0,Si,Si,10,Si,No,No,No internet service,No internet service,No internet service,No internet service,No internet service,No internet service,Month-to-month,Si,Transferencia Bancaria,19.8,196.75,No
AG-9300,Masculino,1,No,No,1,Si,Si,Fiber optic,No,No,No,No,Si,Si,Month-to-month,Si,Cheque,94,94,Si
AA-0988,Femenino,0,Si,Si,72,Si,Si,DSL,Si,Si,Si,Si,No,Si,Two year,No,Transferencia Bancaria,80.85,5824.75,No
NK-9972,Femenino,0,No,No,28,Si,No,DSL,No,Si,No,Si,No,No,Month-to-month,No,Transferencia Bancaria,54.65,1517.5,No
LN-3717,Masculino,0,Si,No,38,Si,Si,Fiber optic,Si,No,No,No,Si,No,Month-to-month,No,Transferencia Bancaria,91.7,3479.05,No
EJ-5734,Femenino,0,No,No,61,Si,Si,Fiber optic,Si,Si,Si,Si,Si,Si,One year,Si,Cheque,118.6,7365.7,No
RY-2207,Masculino,0,Si,Si,52,Si,Si,No,No internet service,No internet service,No internet service,No internet service,No internet service,No internet service,Two year,No,Deposito bancario,24.55,1331.05,No
FZ-6729,Masculino,0,No,No,67,Si,No,No,No internet service,No internet service,No internet service,No internet service,No internet service,No internet service,One year,Si,Deposito bancario,19.45,1195.95,No
ID-9695,Femenino,0,No,Si,34,Si,Si,Fiber optic,Si,Si,Si,Si,Si,Si,Two year,Si,Tarjeta de Credito,116.15,3946.9,No
DG-8144,Femenino,0,No,No,54,Si,No,DSL,Si,No,Si,Si,Si,Si,Two year,No,Cheque,80.6,4299.95,No
LE-7814,Femenino,0,Si,No,1,Si,No,No,No internet service,No internet service,No internet service,No internet service,No internet service,No internet service,Month-to-month,Si,Transferencia Bancaria,20.3,20.3,No
CU-1112,Femenino,1,No,No,15,Si,Si,Fiber optic,No,Si,No,No,No,Si,Month-to-month,No,Cheque,89.85,1424.95,Si
AO-5175,Femenino,0,No,No,4,Si,No,DSL,No,No,No,No,No,No,Month-to-month,Si,Deposito bancario,46,193.6,Si
RN-5174,Femenino,0,No,No,9,Si,No,DSL,No,Si,No,Si,Si,No,Month-to-month,No,Deposito bancario,66.25,620.55,Si
WU-8631,Femenino,0,No,Si,46,Si,No,Fiber optic,No,Si,Si,No,Si,Si,Month-to-month,Si,Cheque,99.8,4391.25,No
BD-7270,Femenino,0,No,No,22,Si,Si,Fiber optic,No,No,No,Si,Si,No,Month-to-month,Si,Cheque,90,1993.8,Si
JS-9565,Masculino,0,No,No,38,Si,No,Fiber optic,No,No,No,No,No,No,One year,Si,Transferencia Bancaria,70.45,2597.6,Si
DV-5906,Femenino,0,Si,Si,55,Si,Si,DSL,Si,Si,No,Si,Si,No,One year,Si,Tarjeta de Credito,75,4213.9,No
QG-6654,Femenino,0,No,No,1,Si,No,No,No internet service,No internet service,No internet service,No internet service,No internet service,No internet service,Month-to-month,No,Deposito bancario,19.9,19.9,No
JL-8348,Masculino,1,Si,No,64,Si,No,Fiber optic,Si,No,Si,No,No,No,One year,No,Tarjeta de Credito,80.3,5017.7,No
DA-0607,Masculino,0,No,Si,53,Si,No,No,No internet service,No internet service,No internet service,No internet service,No internet service,No internet service,Two year,No,Transferencia Bancaria,19.75,1052.35,Si
DM-5641,Femenino,0,Si,No,58,Si,Si,DSL,Si,No,Si,Si,Si,Si,Two year,Si,Cheque,84.3,4916.4,No
NL-9200,Masculino,0,Si,No,56,No,No Servicio Telef nico,DSL,No,No,Si,Si,Si,Si,One year,Si,Transferencia Bancaria,54.05,2959.8,No
XJ-2664,Masculino,0,Si,Si,72,Si,No,Fiber optic,Si,No,Si,Si,Si,Si,Two year,Si,Tarjeta de Credito,104.9,7559.55,No
KP-9732,Masculino,0,No,No,1,Si,No,DSL,Si,No,No,Si,No,No,Month-to-month,Si,Cheque,53.95,53.95,Si
EA-3339,Masculino,1,Si,No,72,Si,Si,Fiber optic,No,Si,No,No,Si,Si,One year,Si,Tarjeta de Credito,97.25,7133.1,No
OH-0921,Masculino,0,No,No,22,Si,Si,Fiber optic,No,No,No,No,No,Si,Month-to-month,No,Cheque,83.05,1799.3,No
YG-3389,Femenino,1,No,No,8,Si,Si,Fiber optic,No,Si,Si,No,Si,Si,Month-to-month,Si,Cheque,105.5,829.55,Si
AR-9560,Femenino,0,No,Si,16,Si,No,Fiber optic,No,No,No,No,Si,No,Month-to-month,Si,Cheque,81,1312.15,Si
NY-8350,Femenino,0,No,No,39,No,No Servicio Telef nico,DSL,No,Si,Si,Si,No,No,Month-to-month,No,Transferencia Bancaria,41.1,1597.05,No
DI-1600,Femenino,0,No,No,12,Si,No,DSL,No,No,No,No,No,No,Month-to-month,Si,Transferencia Bancaria,45,524.35,No
ES-0536,Masculino,0,Si,No,54,Si,No,DSL,Si,Si,No,No,Si,Si,Two year,Si,Transferencia Bancaria,74.55,4191.45,No
GG-4654,Femenino,0,No,No,18,No,No Servicio Telef nico,DSL,Si,Si,No,Si,No,No,One year,Si,Deposito bancario,40.2,711.95,No
HR-6478,Masculino,0,Si,No,32,Si,No,DSL,Si,Si,No,Si,No,Si,One year,No,Deposito bancario,70.5,2201.75,No
BB-8510,Femenino,0,No,No,41,Si,No,No,No internet service,No internet service,No internet service,No internet service,No internet service,No internet service,One year,Si,Deposito bancario,19.75,806.95,No
TK-6857,Masculino,0,Si,Si,67,Si,Si,No,No internet service,No internet service,No internet service,No internet service,No internet service,No internet service,Two year,No,Transferencia Bancaria,24.65,1620.45,No
RD-2360,Masculino,0,Si,No,65,Si,Si,Fiber optic,Si,No,Si,No,Si,Si,Month-to-month,Si,Cheque,104.25,6812.95,No
BJ-0584,Femenino,0,No,No,25,Si,Si,DSL,Si,Si,Si,Si,Si,No,Month-to-month,Si,Transferencia Bancaria,78.35,1837.9,No
IK-5134,Femenino,0,Si,Si,1,Si,No,Fiber optic,No,No,No,No,No,No,Month-to-month,Si,Cheque,69.8,69.8,Si
XF-1360,Femenino,0,Si,No,67,Si,Si,Fiber optic,No,Si,Si,Si,Si,Si,One year,Si,Tarjeta de Credito,109.7,7344.45,No
DV-3070,Masculino,1,No,No,7,Si,Si,Fiber optic,No,No,No,No,No,No,Month-to-month,No,Deposito bancario,73.75,545.15,Si
RI-5730,Femenino,1,No,No,43,No,No Servicio Telef nico,DSL,Si,Si,No,No,No,No,Month-to-month,Si,Tarjeta de Credito,33.45,1500.25,No
MJ-9058,Femenino,0,No,No,24,Si,No,Fiber optic,Si,No,No,No,Si,Si,Month-to-month,Si,Cheque,94.6,2283.15,No
OR-5707,Masculino,1,No,No,9,Si,Si,DSL,Si,No,No,No,No,No,Month-to-month,No,Cheque,54.55,494.05,Si
XK-0902,Masculino,0,Si,Si,69,Si,No,No,No internet service,No internet service,No internet service,No internet service,No internet service,No internet service,Two year,No,Transferencia Bancaria,20.2,1376.5,No
RV-5177,Femenino,0,No,Si,37,Si,No,No,No internet service,No internet service,No internet service,No internet service,No internet service,No internet service,One year,No,Transferencia Bancaria,20.3,755.4,No
EP-0056,Masculino,0,Si,Si,20,No,No Servicio Telef nico,DSL,Si,No,Si,Si,No,No,Two year,Si,Tarjeta de Credito,39.4,825.4,No
IZ-8993,Masculino,0,No,No,7,Si,No,Fiber optic,No,No,No,No,No,No,Month-to-month,No,Transferencia Bancaria,69.15,488.65,No
JK-8696,Femenino,1,No,No,37,Si,Si,Fiber optic,No,No,No,No,No,No,Month-to-month,Si,Cheque,76.25,2841.55,Si
AF-5380,Femenino,0,No,No,5,Si,Si,Fiber optic,No,No,No,No,Si,Si,Month-to-month,Si,Deposito bancario,93.9,486.85,Si
ZT-8190,Masculino,0,No,No,41,No,No Servicio Telef nico,DSL,No,No,Si,No,Si,Si,One year,Si,Cheque,51.35,2075.1,No
MH-0931,Femenino,0,No,No,54,Si,No,Fiber optic,Si,Si,No,No,Si,Si,One year,Si,Tarjeta de Credito,100.05,5299.65,No
PD-2055,Femenino,1,No,No,3,Si,No,Fiber optic,No,No,No,No,No,No,Month-to-month,Si,Cheque,70.4,204.7,Si
LO-7515,Masculino,1,No,No,69,Si,No,No,No internet service,No internet service,No internet service,No internet service,No internet service,No internet service,Two year,No,Tarjeta de Credito,20.3,1356.3,No
UE-0440,Femenino,0,No,No,53,Si,No,Fiber optic,No,Si,Si,Si,No,Si,One year,Si,Tarjeta de Credito,94.45,5042.75,No
BO-1337,Masculino,0,Si,Si,18,No,No Servicio Telef nico,DSL,No,Si,Si,No,Si,No,One year,No,Tarjeta de Credito,46.4,812.4,No
VJ-0868,Masculino,0,Si,No,64,Si,No,Fiber optic,Si,Si,No,Si,Si,Si,Two year,Si,Tarjeta de Credito,104.05,6605.55,No
EU-8714,Femenino,0,Si,Si,31,Si,Si,Fiber optic,No,Si,No,No,No,Si,Month-to-month,Si,Cheque,91.15,2995.45,Si
SF-6344,Femenino,0,No,No,20,No,No Servicio Telef nico,DSL,No,No,No,No,No,No,Month-to-month,No,Tarjeta de Credito,24.9,505.95,No
VP-3950,Masculino,0,Si,Si,57,Si,No,DSL,Si,Si,No,Si,No,No,One year,No,Deposito bancario,59.6,3509.4,No
TM-8041,Masculino,1,Si,No,63,Si,Si,Fiber optic,Si,Si,Si,No,Si,Si,Two year,No,Tarjeta de Credito,108.5,6991.9,No
ZN-7321,Masculino,0,Si,Si,13,No,No Servicio Telef nico,DSL,Si,Si,No,Si,No,No,Two year,No,Deposito bancario,40.55,590.35,No
KX-6941,Femenino,1,Si,No,48,Si,No,DSL,No,Si,No,No,No,Si,One year,Si,Transferencia Bancaria,58.95,2789.7,No
CN-3721,Femenino,0,No,No,2,Si,No,Fiber optic,No,No,No,No,No,No,Month-to-month,Si,Cheque,70.95,137.95,Si
JQ-8727,Masculino,0,Si,Si,57,Si,No,No,No internet service,No internet service,No internet service,No internet service,No internet service,No internet service,Two year,No,Deposito bancario,20.75,1123.15,No
NN-9475,Masculino,0,Si,No,71,Si,Si,Fiber optic,No,Si,Si,Si,Si,Si,One year,Si,Transferencia Bancaria,113.15,7953.25,No
KU-1355,Femenino,0,Si,Si,7,Si,Si,DSL,No,No,No,No,No,No,Month-to-month,No,Cheque,48.8,349.8,No
FT-3688,Femenino,0,No,No,16,Si,Si,DSL,No,No,No,No,No,Si,Month-to-month,Si,Transferencia Bancaria,63.05,1067.05,No
LI-0899,Masculino,0,Si,No,34,Si,Si,Fiber optic,No,No,Si,No,Si,Si,Month-to-month,No,Cheque,100.85,3527.3,No
OI-2568,Femenino,0,Si,No,37,Si,Si,Fiber optic,No,No,Si,No,Si,Si,Month-to-month,Si,Cheque,99.5,3762,Si
RC-1384,Masculino,0,No,No,16,Si,Si,Fiber optic,No,Si,No,No,No,No,Month-to-month,Si,Deposito bancario,80.55,1248.9,No
XJ-5825,Masculino,0,No,Si,48,Si,Si,DSL,Si,Si,Si,No,No,No,One year,Si,Transferencia Bancaria,64.4,3035.35,No
YL-6848,Masculino,0,Si,Si,58,Si,No,DSL,No,Si,No,Si,Si,Si,One year,Si,Tarjeta de Credito,75.2,4300.8,No
QP-8125,Femenino,0,Si,No,72,Si,Si,DSL,Si,No,Si,Si,Si,Si,Two year,Si,Transferencia Bancaria,84.9,6065.3,No
YK-2320,Femenino,0,No,No,7,Si,No,No,No internet service,No internet service,No internet service,No internet service,No internet service,No internet service,Month-to-month,No,Deposito bancario,19.3,144.95,No
RT-1193,Femenino,0,No,No,38,Si,No,Fiber optic,Si,Si,Si,No,No,No,Month-to-month,Si,Tarjeta de Credito,83.9,3233.6,Si
AN-2302,Femenino,1,Si,No,48,Si,Si,Fiber optic,Si,Si,Si,Si,Si,Si,Month-to-month,No,Cheque,117.45,5438.9,Si
GX-5923,Masculino,0,No,No,10,Si,No,Fiber optic,Si,Si,Si,No,Si,Si,Month-to-month,Si,Cheque,104.4,1081.45,Si
RL-4973,Femenino,0,No,No,30,Si,No,DSL,Si,Si,Si,Si,Si,No,One year,No,Tarjeta de Credito,74.65,2308.6,No
ZY-7869,Masculino,0,Si,No,31,Si,Si,DSL,No,No,No,No,Si,No,Month-to-month,Si,Tarjeta de Credito,59.05,1882.8,No
UY-4501,Femenino,1,No,No,46,Si,Si,DSL,No,No,Si,Si,No,Si,One year,Si,Tarjeta de Credito,69.1,3255.35,No
EX-1215,Masculino,0,Si,No,50,Si,No,No,No internet service,No internet service,No internet service,No internet service,No internet service,No internet service,Two year,No,Deposito bancario,20.55,1067.65,No
MR-2305,Masculino,0,Si,No,28,Si,No,Fiber optic,No,No,No,Si,No,No,Month-to-month,No,Transferencia Bancaria,76.55,2065.4,No
VI-8404,Femenino,0,No,No,66,No,No Servicio Telef nico,DSL,Si,Si,Si,Si,Si,Si,Two year,Si,Transferencia Bancaria,62.5,4136.4,No
GE-5233,Masculino,1,No,No,8,No,No Servicio Telef nico,DSL,No,No,Si,No,No,No,Month-to-month,Si,Cheque,29.4,221.9,Si
KL-2359,Femenino,0,Si,Si,41,Si,No,Fiber optic,No,No,Si,No,Si,Si,Month-to-month,Si,Transferencia Bancaria,94.9,3848,No
EF-5304,Masculino,1,Si,No,72,Si,Si,Fiber optic,No,Si,Si,Si,Si,Si,Two year,Si,Transferencia Bancaria,111.65,8022.85,No
ZA-2673,Femenino,0,No,No,7,Si,No,No,No internet service,No internet service,No internet service,No internet service,No internet service,No internet service,One year,No,Deposito bancario,19.9,173.15,No
GA-9184,Femenino,0,Si,Si,38,Si,No,No,No internet service,No internet service,No internet service,No internet service,No internet service,No internet service,Month-to-month,No,Deposito bancario,20.45,781.25,No
RY-4393,Masculino,0,No,No,44,Si,No,Fiber optic,Si,Si,Si,No,Si,Si,One year,Si,Cheque,106.05,4510.8,No
MD-9746,Masculino,0,Si,Si,47,Si,Si,Fiber optic,Si,Si,Si,Si,Si,Si,One year,Si,Transferencia Bancaria,113.45,5317.8,No
ZJ-3162,Masculino,0,Si,Si,53,Si,No,Fiber optic,No,Si,No,Si,Si,No,Month-to-month,Si,Cheque,92.55,4779.45,No
GF-8404,Masculino,0,Si,No,4,Si,Si,DSL,No,No,Si,No,Si,No,Month-to-month,No,Cheque,65.6,250.1,No
AK-8875,Masculino,1,No,No,20,Si,Si,Fiber optic,No,No,No,No,Si,No,Month-to-month,Si,Cheque,84.35,1745.2,No
AD-4432,Masculino,0,No,No,2,Si,No,DSL,No,No,No,No,No,No,Month-to-month,No,Deposito bancario,44.65,74.9,Si
UC-0533,Masculino,1,Si,No,57,Si,Si,DSL,No,Si,Si,No,Si,No,One year,Si,Tarjeta de Credito,71.1,4140.1,No
SU-1394,Femenino,1,Si,No,44,Si,No,Fiber optic,Si,Si,No,Si,No,No,Month-to-month,Si,Cheque,85.15,3670.5,No
MN-3521,Masculino,0,No,No,24,Si,No,DSL,No,No,Si,No,No,No,Month-to-month,Si,Deposito bancario,49.7,1167.8,No
TI-2533,Masculino,0,Si,Si,15,No,No Servicio Telef nico,DSL,Si,No,No,No,No,No,Month-to-month,Si,Transferencia Bancaria,30.2,469.65,No
PH-8993,Femenino,0,No,No,3,No,No Servicio Telef nico,DSL,No,No,No,No,No,No,Month-to-month,No,Cheque,25.25,58.9,Si
RH-1565,Femenino,0,No,Si,4,Si,Si,Fiber optic,No,Si,Si,No,No,No,Month-to-month,No,Transferencia Bancaria,84.05,333.55,Si
RY-7137,Masculino,1,Si,No,37,Si,Si,Fiber optic,No,No,No,No,Si,No,Month-to-month,Si,Cheque,85.7,3171.15,Si
JX-3765,Femenino,0,No,No,1,Si,No,Fiber optic,No,Si,No,No,No,No,Month-to-month,Si,Cheque,74.7,74.7,Si
ST-5092,Femenino,0,No,No,24,Si,No,DSL,Si,No,No,Si,No,No,Month-to-month,No,Tarjeta de Credito,56.35,1381.2,No
WZ-7330,Femenino,0,No,No,5,Si,Si,Fiber optic,No,Si,No,No,Si,No,Month-to-month,Si,Cheque,90.8,455.5,Si
PE-0114,Femenino,0,No,No,33,Si,Si,Fiber optic,No,Si,Si,No,Si,Si,Month-to-month,No,Cheque,107.55,3645.5,No
DS-3359,Femenino,0,Si,Si,58,Si,No,No,No internet service,No internet service,No internet service,No internet service,No internet service,No internet service,Two year,Si,Deposito bancario,19.85,1158.85,No
NH-8639,Femenino,0,Si,Si,72,Si,Si,Fiber optic,Si,Si,No,No,Si,No,Two year,Si,Transferencia Bancaria,95.9,6954.15,No
DF-7161,Femenino,0,Si,No,71,Si,Si,No,No internet service,No internet service,No internet service,No internet service,No internet service,No internet service,Two year,No,Deposito bancario,23.85,1672.1,No
LX-3957,Femenino,1,No,No,28,Si,Si,Fiber optic,No,Si,Si,No,Si,Si,Month-to-month,Si,Cheque,106.15,3152.5,Si
DB-3720,Masculino,0,Si,No,51,Si,No,DSL,Si,Si,Si,Si,Si,Si,Two year,Si,Tarjeta de Credito,83.85,4307.1,No
MY-6635,Femenino,0,No,No,30,Si,No,DSL,Si,Si,Si,Si,Si,Si,One year,No,Transferencia Bancaria,85.35,2530.4,Si
WU-8565,Masculino,1,Si,No,72,Si,No,Fiber optic,Si,Si,No,Si,No,No,Two year,Si,Tarjeta de Credito,84.8,6141.65,No
BU-5281,Masculino,1,No,No,36,Si,Si,Fiber optic,Si,No,No,No,Si,No,Month-to-month,Si,Cheque,90.85,3186.7,Si
OB-4994,Masculino,0,No,Si,14,Si,No,DSL,Si,Si,Si,Si,No,Si,Two year,No,Transferencia Bancaria,76.1,1054.8,No
FG-0562,Femenino,0,Si,Si,72,Si,Si,DSL,Si,Si,No,Si,Si,No,Two year,No,Deposito bancario,74.55,5430.65,No
QB-2436,Femenino,0,Si,Si,22,No,No Servicio Telef nico,DSL,No,Si,No,No,Si,No,Month-to-month,No,Cheque,39.2,849.9,No
YJ-3420,Femenino,0,No,No,2,Si,Si,Fiber optic,No,Si,No,No,No,No,Month-to-month,No,Cheque,79.55,151.75,No
CG-6040,Femenino,0,No,No,15,Si,No,No,No internet service,No internet service,No internet service,No internet service,No internet service,No internet service,Month-to-month,No,Deposito bancario,19.6,299.4,No
PL-6582,Masculino,0,Si,Si,51,Si,No,No,No internet service,No internet service,No internet service,No internet service,No internet service,No internet service,Two year,No,Tarjeta de Credito,19.55,1086.75,No
PD-8242,Masculino,0,Si,No,70,No,No Servicio Telef nico,DSL,Si,No,Si,Si,No,No,Two year,Si,Tarjeta de Credito,39.15,2692.75,No
CN-0264,Femenino,0,Si,Si,71,Si,No,No,No internet service,No internet service,No internet service,No internet service,No internet service,No internet service,Two year,No,Transferencia Bancaria,20.1,1389.6,No
II-0089,Femenino,0,Si,Si,39,Si,Si,Fiber optic,No,No,No,Si,Si,Si,Month-to-month,Si,Tarjeta de Credito,99.95,3767.4,No
NU-7839,Femenino,0,Si,Si,61,Si,Si,DSL,Si,Si,No,No,No,No,Month-to-month,No,Cheque,59.8,3641.5,No
QM-6075,Femenino,0,No,No,52,Si,No,DSL,Si,No,No,No,No,No,Month-to-month,Si,Transferencia Bancaria,49.75,2535.55,No
IK-5378,Femenino,0,No,No,1,No,No Servicio Telef nico,DSL,No,No,No,No,Si,No,Month-to-month,Si,Cheque,35.75,35.75,Si
EM-5966,Masculino,0,Si,No,64,Si,Si,Fiber optic,Si,No,Si,Si,Si,Si,One year,Si,Deposito bancario,108.5,6880.85,No
EK-0440,Masculino,0,Si,No,62,Si,No,DSL,No,Si,Si,Si,No,No,Two year,Si,Tarjeta de Credito,60.15,3753.2,No
HH-4774,Masculino,0,Si,No,30,Si,No,No,No internet service,No internet service,No internet service,No internet service,No internet service,No internet service,Two year,No,Deposito bancario,19.05,637.55,No
GA-2718,Femenino,1,Si,Si,4,Si,No,DSL,No,No,No,No,No,No,Month-to-month,No,Cheque,46,181.6,Si
BF-2055,Masculino,1,Si,No,63,Si,No,DSL,Si,Si,Si,Si,Si,Si,One year,Si,Transferencia Bancaria,84,5329.55,No
AK-8180,Femenino,0,No,No,1,Si,No,DSL,No,No,No,No,No,No,Month-to-month,Si,Tarjeta de Credito,44.55,44.55,No
OY-4298,Masculino,0,Si,No,15,Si,Si,Fiber optic,No,No,Si,Si,Si,Si,Month-to-month,Si,Cheque,103.45,1539.8,No
SO-5566,Masculino,0,Si,Si,27,Si,No,Fiber optic,Si,Si,No,No,No,No,One year,Si,Tarjeta de Credito,80.65,2209.75,No
EF-9842,Femenino,0,No,Si,4,No,No Servicio Telef nico,DSL,Si,Si,Si,No,Si,Si,Month-to-month,Si,Deposito bancario,57.2,223.75,No
WU-2272,Femenino,0,Si,No,72,Si,Si,Fiber optic,Si,Si,Si,No,Si,Si,Two year,Si,Cheque,110.75,7751.7,No
LB-4584,Masculino,1,Si,No,45,Si,Si,No,No internet service,No internet service,No internet service,No internet service,No internet service,No internet service,One year,No,Tarjeta de Credito,24.7,1174.35,No
GU-3898,Femenino,1,No,No,45,Si,Si,Fiber optic,Si,Si,No,Si,Si,No,Month-to-month,Si,Cheque,97.05,4385.05,No
EH-0930,Femenino,0,No,No,36,Si,No,DSL,Si,Si,Si,Si,Si,No,One year,Si,Deposito bancario,76.35,2606.35,No
XK-6413,Masculino,0,Si,Si,17,Si,No,Fiber optic,Si,No,Si,No,Si,No,Month-to-month,Si,Cheque,89.4,1539.45,Si
SK-9975,Masculino,0,No,No,1,Si,No,No,No internet service,No internet service,No internet service,No internet service,No internet service,No internet service,Month-to-month,No,Deposito bancario,18.9,18.9,No
KB-3703,Masculino,1,No,No,16,Si,Si,Fiber optic,No,No,No,No,No,No,Month-to-month,Si,Transferencia Bancaria,74.45,1261.35,No
XQ-1449,Masculino,0,No,No,3,Si,No,No,No internet service,No internet service,No internet service,No internet service,No internet service,No internet service,Month-to-month,Si,Deposito bancario,19.8,58.15,Si
UR-2626,Masculino,0,Si,Si,4,Si,Si,DSL,No,No,No,No,No,No,Month-to-month,Si,Cheque,50.9,225.6,Si
MG-4973,Femenino,0,Si,No,71,Si,No,DSL,Si,Si,Si,Si,Si,Si,Two year,Si,Tarjeta de Credito,84.4,5969.3,No
YE-3682,Masculino,0,Si,Si,10,Si,Si,No,No internet service,No internet service,No internet service,No internet service,No internet service,No internet service,Month-to-month,Si,Deposito bancario,24.4,253.9,No
UN-1223,Masculino,0,Si,Si,20,Si,No,No,No internet service,No internet service,No internet service,No internet service,No internet service,No internet service,Two year,No,Deposito bancario,20.05,400,No
RR-2612,Masculino,0,No,No,4,Si,No,Fiber optic,No,No,No,No,Si,No,Month-to-month,Si,Cheque,81,340.85,Si
AS-4735,Masculino,0,No,No,26,Si,Si,Fiber optic,No,No,Si,No,Si,Si,Month-to-month,Si,Cheque,98.35,2515.3,Si
QD-3446,Femenino,0,No,No,4,Si,No,DSL,No,No,No,No,Si,No,Month-to-month,No,Tarjeta de Credito,55.5,227.35,No
LV-3669,Masculino,0,No,No,5,No,No Servicio Telef nico,DSL,No,Si,No,No,Si,Si,Month-to-month,Si,Deposito bancario,51,305.95,Si
EZ-6892,Femenino,0,Si,No,4,Si,Si,Fiber optic,No,Si,No,No,Si,No,Month-to-month,Si,Cheque,91.65,365.4,Si
IF-5117,Masculino,1,Si,No,29,Si,Si,Fiber optic,No,No,No,No,No,Si,Month-to-month,Si,Cheque,84.3,2357.75,No
FN-7379,Masculino,0,No,No,2,Si,No,Fiber optic,Si,Si,No,No,Si,Si,Month-to-month,No,Cheque,100.2,198.5,No
AF-1627,Femenino,0,No,No,29,Si,No,No,No internet service,No internet service,No internet service,No internet service,No internet service,No internet service,Two year,No,Deposito bancario,19.4,554.25,No
SC-9725,Masculino,0,No,Si,1,Si,No,Fiber optic,No,No,No,No,Si,Si,Month-to-month,Si,Cheque,90.85,90.85,Si
GC-5884,Masculino,0,No,No,1,Si,No,Fiber optic,No,No,No,No,No,No,Month-to-month,No,Deposito bancario,69.4,69.4,Si
FZ-3217,Femenino,1,No,No,8,Si,No,Fiber optic,No,No,Si,No,Si,Si,Month-to-month,Si,Tarjeta de Credito,94.45,742.95,Si
EF-4486,Masculino,0,No,No,13,Si,No,No,No internet service,No internet service,No internet service,No internet service,No internet service,No internet service,Month-to-month,Si,Cheque,20.4,251.65,No
FU-0060,Femenino,0,Si,No,59,Si,Si,Fiber optic,Si,Si,No,No,Si,No,Month-to-month,Si,Cheque,94.75,5597.65,No
GV-7853,Femenino,0,Si,Si,1,Si,No,No,No internet service,No internet service,No internet service,No internet service,No internet service,No internet service,Month-to-month,Si,Tarjeta de Credito,20.15,20.15,Si
QN-7480,Masculino,1,No,No,50,Si,Si,Fiber optic,No,No,No,No,Si,Si,Month-to-month,Si,Cheque,95.7,4816.7,Si
OO-6954,Masculino,0,Si,No,18,Si,No,DSL,No,No,No,No,No,No,Month-to-month,Si,Transferencia Bancaria,44.35,768.05,No
FB-7088,Femenino,0,Si,Si,17,Si,No,DSL,Si,Si,No,No,Si,Si,Month-to-month,No,Deposito bancario,74.55,1215.8,No
AF-8313,Masculino,0,Si,No,47,Si,No,DSL,No,Si,Si,No,Si,Si,Two year,No,Cheque,73.6,3522.65,No
KD-3943,Femenino,0,No,No,26,Si,Si,Fiber optic,No,No,No,No,No,No,Month-to-month,Si,Transferencia Bancaria,74.95,1834.95,Si
ZB-9239,Femenino,0,No,No,6,No,No Servicio Telef nico,DSL,No,No,Si,No,Si,Si,Month-to-month,Si,Cheque,47.95,305.1,Si
ID-3097,Masculino,0,Si,Si,19,Si,Si,DSL,No,No,No,No,No,No,Month-to-month,No,Tarjeta de Credito,50.1,910.45,No
HS-4398,Femenino,0,No,No,3,Si,Si,DSL,No,No,No,Si,Si,No,Month-to-month,Si,Cheque,63.6,155.65,Si
OM-2197,Femenino,1,Si,Si,68,No,No Servicio Telef nico,DSL,No,Si,Si,No,Si,Si,Two year,Si,Cheque,53,3656.25,No
PJ-2303,Femenino,0,Si,No,2,Si,No,No,No internet service,No internet service,No internet service,No internet service,No internet service,No internet service,Month-to-month,No,Transferencia Bancaria,19.85,52,No
VO-9795,Masculino,0,No,No,7,No,No Servicio Telef nico,DSL,No,No,No,No,No,No,One year,Si,Tarjeta de Credito,24.35,150.85,No
WI-1237,Femenino,0,No,No,18,Si,No,No,No internet service,No internet service,No internet service,No internet service,No internet service,No internet service,Month-to-month,Si,Deposito bancario,19.55,389.25,No
AU-1987,Femenino,0,Si,No,71,Si,Si,No,No internet service,No internet service,No internet service,No internet service,No internet service,No internet service,Two year,No,Tarjeta de Credito,25.05,1873.7,No
LE-7852,Masculino,1,Si,No,13,Si,Si,Fiber optic,Si,Si,No,No,No,Si,Month-to-month,No,Tarjeta de Credito,93.8,1261,No
UZ-4430,Masculino,0,No,No,3,No,No Servicio Telef nico,DSL,No,Si,No,Si,No,No,Month-to-month,Si,Deposito bancario,36.85,108.7,Si
LP-4822,Masculino,0,Si,No,72,Si,Si,Fiber optic,No,Si,Si,No,Si,Si,Two year,Si,Transferencia Bancaria,103.75,7346.2,No
CB-8165,Masculino,0,Si,Si,66,No,No Servicio Telef nico,DSL,No,Si,Si,No,Si,Si,Two year,Si,Tarjeta de Credito,56.75,3708.4,No
PZ-6527,Masculino,0,Si,Si,24,Si,No,No,No internet service,No internet service,No internet service,No internet service,No internet service,No internet service,One year,Si,Tarjeta de Credito,20.8,469.65,No
SN-4855,Femenino,0,No,No,1,Si,No,DSL,No,No,No,No,No,No,Month-to-month,Si,Cheque,44.1,44.1,Si
CV-9593,Femenino,0,Si,Si,56,Si,Si,No,No internet service,No internet service,No internet service,No internet service,No internet service,No internet service,Two year,Si,Deposito bancario,24.45,1385.85,No
SI-8595,Femenino,1,Si,No,22,Si,Si,No,No internet service,No internet service,No internet service,No internet service,No internet service,No internet service,One year,No,Transferencia Bancaria,25.6,548.8,No
HA-8008,Masculino,0,No,No,14,No,No Servicio Telef nico,DSL,No,No,Si,No,Si,Si,Month-to-month,Si,Cheque,50.75,712.75,Si
UG-7124,Femenino,1,Si,No,61,Si,Si,Fiber optic,No,Si,Si,No,Si,Si,One year,Si,Tarjeta de Credito,104.4,6405,Si
SK-1862,Femenino,1,Si,No,40,No,No Servicio Telef nico,DSL,No,Si,No,No,Si,No,Month-to-month,Si,Cheque,39.3,1637.4,Si
XM-5236,Femenino,0,No,No,42,Si,No,DSL,Si,Si,Si,No,No,No,Month-to-month,No,Transferencia Bancaria,59.65,2536.55,No
DP-4827,Femenino,0,Si,Si,72,Si,Si,DSL,Si,No,Si,Si,Si,Si,Two year,Si,Transferencia Bancaria,83.3,6042.7,No
CI-2694,Femenino,0,No,No,12,Si,Si,Fiber optic,No,No,No,Si,No,No,Month-to-month,Si,Tarjeta de Credito,79.55,958.25,No
AB-5846,Masculino,0,Si,No,71,Si,Si,No,No internet service,No internet service,No internet service,No internet service,No internet service,No internet service,Two year,No,Transferencia Bancaria,24.45,1730.65,No
LC-1439,Femenino,0,Si,No,26,Si,No,No,No internet service,No internet service,No internet service,No internet service,No internet service,No internet service,One year,No,Deposito bancario,19.2,459.6,No
SD-0909,Femenino,0,No,Si,7,No,No Servicio Telef nico,DSL,Si,No,No,No,No,No,Month-to-month,No,Deposito bancario,29.8,201.95,No
XX-4647,Femenino,0,Si,Si,6,Si,No,DSL,No,No,No,No,No,No,Month-to-month,No,Deposito bancario,45.5,285.2,No
XF-1502,Femenino,0,No,No,58,Si,No,Fiber optic,Si,Si,Si,No,Si,Si,One year,Si,Cheque,106.45,6145.85,Si
KK-7740,Masculino,0,Si,No,51,No,No Servicio Telef nico,DSL,No,Si,No,No,No,No,Month-to-month,Si,Tarjeta de Credito,30.05,1529.45,No
XG-5360,Masculino,0,Si,Si,72,No,No Servicio Telef nico,DSL,Si,Si,Si,Si,Si,Si,Two year,Si,Transferencia Bancaria,65.65,4664.5,No
TU-9692,Femenino,0,No,No,18,Si,No,Fiber optic,Si,No,No,No,Si,Si,Month-to-month,Si,Cheque,96.05,1740.7,Si
SY-7912,Femenino,0,No,No,7,Si,Si,Fiber optic,No,No,No,No,No,No,Month-to-month,Si,Transferencia Bancaria,75.1,552.95,Si
HT-3557,Femenino,0,No,No,47,Si,Si,DSL,Si,Si,No,Si,No,Si,Two year,No,Deposito bancario,74.05,3496.3,No
JB-4816,Masculino,1,No,No,2,Si,No,DSL,No,No,No,No,No,No,Month-to-month,Si,Cheque,44.7,93.7,Si
NA-8920,Masculino,1,No,No,62,Si,Si,Fiber optic,No,Si,Si,Si,Si,Si,One year,Si,Transferencia Bancaria,110.75,7053.35,No
TL-1699,Femenino,0,Si,Si,16,Si,No,No,No internet service,No internet service,No internet service,No internet service,No internet service,No internet service,Two year,No,Deposito bancario,19.7,301.55,No
PD-5600,Masculino,0,No,No,6,Si,No,DSL,No,No,No,Si,No,No,Month-to-month,Si,Tarjeta de Credito,49.5,312.7,No
TY-8292,Masculino,0,No,No,19,Si,No,DSL,No,No,Si,Si,No,No,Month-to-month,Si,Tarjeta de Credito,55,1046.5,Si
XR-0567,Femenino,0,Si,Si,69,No,No Servicio Telef nico,DSL,Si,No,Si,No,No,Si,Two year,Si,Tarjeta de Credito,43.95,2960.1,No
BD-1867,Masculino,0,Si,Si,11,Si,Si,Fiber optic,No,No,No,No,No,No,Month-to-month,Si,Cheque,74.35,834.2,Si
QY-2067,Femenino,0,Si,No,64,Si,Si,Fiber optic,No,Si,Si,Si,Si,Si,Month-to-month,Si,Cheque,111.15,6953.4,No
QW-2359,Femenino,0,Si,No,39,Si,No,Fiber optic,Si,No,Si,Si,Si,Si,One year,Si,Tarjeta de Credito,104.7,4134.85,Si
TC-9103,Femenino,0,No,No,15,Si,Si,DSL,Si,No,No,No,No,No,Month-to-month,Si,Deposito bancario,55.7,899.8,Si
SU-7407,Masculino,0,No,No,25,Si,No,No,No internet service,No internet service,No internet service,No internet service,No internet service,No internet service,Month-to-month,No,Deposito bancario,20.6,541.5,No
KP-9150,Femenino,0,No,No,6,Si,No,No,No internet service,No internet service,No internet service,No internet service,No internet service,No internet service,Two year,No,Tarjeta de Credito,19.65,116.85,No
DC-0052,Masculino,0,Si,No,66,Si,Si,Fiber optic,Si,Si,Si,Si,Si,Si,One year,No,Transferencia Bancaria,115.8,7942.15,No
AR-3654,Femenino,0,No,No,61,Si,Si,DSL,No,Si,Si,Si,Si,Si,Two year,No,Tarjeta de Credito,88.65,5321.25,No
UB-9699,Femenino,1,Si,No,43,Si,Si,Fiber optic,Si,Si,No,No,Si,No,Month-to-month,Si,Cheque,94.5,4156.8,No
TC-9367,Femenino,0,No,No,12,Si,No,No,No internet service,No internet service,No internet service,No internet service,No internet service,No internet service,Month-to-month,No,Deposito bancario,20.1,223.6,No
FW-1261,Masculino,1,No,No,23,No,No Servicio Telef nico,DSL,No,No,No,No,No,Si,Month-to-month,Si,Transferencia Bancaria,34.65,768.45,No
HF-3528,Masculino,1,Si,No,71,No,No Servicio Telef nico,DSL,No,Si,Si,No,Si,Si,Month-to-month,Si,Transferencia Bancaria,52.3,3765.05,No
SJ-0708,Femenino,0,No,No,34,Si,Si,DSL,No,No,No,Si,Si,No,Month-to-month,No,Deposito bancario,65,2157.5,No
WJ-4140,Femenino,0,No,No,5,Si,No,No,No internet service,No internet service,No internet service,No internet service,No internet service,No internet service,Month-to-month,No,Tarjeta de Credito,19.85,108.05,Si
QB-2073,Femenino,0,Si,No,41,No,No Servicio Telef nico,DSL,No,Si,No,Si,No,No,One year,No,Deposito bancario,35.45,1391.65,No
ON-6928,Femenino,0,Si,Si,72,Si,No,No,No internet service,No internet service,No internet service,No internet service,No internet service,No internet service,Two year,No,Tarjeta de Credito,19.7,1379.8,No
VE-3320,Masculino,1,No,No,14,Si,Si,Fiber optic,No,No,No,No,Si,Si,Month-to-month,Si,Cheque,95.6,1273.3,No
FI-5231,Femenino,0,No,No,41,Si,No,No,No internet service,No internet service,No internet service,No internet service,No internet service,No internet service,Two year,Si,Deposito bancario,19.85,810.45,No
WL-6617,Femenino,0,Si,Si,23,Si,Si,Fiber optic,Si,No,No,No,No,No,One year,No,Tarjeta de Credito,81.85,1810.85,No
CI-2599,Masculino,0,Si,Si,71,Si,No,Fiber optic,Si,Si,Si,Si,Si,Si,Two year,No,Tarjeta de Credito,109.3,7782.85,No
CB-6653,Femenino,0,No,No,1,Si,No,Fiber optic,No,No,No,No,No,No,Month-to-month,Si,Cheque,70.3,70.3,Si
GS-8774,Masculino,0,Si,No,72,Si,Si,No,No internet service,No internet service,No internet service,No internet service,No internet service,No internet service,Two year,No,Deposito bancario,25.4,1797.1,No
RI-7326,Masculino,0,Si,Si,6,Si,No,Fiber optic,No,No,No,No,No,No,Month-to-month,Si,Cheque,69.8,377.85,No
FT-1401,Masculino,0,Si,Si,23,Si,No,No,No internet service,No internet service,No internet service,No internet service,No internet service,No internet service,One year,Si,Tarjeta de Credito,20,445.3,No
ZV-3247,Masculino,1,Si,No,10,Si,Si,Fiber optic,No,No,No,No,No,Si,Month-to-month,No,Cheque,85.55,851.75,Si
FN-0254,Femenino,0,No,No,72,Si,No,Fiber optic,Si,Si,Si,Si,Si,Si,Two year,Si,Cheque,109.9,7624.2,No
LB-1848,Femenino,0,Si,No,7,Si,No,DSL,Si,No,No,No,No,No,Month-to-month,Si,Transferencia Bancaria,50.3,355.1,No
IM-6101,Masculino,0,No,Si,6,Si,No,Fiber optic,No,No,Si,No,Si,Si,Month-to-month,No,Deposito bancario,94.5,575.45,Si
TJ-8118,Masculino,0,Si,Si,9,Si,No,Fiber optic,No,Si,No,Si,Si,Si,Month-to-month,Si,Cheque,101.5,906.85,No
LW-5429,Femenino,0,No,No,12,Si,Si,Fiber optic,No,Si,No,No,No,Si,Month-to-month,Si,Cheque,89.15,1057.55,No
IZ-7298,Femenino,0,No,No,1,Si,No,No,No internet service,No internet service,No internet service,No internet service,No internet service,No internet service,Month-to-month,Si,Deposito bancario,19.4,19.4,No
MF-9758,Femenino,1,Si,Si,48,No,No Servicio Telef nico,DSL,No,Si,No,No,No,No,One year,No,Transferencia Bancaria,29.9,1388.75,No
JB-3955,Masculino,0,No,No,20,Si,No,Fiber optic,No,No,No,No,Si,No,Month-to-month,No,Cheque,78.8,1641.3,No
AS-1268,Femenino,1,Si,No,16,Si,Si,Fiber optic,No,No,No,No,No,Si,Month-to-month,Si,Tarjeta de Credito,85.35,1375.15,Si
UR-8943,Femenino,0,No,No,2,Si,No,Fiber optic,No,No,No,No,Si,No,Month-to-month,Si,Deposito bancario,79.65,152.7,Si
TU-4815,Femenino,0,No,No,10,Si,No,No,No internet service,No internet service,No internet service,No internet service,No internet service,No internet service,One year,Si,Deposito bancario,19.3,185.2,No
LZ-4713,Femenino,1,No,No,2,Si,No,Fiber optic,No,No,No,No,No,Si,Month-to-month,Si,Cheque,79.6,195.05,Si
ID-9909,Masculino,0,Si,Si,20,Si,Si,Fiber optic,No,Si,No,Si,Si,No,Month-to-month,No,Deposito bancario,96.8,1826.7,No
OF-4092,Masculino,0,Si,No,20,Si,No,No,No internet service,No internet service,No internet service,No internet service,No internet service,No internet service,One year,No,Deposito bancario,20.65,417.5,No
BW-1561,Masculino,0,Si,Si,19,Si,No,No,No internet service,No internet service,No internet service,No internet service,No internet service,No internet service,One year,No,Deposito bancario,19.8,344.5,No
NF-4325,Masculino,1,No,No,19,Si,Si,Fiber optic,Si,No,No,No,Si,No,Month-to-month,Si,Cheque,90.6,1660,Si
DS-9927,Masculino,0,Si,No,22,Si,No,Fiber optic,Si,Si,No,Si,Si,Si,Month-to-month,Si,Cheque,104.6,2180.55,No
LT-9500,Femenino,0,No,No,35,Si,Si,Fiber optic,No,No,No,Si,No,No,Month-to-month,No,Tarjeta de Credito,80.05,2835.9,No
NT-7252,Femenino,0,No,No,1,Si,No,DSL,No,No,No,No,No,No,Month-to-month,No,Deposito bancario,45.15,45.15,No
AI-8149,Masculino,0,No,No,39,Si,Si,Fiber optic,No,No,No,No,No,No,Month-to-month,Si,Tarjeta de Credito,73.15,2730.85,No
JY-1360,Femenino,1,Si,No,54,Si,No,Fiber optic,No,No,Si,Si,Si,Si,One year,Si,Cheque,99.1,5437.1,No
PS-2955,Femenino,0,No,No,1,Si,No,No,No internet service,No internet service,No internet service,No internet service,No internet service,No internet service,Month-to-month,Si,Transferencia Bancaria,20.2,20.2,Si
UR-7762,Masculino,0,Si,No,66,Si,Si,Fiber optic,Si,No,Si,No,Si,Si,Two year,Si,Tarjeta de Credito,106.05,6981.35,Si
WZ-0899,Masculino,0,No,No,56,Si,Si,Fiber optic,Si,No,No,Si,Si,Si,Month-to-month,Si,Deposito bancario,105.35,5794.45,No
GR-3255,Masculino,0,No,Si,18,Si,No,DSL,No,No,No,No,No,No,Month-to-month,Si,Tarjeta de Credito,45.65,747.2,No
FA-4828,Femenino,0,Si,Si,16,Si,Si,Fiber optic,No,Si,No,No,No,No,Month-to-month,Si,Tarjeta de Credito,79.95,1267.95,No
ZI-6094,Femenino,0,No,No,68,Si,No,DSL,Si,No,Si,No,No,No,One year,Si,Tarjeta de Credito,54.45,3674.95,No
BA-6925,Femenino,1,Si,No,53,Si,Si,No,No internet service,No internet service,No internet service,No internet service,No internet service,No internet service,Two year,No,Tarjeta de Credito,25.1,1275.6,No
EI-3262,Femenino,0,Si,Si,72,Si,Si,DSL,Si,No,Si,Si,Si,Si,Two year,No,Tarjeta de Credito,84.7,5893.9,No
OI-7354,Masculino,0,No,No,9,Si,Si,Fiber optic,No,No,No,No,No,No,Month-to-month,Si,Cheque,75.85,724.65,No
HH-1376,Femenino,0,No,No,30,Si,No,DSL,Si,No,No,No,No,No,Month-to-month,Si,Deposito bancario,48.8,1536.75,No
NZ-6907,Femenino,0,No,No,36,Si,Si,Fiber optic,No,Si,No,No,Si,Si,Month-to-month,Si,Cheque,99.15,3615.6,Si
OZ-6133,Femenino,0,No,No,18,No,No Servicio Telef nico,DSL,No,No,Si,Si,No,No,Month-to-month,Si,Cheque,35.2,607.3,No
FR-4135,Femenino,1,Si,Si,55,Si,Si,DSL,Si,No,Si,Si,Si,No,One year,No,Cheque,76.25,4154.55,No
UR-2911,Femenino,0,Si,No,39,No,No Servicio Telef nico,DSL,Si,No,Si,No,Si,Si,Month-to-month,No,Cheque,55.9,2184.35,Si
ZR-3744,Masculino,0,No,No,21,Si,Si,Fiber optic,No,Si,No,No,No,No,Month-to-month,Si,Cheque,82.35,1852.85,Si
TI-5673,Masculino,0,No,No,2,No,No Servicio Telef nico,DSL,No,Si,Si,Si,No,No,Month-to-month,Si,Tarjeta de Credito,40.4,77.15,Si
ZC-6551,Masculino,1,No,No,33,Si,Si,No,No internet service,No internet service,No internet service,No internet service,No internet service,No internet service,One year,Si,Transferencia Bancaria,24.9,847.8,No
AD-7191,Masculino,0,Si,No,44,No,No Servicio Telef nico,DSL,No,Si,Si,No,Si,Si,Two year,No,Transferencia Bancaria,54.3,2390.45,No
LX-5018,Femenino,0,Si,Si,30,Si,No,DSL,Si,No,No,Si,No,Si,Month-to-month,No,Transferencia Bancaria,66.3,1923.5,No
BO-6892,Femenino,0,Si,No,71,Si,No,No,No internet service,No internet service,No internet service,No internet service,No internet service,No internet service,Two year,Si,Transferencia Bancaria,20.9,1493.2,No
IJ-1602,Femenino,0,No,No,4,Si,Si,Fiber optic,No,No,No,No,No,No,Month-to-month,No,Cheque,75.35,338.1,Si
WQ-4628,Masculino,0,No,Si,35,Si,No,Fiber optic,No,No,Si,No,Si,No,One year,Si,Cheque,85.15,3030.6,Si
TG-1746,Masculino,0,Si,No,1,Si,No,Fiber optic,No,No,Si,No,No,No,Month-to-month,No,Tarjeta de Credito,75.35,75.35,No
SN-5995,Masculino,1,Si,No,23,Si,Si,Fiber optic,No,Si,Si,No,Si,Si,Month-to-month,Si,Cheque,104.45,2184.85,No
WY-8050,Femenino,0,No,Si,22,No,No Servicio Telef nico,DSL,No,No,Si,No,Si,Si,One year,Si,Tarjeta de Credito,49.45,1031.4,No
WA-2821,Femenino,0,No,Si,49,Si,No,No,No internet service,No internet service,No internet service,No internet service,No internet service,No internet service,One year,No,Tarjeta de Credito,19.45,921.3,No
GZ-4879,Femenino,0,Si,Si,42,Si,No,Fiber optic,No,No,Si,No,Si,Si,Month-to-month,Si,Cheque,92.15,3875.4,No
IR-1644,Femenino,0,Si,Si,33,Si,No,Fiber optic,No,No,Si,No,Si,Si,One year,Si,Cheque,93.8,3124.5,Si
HT-8314,Femenino,0,Si,Si,7,Si,No,No,No internet service,No internet service,No internet service,No internet service,No internet service,No internet service,Two year,No,Deposito bancario,19.85,144.15,No
RO-9402,Femenino,0,Si,Si,67,Si,Si,Fiber optic,Si,No,Si,Si,No,Si,One year,Si,Transferencia Bancaria,100.25,6689,No
QZ-2507,Masculino,0,No,No,15,Si,Si,Fiber optic,No,Si,No,Si,No,Si,Month-to-month,No,Cheque,95.7,1451.1,No
NO-7159,Masculino,0,Si,No,67,Si,Si,Fiber optic,No,Si,Si,No,No,Si,Two year,Si,Cheque,93.15,6368.2,No
ZM-5707,Masculino,0,Si,Si,53,Si,No,DSL,Si,Si,No,Si,Si,No,Two year,Si,Deposito bancario,69.7,3729.6,No
YI-8779,Masculino,0,Si,Si,21,Si,No,No,No internet service,No internet service,No internet service,No internet service,No internet service,No internet service,One year,No,Deposito bancario,19.8,350.1,No
IH-7136,Femenino,0,Si,Si,40,Si,No,DSL,Si,Si,No,Si,No,Si,Month-to-month,Si,Deposito bancario,71.35,2847.2,No
OI-8966,Femenino,0,Si,Si,22,Si,No,No,No internet service,No internet service,No internet service,No internet service,No internet service,No internet service,One year,No,Transferencia Bancaria,20.75,452.35,No
ST-7074,Masculino,0,No,No,39,No,No Servicio Telef nico,DSL,No,No,No,Si,No,Si,Month-to-month,Si,Cheque,40.6,1494.5,No
PS-3705,Masculino,0,No,No,45,Si,No,No,No internet service,No internet service,No internet service,No internet service,No internet service,No internet service,One year,Si,Cheque,20.4,930.45,Si
QO-8739,Femenino,0,Si,No,2,Si,No,No,No internet service,No internet service,No internet service,No internet service,No internet service,No internet service,Month-to-month,No,Deposito bancario,20.35,41.85,No
OU-1399,Femenino,0,Si,Si,57,Si,No,No,No internet service,No internet service,No internet service,No internet service,No internet service,No internet service,Two year,No,Transferencia Bancaria,19.75,1272.05,No
BK-0277,Masculino,0,Si,Si,8,Si,No,DSL,No,No,No,No,Si,No,Month-to-month,Si,Cheque,54.4,475.1,No
HC-6502,Masculino,1,Si,No,7,Si,Si,Fiber optic,Si,Si,No,No,No,Si,Month-to-month,Si,Tarjeta de Credito,94.7,673.1,Si
RM-2606,Masculino,0,No,No,6,No,No Servicio Telef nico,DSL,No,Si,No,No,No,No,Month-to-month,Si,Tarjeta de Credito,30.5,208.7,Si
XZ-5774,Femenino,0,Si,Si,7,Si,No,No,No internet service,No internet service,No internet service,No internet service,No internet service,No internet service,Month-to-month,No,Deposito bancario,20.45,150.75,No
SS-2676,Masculino,0,No,No,49,Si,Si,DSL,No,No,No,Si,Si,No,Two year,Si,Transferencia Bancaria,66.15,3199,No
QH-6266,Femenino,0,No,No,65,Si,Si,Fiber optic,Si,Si,No,Si,No,No,One year,Si,Cheque,89.85,5844.65,No
JI-7269,Femenino,0,No,No,55,Si,No,DSL,No,No,No,No,No,No,One year,No,Transferencia Bancaria,45.05,2462.6,No
SV-0363,Masculino,0,Si,Si,71,Si,Si,DSL,Si,Si,Si,Si,Si,Si,Two year,No,Transferencia Bancaria,86.85,6263.8,No
NS-8547,Masculino,0,No,No,35,Si,Si,Fiber optic,Si,Si,Si,Si,No,No,Month-to-month,Si,Deposito bancario,96.75,3403.4,No
GS-8258,Masculino,1,No,No,3,Si,Si,Fiber optic,No,No,No,No,No,No,Month-to-month,Si,Cheque,77,237.75,Si
OK-6861,Femenino,0,No,Si,11,Si,No,No,No internet service,No internet service,No internet service,No internet service,No internet service,No internet service,Month-to-month,No,Tarjeta de Credito,20.1,221.35,Si
RH-9940,Femenino,0,No,No,1,Si,No,Fiber optic,No,No,Si,No,No,No,Month-to-month,No,Cheque,75.3,75.3,Si
QG-6591,Masculino,0,No,No,17,Si,Si,Fiber optic,Si,Si,Si,Si,Si,No,Month-to-month,Si,Transferencia Bancaria,106.65,1672.1,No
BC-9070,Femenino,0,Si,No,72,Si,Si,Fiber optic,Si,No,Si,Si,Si,Si,Two year,Si,Tarjeta de Credito,110.15,7881.2,No
SZ-6421,Femenino,0,Si,Si,28,Si,No,Fiber optic,Si,No,No,No,No,Si,One year,Si,Transferencia Bancaria,82.85,2320.8,No
EU-1328,Femenino,0,Si,No,18,Si,No,No,No internet service,No internet service,No internet service,No internet service,No internet service,No internet service,Two year,No,Deposito bancario,20.1,370.5,No
UP-2995,Femenino,1,Si,No,40,Si,No,Fiber optic,No,Si,No,Si,Si,Si,One year,Si,Tarjeta de Credito,99.2,4062.2,Si
RY-8878,Femenino,0,No,No,52,Si,No,DSL,No,No,Si,No,No,Si,Month-to-month,Si,Cheque,59.45,3043.7,No
DE-9633,Femenino,0,Si,No,47,Si,No,DSL,No,Si,No,No,Si,No,Month-to-month,Si,Transferencia Bancaria,58.6,2723.4,No
JI-7811,Femenino,0,No,No,23,Si,No,DSL,No,No,Si,No,No,No,Month-to-month,No,Tarjeta de Credito,49.7,1081.25,No
HI-7113,Masculino,0,Si,Si,66,Si,No,DSL,Si,Si,Si,Si,No,No,Two year,No,Deposito bancario,65.85,4097.05,No
QV-8541,Femenino,0,No,No,8,Si,Si,Fiber optic,No,No,No,No,No,No,Month-to-month,Si,Cheque,73.5,632.2,No
YP-6686,Masculino,1,No,No,47,Si,No,Fiber optic,Si,No,No,No,No,Si,Month-to-month,No,Deposito bancario,85.5,4042.3,Si
EZ-1383,Femenino,0,No,No,7,Si,No,No,No internet service,No internet service,No internet service,No internet service,No internet service,No internet service,Month-to-month,No,Deposito bancario,20.05,164.85,Si
CN-9258,Femenino,0,Si,Si,71,Si,Si,Fiber optic,Si,Si,Si,Si,Si,Si,Two year,No,Tarjeta de Credito,113.65,8166.8,No
VY-5371,Femenino,1,No,No,50,Si,Si,Fiber optic,Si,Si,No,No,No,No,Month-to-month,Si,Cheque,83.4,4113.7,No
AF-6374,Masculino,0,Si,No,46,Si,No,DSL,Si,Si,Si,Si,No,No,Two year,No,Deposito bancario,65.65,3047.15,No
TR-4759,Masculino,0,No,No,1,Si,No,Fiber optic,No,No,No,No,No,No,Month-to-month,No,Cheque,70.4,70.4,Si
FL-5317,Femenino,0,No,No,66,No,No Servicio Telef nico,DSL,Si,No,Si,Si,Si,Si,Two year,Si,Transferencia Bancaria,61.35,4193.4,No
VP-7621,Femenino,0,Si,No,42,Si,Si,Fiber optic,No,No,Si,Si,No,No,Month-to-month,Si,Tarjeta de Credito,85.9,3729.75,No
YM-6034,Femenino,0,No,No,5,Si,No,Fiber optic,No,No,No,Si,No,No,Month-to-month,Si,Deposito bancario,75.65,399.45,No
II-8563,Masculino,0,Si,Si,7,Si,No,DSL,Si,No,No,No,No,No,One year,Si,Cheque,49.75,331.3,Si
CN-4903,Masculino,0,No,No,29,Si,Si,DSL,No,Si,Si,No,No,Si,One year,No,Tarjeta de Credito,70.9,1964.6,No
HY-4353,Femenino,0,Si,Si,27,Si,No,DSL,No,Si,No,No,No,No,Month-to-month,No,Deposito bancario,49.85,1336.15,No
BW-8020,Femenino,1,No,No,15,Si,No,Fiber optic,No,Si,No,No,No,No,Month-to-month,Si,Tarjeta de Credito,75.3,1147.45,Si
FR-7267,Femenino,0,Si,Si,25,Si,No,No,No internet service,No internet service,No internet service,No internet service,No internet service,No internet service,Two year,No,Deposito bancario,20.1,486.05,No
VP-2982,Femenino,0,Si,No,11,Si,Si,Fiber optic,No,No,No,No,Si,Si,Month-to-month,Si,Cheque,94,1078.9,Si
FR-4188,Masculino,0,Si,No,57,Si,Si,Fiber optic,Si,Si,Si,Si,Si,No,Month-to-month,Si,Cheque,103.05,5925.75,No
ZL-8199,Masculino,0,No,No,67,Si,Si,Fiber optic,Si,Si,Si,Si,Si,Si,One year,Si,Transferencia Bancaria,118.35,7804.15,Si
ET-4128,Femenino,1,Si,No,47,Si,Si,Fiber optic,No,No,Si,No,Si,Si,Month-to-month,No,Cheque,99.7,4747.2,No
DL-0620,Femenino,0,No,No,13,Si,No,Fiber optic,No,No,No,No,Si,No,Month-to-month,Si,Deposito bancario,81.9,1028.9,No
EW-4625,Masculino,0,No,No,8,No,No Servicio Telef nico,DSL,Si,No,No,No,No,No,Month-to-month,Si,Cheque,30.45,226.45,Si
NO-5980,Femenino,0,Si,No,44,Si,Si,Fiber optic,No,No,No,No,Si,Si,Month-to-month,Si,Cheque,96.1,4364.1,Si
OK-3850,Masculino,0,Si,Si,71,Si,Si,DSL,Si,No,No,No,Si,No,One year,Si,Cheque,66.2,4692.55,No
XP-6892,Masculino,1,Si,No,24,Si,Si,Fiber optic,No,Si,Si,No,Si,Si,Month-to-month,Si,Cheque,104.25,2433.9,Si
EZ-8010,Masculino,1,No,No,15,Si,Si,Fiber optic,No,Si,No,No,No,No,Month-to-month,Si,Cheque,80.2,1217.25,Si
ZF-1156,Femenino,0,No,No,1,Si,No,No,No internet service,No internet service,No internet service,No internet service,No internet service,No internet service,Month-to-month,No,Cheque,19.75,19.75,No
YV-3295,Masculino,1,No,No,2,Si,Si,Fiber optic,No,No,No,No,No,No,Month-to-month,Si,Deposito bancario,72.6,154.3,No
NC-8016,Masculino,1,No,No,55,Si,Si,Fiber optic,Si,Si,Si,Si,Si,Si,Month-to-month,Si,Cheque,116.5,6382.55,No
ZY-4119,Masculino,1,No,No,71,Si,Si,Fiber optic,No,Si,No,Si,Si,Si,Two year,Si,Cheque,106.8,7623.2,No
ZG-5549,Masculino,0,Si,Si,50,Si,Si,No,No internet service,No internet service,No internet service,No internet service,No internet service,No internet service,Two year,No,Deposito bancario,24.95,1261.45,No
SW-7577,Masculino,0,No,No,1,Si,No,Fiber optic,No,No,No,No,Si,Si,Month-to-month,Si,Cheque,89.25,89.25,No
WM-0303,Masculino,0,No,No,5,Si,No,No,No internet service,No internet service,No internet service,No internet service,No internet service,No internet service,Month-to-month,Si,Deposito bancario,19.25,86.05,No
OT-6408,Femenino,0,No,No,66,Si,Si,Fiber optic,Si,Si,Si,Si,Si,No,One year,Si,Transferencia Bancaria,104.55,6779.05,No
HM-5204,Femenino,0,Si,Si,49,Si,No,DSL,Si,Si,Si,Si,Si,Si,One year,Si,Deposito bancario,87.2,4345,No
TD-1078,Femenino,1,Si,No,3,No,No Servicio Telef nico,DSL,No,Si,No,No,No,No,Month-to-month,Si,Cheque,30.75,82.85,No
OV-3727,Masculino,0,Si,Si,66,Si,Si,No,No internet service,No internet service,No internet service,No internet service,No internet service,No internet service,One year,Si,Tarjeta de Credito,25.7,1714.55,No
FK-3797,Masculino,0,No,Si,11,Si,Si,Fiber optic,No,No,No,No,No,Si,Month-to-month,No,Cheque,86.2,893.2,No
NX-7622,Masculino,0,No,No,28,No,No Servicio Telef nico,DSL,No,No,No,Si,No,No,Month-to-month,Si,Tarjeta de Credito,30.1,810.85,No
HB-6196,Masculino,0,Si,No,65,Si,Si,Fiber optic,Si,Si,Si,No,Si,No,Two year,Si,Cheque,99.35,6347.55,No
XG-3970,Femenino,0,No,No,62,Si,No,No,No internet service,No internet service,No internet service,No internet service,No internet service,No internet service,Two year,Si,Tarjeta de Credito,19.2,1123.65,No
VF-7017,Femenino,0,Si,No,2,Si,No,No,No internet service,No internet service,No internet service,No internet service,No internet service,No internet service,Month-to-month,No,Transferencia Bancaria,20.1,43.15,No
YJ-5562,Femenino,0,No,No,2,Si,No,No,No internet service,No internet service,No internet service,No internet service,No internet service,No internet service,Month-to-month,No,Tarjeta de Credito,20.35,35.1,No
OP-8807,Femenino,0,Si,Si,55,Si,Si,No,No internet service,No internet service,No internet service,No internet service,No internet service,No internet service,Two year,Si,Tarjeta de Credito,25.65,1388,No
WI-5439,Masculino,1,Si,No,41,Si,No,Fiber optic,No,Si,No,No,Si,Si,Month-to-month,Si,Cheque,94.55,3851.45,No
QL-9874,Femenino,0,Si,Si,17,Si,Si,Fiber optic,Si,No,Si,No,Si,Si,Month-to-month,Si,Cheque,104.2,1743.5,Si
UI-8294,Femenino,0,No,No,30,Si,No,Fiber optic,No,No,No,Si,Si,Si,One year,Si,Transferencia Bancaria,94.4,2638.1,No
YU-8109,Masculino,0,No,No,17,Si,No,DSL,Si,Si,No,No,No,No,One year,No,Deposito bancario,56.1,946.95,No
NV-5840,Femenino,0,Si,Si,16,Si,No,DSL,Si,Si,No,Si,No,Si,Two year,No,Transferencia Bancaria,68.25,1114.85,No
NL-8092,Masculino,0,No,No,72,Si,Si,No,No internet service,No internet service,No internet service,No internet service,No internet service,No internet service,Two year,No,Transferencia Bancaria,24.75,1777.6,No
QL-5928,Masculino,0,No,No,9,Si,Si,Fiber optic,No,No,No,No,No,No,Month-to-month,Si,Cheque,76.25,684.85,No
EF-9840,Femenino,0,No,No,1,Si,No,Fiber optic,No,Si,No,No,No,No,Month-to-month,No,Cheque,74.35,74.35,No
UK-0696,Masculino,0,No,Si,23,Si,No,DSL,No,Si,No,Si,No,No,Month-to-month,No,Cheque,54.15,1312.45,No
KF-4801,Masculino,0,No,Si,8,Si,No,No,No internet service,No internet service,No internet service,No internet service,No internet service,No internet service,Month-to-month,No,Transferencia Bancaria,19.45,159.2,No
OA-3472,Masculino,0,Si,Si,19,No,No Servicio Telef nico,DSL,Si,Si,No,No,No,No,Month-to-month,Si,Deposito bancario,34.95,610.2,No
OZ-6135,Femenino,0,No,No,7,Si,Si,DSL,Si,No,No,No,No,No,Month-to-month,Si,Cheque,53.65,404.35,No
YB-8062,Masculino,1,No,No,1,Si,No,Fiber optic,No,No,No,No,No,No,Month-to-month,Si,Cheque,69.65,69.65,Si
JH-2252,Masculino,0,No,No,61,Si,Si,Fiber optic,Si,No,Si,No,Si,Si,One year,No,Cheque,104,6363.45,No
PC-4188,Femenino,0,Si,No,57,Si,No,DSL,Si,Si,No,Si,Si,No,Two year,Si,Tarjeta de Credito,70.35,4124.65,No
AP-6000,Masculino,0,No,No,9,Si,No,Fiber optic,No,No,No,No,No,Si,Month-to-month,Si,Cheque,80.8,713.1,Si
BE-7105,Masculino,0,No,Si,15,Si,No,DSL,Si,No,Si,No,No,Si,One year,No,Deposito bancario,64.85,950.75,No
DV-7721,Femenino,0,No,No,1,Si,No,No,No internet service,No internet service,No internet service,No internet service,No internet service,No internet service,Month-to-month,No,Deposito bancario,19.65,19.65,No
VV-3566,Femenino,0,Si,No,12,Si,No,DSL,No,No,No,No,No,No,Month-to-month,No,Transferencia Bancaria,45.9,505.95,No
HS-9507,Masculino,0,No,No,54,Si,No,No,No internet service,No internet service,No internet service,No internet service,No internet service,No internet service,Two year,No,Deposito bancario,20,1149.65,No
SQ-2480,Masculino,0,Si,Si,4,Si,No,DSL,No,No,No,No,No,No,Month-to-month,No,Cheque,44.8,169.65,No
ID-0947,Femenino,0,No,No,7,Si,No,Fiber optic,No,No,No,No,Si,No,Month-to-month,Si,Deposito bancario,80.3,526.7,Si
TK-7813,Femenino,0,Si,No,20,Si,No,No,No internet service,No internet service,No internet service,No internet service,No internet service,No internet service,One year,No,Deposito bancario,20.35,393.15,No
MK-0128,Femenino,0,No,Si,26,No,No Servicio Telef nico,DSL,Si,No,No,Si,No,Si,Month-to-month,No,Deposito bancario,45.8,1147,No
YI-3672,Masculino,1,Si,No,36,Si,Si,Fiber optic,No,No,No,No,No,Si,Month-to-month,Si,Cheque,84.1,3021.6,Si
ZT-4350,Femenino,0,Si,No,53,Si,Si,Fiber optic,No,Si,Si,Si,Si,Si,One year,Si,Transferencia Bancaria,108.95,5718.2,No
JV-9048,Masculino,0,No,No,3,Si,No,DSL,No,No,No,Si,Si,Si,Month-to-month,Si,Cheque,69.35,191.35,Si
HJ-0361,Femenino,0,No,No,68,No,No Servicio Telef nico,DSL,Si,Si,Si,Si,Si,Si,Two year,No,Tarjeta de Credito,64.35,4539.6,No
MY-5727,Masculino,0,Si,Si,72,Si,Si,DSL,Si,Si,Si,Si,Si,Si,Two year,Si,Tarjeta de Credito,90.8,6397.6,No
KY-3823,Masculino,0,No,No,12,Si,Si,No,No internet service,No internet service,No internet service,No internet service,No internet service,No internet service,One year,No,Tarjeta de Credito,24.95,280.4,No
EC-8988,Femenino,1,Si,Si,34,Si,Si,Fiber optic,No,Si,No,No,No,No,Month-to-month,Si,Deposito bancario,79.6,2718.3,Si
WE-7570,Femenino,0,Si,No,68,Si,Si,Fiber optic,Si,Si,No,No,No,No,Two year,Si,Transferencia Bancaria,84.7,5711.05,No
VL-3021,Femenino,0,No,Si,50,Si,No,DSL,Si,No,Si,Si,Si,No,One year,Si,Tarjeta de Credito,70.8,3478.15,No
EK-3776,Femenino,1,No,No,1,No,No Servicio Telef nico,DSL,No,No,No,No,Si,No,Month-to-month,Si,Cheque,36.45,36.45,Si
CA-2080,Femenino,1,No,No,41,Si,Si,Fiber optic,No,Si,Si,No,Si,Si,Month-to-month,Si,Cheque,104.4,4133.95,No
FF-1028,Masculino,1,Si,No,30,Si,Si,Fiber optic,No,No,No,Si,Si,Si,Month-to-month,Si,Cheque,101.5,2917.65,No
FL-6907,Masculino,0,No,No,1,Si,Si,DSL,No,Si,No,No,No,No,Month-to-month,No,Cheque,54.3,54.3,No
UN-3001,Masculino,1,Si,Si,29,Si,Si,Fiber optic,No,No,Si,No,Si,Si,Month-to-month,Si,Cheque,103.95,2964.8,No
PS-5982,Femenino,0,Si,Si,23,Si,Si,DSL,Si,Si,Si,Si,Si,Si,Two year,Si,Tarjeta de Credito,91.1,2198.3,No
GA-3507,Masculino,0,No,Si,60,Si,No,No,No internet service,No internet service,No internet service,No internet service,No internet service,No internet service,Two year,No,Deposito bancario,19.95,1189.9,No
ZN-7096,Femenino,0,Si,No,72,Si,Si,No,No internet service,No internet service,No internet service,No internet service,No internet service,No internet service,Two year,No,Tarjeta de Credito,26.45,1914.5,No
XB-1902,Masculino,0,No,Si,22,Si,No,Fiber optic,No,Si,Si,No,Si,No,Month-to-month,Si,Cheque,89.4,2001.5,Si
MQ-1676,Masculino,0,No,No,72,Si,No,DSL,Si,Si,Si,Si,Si,No,Two year,Si,Transferencia Bancaria,75.1,5336.35,No
IV-0786,Femenino,1,No,No,66,Si,Si,Fiber optic,No,Si,Si,No,Si,Si,One year,No,Transferencia Bancaria,108.1,7238.6,No
DS-7566,Femenino,0,Si,No,72,Si,Si,Fiber optic,No,Si,Si,Si,Si,Si,Two year,Si,Cheque,110.15,7998.8,No
OK-0643,Femenino,1,Si,No,47,Si,Si,Fiber optic,Si,No,No,No,No,No,Month-to-month,No,Cheque,80.35,3825.85,Si
JM-7245,Femenino,0,No,No,51,Si,Si,Fiber optic,No,Si,Si,Si,Si,Si,One year,Si,Cheque,111.5,5703.25,No
IJ-6050,Femenino,0,Si,Si,70,Si,Si,Fiber optic,No,Si,Si,No,Si,Si,One year,Si,Cheque,106.5,7397,No
JV-6202,Masculino,0,No,No,9,Si,No,No,No internet service,No internet service,No internet service,No internet service,No internet service,No internet service,One year,Si,Cheque,19.9,164.6,No
TK-8591,Masculino,0,Si,Si,59,Si,Si,Fiber optic,Si,Si,No,Si,Si,Si,Two year,Si,Deposito bancario,111.1,6555.2,No
OX-0734,Masculino,0,No,Si,3,Si,No,DSL,No,No,No,Si,Si,Si,Month-to-month,No,Deposito bancario,70.7,225.65,No
AC-4282,Masculino,1,Si,No,38,No,No Servicio Telef nico,DSL,No,No,No,No,No,No,Month-to-month,Si,Cheque,24.85,955.75,No
TR-0365,Femenino,0,No,No,37,Si,Si,Fiber optic,Si,Si,Si,No,No,No,Month-to-month,No,Transferencia Bancaria,91.2,3382.3,No
AL-7349,Masculino,0,No,No,37,Si,No,DSL,Si,Si,Si,Si,No,No,Two year,No,Transferencia Bancaria,65.6,2313.8,No
ND-9381,Femenino,1,Si,No,24,No,No Servicio Telef nico,DSL,No,No,Si,No,No,Si,Month-to-month,Si,Tarjeta de Credito,40.65,933.3,Si
KU-6502,Femenino,0,Si,Si,14,Si,No,DSL,Si,Si,No,Si,No,No,Month-to-month,No,Transferencia Bancaria,59.45,780.85,No
YS-1841,Masculino,0,Si,No,72,Si,Si,Fiber optic,Si,Si,No,Si,Si,Si,Two year,Si,Tarjeta de Credito,109.95,7852.4,No
XI-2794,Masculino,0,Si,No,53,No,No Servicio Telef nico,DSL,No,Si,Si,Si,Si,Si,One year,Si,Cheque,60.45,3184.25,Si
SH-8382,Femenino,0,Si,No,8,Si,Si,Fiber optic,No,No,No,No,No,Si,Month-to-month,Si,Cheque,84.9,764.95,Si
BF-3511,Masculino,0,Si,Si,72,No,No Servicio Telef nico,DSL,Si,Si,Si,No,No,No,Two year,No,Tarjeta de Credito,38.5,2763,No
XC-7668,Femenino,1,Si,No,17,Si,Si,Fiber optic,No,No,No,No,Si,Si,Month-to-month,Si,Cheque,92.55,1614.7,No
ZA-2983,Femenino,0,Si,Si,2,Si,No,Fiber optic,No,Si,No,No,No,No,Month-to-month,Si,Transferencia Bancaria,73.55,145.4,Si
UR-7845,Femenino,0,Si,No,8,Si,No,No,No internet service,No internet service,No internet service,No internet service,No internet service,No internet service,Month-to-month,No,Transferencia Bancaria,20.15,156.25,Si
ZB-3034,Femenino,0,Si,No,48,No,No Servicio Telef nico,DSL,No,Si,Si,No,No,No,One year,No,Deposito bancario,34.7,1604.5,Si
HE-5018,Femenino,0,No,No,10,Si,Si,No,No internet service,No internet service,No internet service,No internet service,No internet service,No internet service,Month-to-month,Si,Deposito bancario,24.5,270.15,No
AR-2923,Masculino,0,Si,Si,0,Si,No,No,No internet service,No internet service,No internet service,No internet service,No internet service,No internet service,One year,Si,Deposito bancario,19.7, ,No
NL-3976,Masculino,0,No,No,1,Si,No,No,No internet service,No internet service,No internet service,No internet service,No internet service,No internet service,Month-to-month,No,Deposito bancario,20.6,20.6,No
YG-2282,Femenino,0,No,No,29,Si,No,DSL,Si,No,Si,Si,No,No,One year,No,Tarjeta de Credito,58,1734.5,No
UF-5336,Femenino,1,Si,Si,65,Si,Si,Fiber optic,No,Si,Si,No,Si,Si,One year,Si,Cheque,107.45,7047.5,No
EX-6854,Femenino,0,No,No,8,Si,Si,DSL,Si,Si,Si,No,No,No,Month-to-month,Si,Transferencia Bancaria,65.5,573.15,No
EZ-1241,Masculino,0,Si,No,61,Si,Si,No,No internet service,No internet service,No internet service,No internet service,No internet service,No internet service,Two year,No,Transferencia Bancaria,25.45,1538.6,No
PS-9233,Femenino,1,No,No,45,Si,Si,Fiber optic,No,No,Si,No,Si,Si,One year,Si,Transferencia Bancaria,100.15,4459.8,No
PC-5376,Masculino,0,Si,Si,72,Si,Si,Fiber optic,No,Si,Si,No,Si,Si,One year,Si,Tarjeta de Credito,104.45,7459,No
BG-8044,Masculino,0,Si,Si,12,Si,No,No,No internet service,No internet service,No internet service,No internet service,No internet service,No internet service,Month-to-month,Si,Cheque,21.15,306.05,No
LD-4060,Masculino,0,No,No,7,Si,Si,Fiber optic,No,No,No,No,Si,Si,Month-to-month,No,Cheque,96.2,639.7,No
PP-3589,Masculino,0,No,No,9,Si,No,DSL,No,No,No,No,No,No,Month-to-month,Si,Deposito bancario,44.4,348.15,No
LZ-8327,Femenino,1,Si,No,43,Si,Si,Fiber optic,No,No,Si,Si,Si,Si,One year,Si,Cheque,107.55,4533.9,Si
IK-5887,Masculino,0,Si,Si,58,Si,Si,Fiber optic,No,No,Si,Si,No,Si,Two year,No,Transferencia Bancaria,94.35,5563.65,No
BG-1075,Masculino,1,Si,No,16,Si,Si,Fiber optic,No,No,Si,No,Si,Si,Month-to-month,Si,Cheque,98.75,1587.55,Si
RM-1755,Masculino,0,Si,Si,2,Si,No,No,No internet service,No internet service,No internet service,No internet service,No internet service,No internet service,Month-to-month,No,Deposito bancario,20.3,40.25,No
JO-0302,Femenino,0,Si,No,8,Si,No,Fiber optic,No,Si,Si,No,Si,Si,Month-to-month,No,Cheque,101.15,842.9,Si
XH-3858,Femenino,0,Si,No,40,Si,Si,Fiber optic,Si,No,Si,No,Si,Si,One year,No,Transferencia Bancaria,105.75,4228.55,No
SI-4299,Masculino,0,No,No,9,Si,Si,Fiber optic,Si,No,No,No,No,No,Month-to-month,Si,Cheque,81.15,784.45,No
IW-7025,Masculino,0,No,No,41,Si,No,Fiber optic,No,Si,No,Si,Si,No,One year,Si,Cheque,89.55,3729.75,No
LH-6261,Femenino,0,No,No,26,Si,No,DSL,No,Si,Si,No,No,No,Month-to-month,Si,Tarjeta de Credito,54.75,1406.9,No
FC-7841,Femenino,0,Si,No,33,Si,No,DSL,No,Si,No,Si,No,No,One year,Si,Tarjeta de Credito,53.75,1857.3,No
EV-2056,Masculino,0,Si,Si,68,Si,No,Fiber optic,No,Si,Si,Si,Si,Si,One year,No,Tarjeta de Credito,105.75,7322.5,No
MB-8777,Femenino,1,Si,No,65,Si,No,Fiber optic,No,Si,Si,Si,Si,Si,Two year,Si,Tarjeta de Credito,105.85,6725.5,No
US-7753,Masculino,0,No,No,55,Si,No,DSL,No,Si,No,Si,No,Si,One year,Si,Cheque,64.2,3627.3,No
IJ-5366,Masculino,0,No,No,20,Si,Si,Fiber optic,No,No,Si,No,Si,No,Month-to-month,Si,Cheque,88.7,1761.45,Si
CP-7661,Masculino,0,No,No,19,Si,No,Fiber optic,No,No,No,Si,No,Si,One year,Si,Tarjeta de Credito,87.7,1725.95,No
HX-6233,Femenino,0,No,No,45,Si,Si,Fiber optic,No,No,Si,No,No,Si,Month-to-month,Si,Tarjeta de Credito,89.3,4192.15,No
WB-5902,Femenino,0,Si,Si,70,Si,No,No,No internet service,No internet service,No internet service,No internet service,No internet service,No internet service,Two year,Si,Tarjeta de Credito,20.15,1411.2,No
IN-1981,Femenino,0,No,No,2,Si,No,Fiber optic,No,No,No,No,Si,No,Month-to-month,Si,Cheque,79.75,164.5,Si
PU-4971,Femenino,0,No,No,27,Si,Si,Fiber optic,No,No,No,No,Si,Si,Month-to-month,Si,Deposito bancario,94.55,2724.6,Si
TP-3239,Femenino,0,Si,No,12,Si,No,No,No internet service,No internet service,No internet service,No internet service,No internet service,No internet service,Two year,Si,Cheque,20.05,264.55,No
GZ-5115,Masculino,0,No,Si,72,No,No Servicio Telef nico,DSL,Si,Si,Si,Si,Si,Si,Two year,No,Tarjeta de Credito,67.2,4671.7,No
CV-3338,Masculino,0,No,No,12,Si,Si,Fiber optic,No,No,No,No,Si,Si,Month-to-month,No,Cheque,94.55,1173.55,No
GJ-8485,Femenino,1,No,No,5,Si,No,Fiber optic,No,No,No,No,No,No,Month-to-month,Si,Deposito bancario,69.05,318.5,Si
YV-2615,Masculino,1,Si,No,71,Si,Si,Fiber optic,Si,Si,Si,No,Si,Si,Month-to-month,Si,Cheque,107.5,7713.55,No
ST-2851,Masculino,1,No,No,35,Si,No,DSL,No,No,Si,Si,Si,Si,One year,Si,Cheque,73,2471.25,No
GE-4393,Masculino,0,Si,Si,70,Si,Si,Fiber optic,Si,Si,Si,Si,Si,Si,Two year,No,Tarjeta de Credito,114.75,7842.3,No
AY-8486,Femenino,0,No,No,31,Si,Si,Fiber optic,No,No,No,No,No,No,Month-to-month,Si,Cheque,76.05,2227.8,No
SX-1527,Masculino,0,Si,Si,52,Si,Si,Fiber optic,No,No,Si,Si,No,Si,Two year,Si,Transferencia Bancaria,96.25,4990.25,Si
WT-6029,Masculino,1,No,No,37,Si,Si,Fiber optic,No,No,Si,No,Si,Si,Month-to-month,Si,Cheque,101.1,3744.05,Si
CI-8634,Masculino,0,No,No,69,Si,Si,Fiber optic,No,Si,No,Si,Si,Si,One year,Si,Transferencia Bancaria,104.7,7220.35,Si
JK-5419,Masculino,1,Si,No,30,Si,Si,Fiber optic,No,No,No,No,No,No,Month-to-month,No,Deposito bancario,77.9,2351.45,No
KZ-2495,Femenino,0,No,No,33,Si,Si,Fiber optic,Si,No,No,No,No,Si,Month-to-month,Si,Cheque,90.65,2989.6,No
PH-1409,Masculino,1,Si,No,54,Si,Si,Fiber optic,No,Si,Si,Si,Si,Si,Two year,Si,Cheque,110.45,6077.75,No
WQ-4560,Femenino,0,No,No,59,Si,Si,DSL,Si,No,No,Si,No,Si,One year,No,Transferencia Bancaria,68.7,4070.95,No
YV-9591,Masculino,1,No,No,55,No,No Servicio Telef nico,DSL,Si,Si,No,No,Si,No,Month-to-month,Si,Cheque,44.85,2479.05,No
BZ-9309,Masculino,1,Si,No,69,No,No Servicio Telef nico,DSL,No,No,Si,No,No,No,One year,Si,Tarjeta de Credito,29.8,2134.3,No
DR-4274,Femenino,0,No,No,66,Si,Si,Fiber optic,No,Si,No,No,Si,No,One year,Si,Transferencia Bancaria,88.9,6000.1,No
DN-2027,Masculino,0,Si,Si,37,Si,No,DSL,Si,No,Si,Si,No,No,One year,Si,Deposito bancario,58.75,2203.1,No
GX-8075,Masculino,1,Si,No,9,Si,No,No,No internet service,No internet service,No internet service,No internet service,No internet service,No internet service,One year,No,Tarjeta de Credito,19.85,183.15,No
HI-2885,Masculino,0,Si,Si,69,Si,Si,DSL,Si,No,Si,Si,Si,Si,Two year,No,Transferencia Bancaria,86.9,6194.1,No
RL-5424,Masculino,0,No,No,10,Si,No,DSL,No,Si,No,No,Si,No,Month-to-month,Si,Deposito bancario,59.65,638.95,No
QJ-6682,Masculino,0,No,Si,40,Si,No,DSL,Si,Si,No,No,No,No,Month-to-month,Si,Deposito bancario,55.25,2139.2,Si
DT-6507,Masculino,0,No,Si,13,Si,No,DSL,No,No,No,No,Si,Si,Month-to-month,No,Tarjeta de Credito,66.4,831.75,No
IX-8780,Femenino,0,No,No,6,Si,Si,Fiber optic,No,Si,No,No,Si,No,Month-to-month,Si,Cheque,90.1,521.3,Si
BQ-7673,Femenino,0,Si,Si,69,Si,No,No,No internet service,No internet service,No internet service,No internet service,No internet service,No internet service,Two year,No,Transferencia Bancaria,20.15,1337.5,No
WS-6723,Femenino,1,Si,No,66,Si,Si,Fiber optic,No,Si,Si,Si,Si,Si,One year,Si,Tarjeta de Credito,108.1,7181.95,No
EH-9530,Masculino,0,No,No,11,Si,Si,DSL,No,No,Si,No,No,No,Month-to-month,No,Cheque,53.75,608,Si
IW-2725,Masculino,0,Si,Si,46,Si,No,DSL,Si,No,Si,Si,No,No,One year,No,Deposito bancario,56.9,2560.1,No
HK-0345,Femenino,0,No,No,6,Si,No,Fiber optic,No,No,No,No,Si,Si,Month-to-month,No,Cheque,89.3,577.6,Si
PN-1061,Femenino,0,Si,Si,56,Si,Si,Fiber optic,Si,No,Si,Si,Si,Si,Month-to-month,Si,Deposito bancario,109.6,5953,No
YO-0394,Masculino,0,Si,Si,70,Si,Si,No,No internet service,No internet service,No internet service,No internet service,No internet service,No internet service,Two year,No,Tarjeta de Credito,25.15,1790.15,No
MC-6574,Femenino,0,Si,Si,33,Si,Si,DSL,No,No,Si,Si,Si,Si,One year,Si,Cheque,79.15,2531.4,No
QH-7399,Femenino,0,Si,Si,72,Si,Si,DSL,Si,Si,No,Si,No,No,Two year,No,Tarjeta de Credito,66.75,4760.3,No
SO-3049,Femenino,0,Si,No,3,Si,Si,Fiber optic,No,No,No,No,Si,Si,Month-to-month,Si,Cheque,95.2,292.85,Si
YT-0997,Femenino,0,No,Si,19,Si,No,DSL,No,No,No,Si,No,No,Month-to-month,No,Deposito bancario,48.8,953.65,No
HR-3317,Femenino,1,No,No,5,No,No Servicio Telef nico,DSL,No,No,No,No,Si,Si,Month-to-month,No,Cheque,45.7,198,Si
HY-9479,Femenino,0,Si,No,71,Si,No,DSL,No,Si,Si,Si,Si,Si,Two year,Si,Tarjeta de Credito,80.7,5705.05,No
ET-3235,Masculino,0,Si,No,8,Si,No,Fiber optic,Si,No,No,No,No,No,Month-to-month,Si,Cheque,74.5,609.9,Si
KF-9708,Masculino,0,No,No,1,Si,No,No,No internet service,No internet service,No internet service,No internet service,No internet service,No internet service,Month-to-month,No,Tarjeta de Credito,20.55,20.55,No
IN-8058,Femenino,0,No,No,1,Si,No,Fiber optic,No,No,No,No,Si,No,Month-to-month,Si,Cheque,79.65,79.65,Si
GK-3642,Femenino,0,No,No,61,Si,Si,Fiber optic,Si,Si,Si,Si,Si,Si,One year,Si,Deposito bancario,115.1,6993.65,No
RM-0774,Femenino,0,Si,Si,71,No,No Servicio Telef nico,DSL,Si,Si,No,Si,Si,Si,Two year,No,Transferencia Bancaria,59.7,4122.65,No
PD-1334,Femenino,0,Si,No,68,Si,Si,Fiber optic,No,Si,Si,No,No,No,One year,No,Tarjeta de Credito,86.45,5762.95,No
MP-0756,Masculino,0,No,No,46,No,No Servicio Telef nico,DSL,No,No,Si,Si,No,No,One year,No,Tarjeta de Credito,33.7,1537.85,No
MF-2242,Masculino,0,No,No,33,Si,Si,Fiber optic,Si,No,No,No,No,No,One year,No,Transferencia Bancaria,80.1,2603.3,No
CV-2927,Femenino,0,Si,Si,53,Si,Si,Fiber optic,Si,Si,Si,Si,No,Si,Two year,Si,Transferencia Bancaria,104.05,5566.4,No
BF-2144,Femenino,1,Si,No,50,Si,Si,Fiber optic,Si,Si,Si,No,Si,Si,Month-to-month,No,Transferencia Bancaria,108.75,5431.9,No
PV-8745,Femenino,0,No,No,57,No,No Servicio Telef nico,DSL,Si,No,Si,Si,No,No,One year,Si,Tarjeta de Credito,41.1,2258.25,No
GY-7647,Femenino,0,Si,Si,54,Si,No,No,No internet service,No internet service,No internet service,No internet service,No internet service,No internet service,Two year,Si,Transferencia Bancaria,20.35,1092.35,No
FX-5647,Femenino,1,Si,No,60,Si,Si,Fiber optic,No,Si,Si,No,Si,Si,Month-to-month,Si,Cheque,105.9,6401.25,No
OU-5569,Femenino,1,Si,No,28,Si,Si,Fiber optic,No,No,No,Si,Si,Si,Month-to-month,Si,Tarjeta de Credito,101.3,2812.2,Si
XN-8821,Femenino,0,Si,Si,1,Si,No,Fiber optic,No,No,No,No,Si,No,Month-to-month,Si,Deposito bancario,80.05,80.05,Si
OJ-2082,Masculino,0,Si,Si,29,Si,Si,Fiber optic,No,No,Si,No,No,Si,Month-to-month,Si,Cheque,89.2,2698.35,Si
IS-9700,Femenino,0,Si,Si,10,Si,No,DSL,No,Si,No,Si,No,Si,Month-to-month,Si,Cheque,65.5,616.9,No
ET-9839,Masculino,0,No,Si,43,No,No Servicio Telef nico,DSL,Si,Si,Si,No,No,No,Month-to-month,Si,Cheque,40.45,1912.85,No
VE-6078,Masculino,1,Si,No,13,Si,No,Fiber optic,No,No,No,No,No,No,Month-to-month,No,Transferencia Bancaria,70.45,849.1,No
TM-9027,Femenino,0,Si,No,43,Si,No,DSL,Si,No,Si,Si,Si,Si,Two year,Si,Cheque,78.8,3460.3,No
NF-5940,Masculino,0,Si,Si,19,Si,Si,Fiber optic,No,No,No,No,No,Si,Month-to-month,Si,Cheque,83.65,1465.75,Si
HO-1941,Masculino,0,Si,Si,1,Si,No,Fiber optic,No,No,No,No,Si,Si,Month-to-month,Si,Cheque,90.1,90.1,No
HS-9110,Femenino,0,No,No,69,Si,No,DSL,Si,No,Si,Si,Si,Si,Two year,Si,Tarjeta de Credito,82.45,5555.3,No
VC-0704,Femenino,0,Si,No,61,Si,No,No,No internet service,No internet service,No internet service,No internet service,No internet service,No internet service,Two year,No,Tarjeta de Credito,20.25,1278.8,No
ZT-6171,Masculino,0,Si,No,43,Si,Si,DSL,Si,Si,No,Si,No,No,Month-to-month,No,Transferencia Bancaria,66.25,2907.35,No
WW-8053,Femenino,0,Si,No,6,Si,No,No,No internet service,No internet service,No internet service,No internet service,No internet service,No internet service,Month-to-month,No,Transferencia Bancaria,19.5,146.3,Si
KC-9564,Masculino,0,No,No,1,Si,No,DSL,No,No,No,Si,No,No,Month-to-month,No,Deposito bancario,51.25,51.25,Si
IM-1935,Masculino,0,Si,No,56,Si,No,Fiber optic,No,No,No,No,Si,Si,Month-to-month,No,Deposito bancario,89.7,4952.95,No
PB-2535,Femenino,0,Si,No,70,No,No Servicio Telef nico,DSL,Si,Si,Si,Si,Si,Si,Two year,No,Transferencia Bancaria,64.55,4504.9,No
CE-2082,Masculino,0,No,No,1,Si,No,DSL,No,No,No,No,No,No,Month-to-month,Si,Cheque,45.6,45.6,Si
PS-1470,Masculino,0,Si,Si,49,Si,Si,Fiber optic,No,Si,Si,No,Si,No,One year,Si,Cheque,93.65,4520.15,No
NG-1213,Femenino,0,No,No,6,Si,No,DSL,No,No,No,Si,No,No,Month-to-month,Si,Transferencia Bancaria,49.65,267.35,Si
XL-2498,Femenino,0,Si,Si,32,Si,No,DSL,Si,Si,Si,Si,No,Si,Two year,No,Deposito bancario,73.6,2316.85,No
OC-9866,Femenino,1,Si,No,72,Si,Si,Fiber optic,Si,No,Si,Si,Si,Si,Two year,Si,Deposito bancario,109.75,8075.35,No
YH-5338,Masculino,0,No,Si,37,Si,No,DSL,Si,Si,No,Si,No,No,Two year,No,Tarjeta de Credito,61.45,2302.35,No
UP-7718,Femenino,0,Si,No,69,Si,No,Fiber optic,Si,Si,No,Si,Si,Si,One year,Si,Tarjeta de Credito,106.4,7251.9,No
WB-8731,Femenino,0,Si,No,26,Si,No,DSL,No,Si,Si,Si,Si,Si,Month-to-month,No,Transferencia Bancaria,81.9,2078.55,No
CY-1448,Femenino,0,Si,Si,58,Si,Si,Fiber optic,No,Si,Si,No,Si,Si,One year,Si,Tarjeta de Credito,105.2,6225.4,No
II-7901,Masculino,0,No,No,24,Si,Si,DSL,No,No,No,Si,No,No,One year,No,Transferencia Bancaria,54.6,1242.25,No
DV-2690,Masculino,0,Si,Si,5,Si,No,No,No internet service,No internet service,No internet service,No internet service,No internet service,No internet service,One year,No,Cheque,20.55,99.45,No
KZ-5688,Masculino,0,Si,Si,15,Si,No,No,No internet service,No internet service,No internet service,No internet service,No internet service,No internet service,Month-to-month,Si,Cheque,20,288.05,Si
XK-1270,Femenino,0,Si,Si,30,Si,No,No,No internet service,No internet service,No internet service,No internet service,No internet service,No internet service,Two year,No,Deposito bancario,19.7,599.25,No
ZF-0334,Femenino,0,Si,No,55,Si,Si,DSL,Si,Si,No,Si,No,No,One year,Si,Tarjeta de Credito,66.05,3462.1,No
QO-2894,Femenino,0,Si,No,25,No,No Servicio Telef nico,DSL,No,No,No,No,Si,No,Month-to-month,Si,Transferencia Bancaria,34,853,Si
PM-5747,Masculino,1,Si,No,10,Si,No,Fiber optic,No,Si,Si,Si,Si,No,Month-to-month,Si,Deposito bancario,92.5,934.1,Si
EJ-5583,Masculino,0,Si,Si,44,No,No Servicio Telef nico,DSL,Si,Si,Si,Si,No,Si,Two year,Si,Tarjeta de Credito,54.05,2375.2,No
EV-4565,Femenino,0,No,No,47,Si,No,DSL,Si,Si,No,Si,No,No,One year,Si,Deposito bancario,58.9,2813.05,No
JQ-3143,Femenino,0,Si,Si,13,Si,No,Fiber optic,No,No,No,No,Si,Si,Month-to-month,No,Cheque,88.35,1222.8,Si
SZ-6386,Femenino,0,Si,Si,49,Si,Si,Fiber optic,No,Si,Si,Si,Si,Si,Two year,Si,Transferencia Bancaria,107.95,5293.2,Si
YB-3327,Femenino,0,Si,No,64,Si,No,Fiber optic,Si,No,No,Si,Si,Si,One year,Si,Deposito bancario,96.9,6314.35,No
QH-9441,Masculino,0,No,No,1,Si,No,No,No internet service,No internet service,No internet service,No internet service,No internet service,No internet service,Month-to-month,No,Deposito bancario,19.1,19.1,No
LN-6705,Masculino,0,No,No,20,Si,No,DSL,No,No,No,Si,No,No,Month-to-month,No,Deposito bancario,50,1003.05,No
AS-2580,Femenino,0,Si,No,37,No,No Servicio Telef nico,DSL,Si,No,No,Si,Si,No,Two year,No,Cheque,45.4,1593.1,No
GQ-3370,Masculino,0,Si,Si,30,Si,Si,Fiber optic,No,No,No,No,Si,No,Month-to-month,No,Cheque,85.45,2509.95,No
US-5032,Femenino,0,No,No,38,Si,Si,DSL,Si,Si,Si,No,Si,Si,One year,No,Transferencia Bancaria,84.1,3187.65,No
IH-2982,Femenino,1,No,No,1,Si,Si,Fiber optic,No,No,No,No,No,No,Month-to-month,Si,Deposito bancario,74.45,74.45,Si
SY-3521,Femenino,0,No,No,37,Si,No,DSL,No,No,No,No,Si,Si,Month-to-month,Si,Cheque,64.75,2345.2,Si
QP-4254,Femenino,0,Si,No,52,No,No Servicio Telef nico,DSL,Si,Si,Si,Si,Si,Si,Two year,No,Tarjeta de Credito,66.25,3330.1,No
GI-6283,Masculino,0,No,Si,71,Si,No,DSL,Si,Si,Si,Si,Si,No,Two year,Si,Tarjeta de Credito,76.9,5522.7,No
JA-9526,Masculino,0,No,No,26,Si,No,Fiber optic,No,Si,Si,No,Si,No,Month-to-month,No,Cheque,89.8,2335.3,Si
CH-0771,Masculino,0,No,No,66,Si,Si,DSL,Si,Si,Si,No,No,Si,Two year,Si,Tarjeta de Credito,74.6,4798.4,No
HN-9788,Masculino,0,Si,No,72,Si,Si,Fiber optic,Si,Si,Si,Si,Si,Si,Two year,Si,Tarjeta de Credito,116.95,8594.4,No
RE-9495,Masculino,0,No,Si,25,No,No Servicio Telef nico,DSL,Si,No,No,No,Si,No,One year,Si,Tarjeta de Credito,40.65,970.55,No
XL-5375,Masculino,0,Si,Si,69,Si,Si,Fiber optic,Si,Si,Si,Si,Si,Si,Two year,Si,Transferencia Bancaria,114.35,7665.8,No
VI-1172,Masculino,0,Si,Si,53,Si,Si,DSL,Si,Si,No,No,No,Si,Two year,No,Transferencia Bancaria,69.7,3686.05,No
VU-5649,Femenino,0,No,No,12,Si,No,Fiber optic,No,No,Si,No,Si,Si,One year,No,Deposito bancario,95.5,1115.15,Si
PD-6559,Masculino,0,No,No,26,Si,No,Fiber optic,No,No,Si,Si,Si,Si,Month-to-month,Si,Cheque,98.65,2537,No
OB-8992,Masculino,0,No,No,21,Si,No,DSL,No,No,Si,No,No,Si,Month-to-month,No,Deposito bancario,61.65,1393.6,No
MB-4273,Femenino,0,No,Si,1,Si,No,Fiber optic,No,No,No,No,Si,Si,Month-to-month,Si,Cheque,89.35,89.35,No
WX-4724,Masculino,0,No,No,48,Si,Si,Fiber optic,Si,No,No,Si,No,Si,Month-to-month,Si,Cheque,95.4,4445.3,No
GU-5701,Femenino,0,Si,No,26,No,No Servicio Telef nico,DSL,Si,No,Si,No,No,No,One year,No,Tarjeta de Credito,35.4,978.6,No
UZ-1460,Masculino,0,Si,No,60,Si,No,No,No internet service,No internet service,No internet service,No internet service,No internet service,No internet service,Two year,No,Deposito bancario,19.95,1258.15,No
GL-6082,Masculino,0,No,No,18,Si,No,No,No internet service,No internet service,No internet service,No internet service,No internet service,No internet service,Month-to-month,No,Deposito bancario,19.25,331.35,No
EG-5143,Femenino,1,No,No,10,No,No Servicio Telef nico,DSL,No,No,No,Si,No,No,Month-to-month,Si,Cheque,29.65,291.4,Si
IK-4919,Masculino,0,Si,Si,5,Si,Si,Fiber optic,Si,No,Si,No,No,No,Month-to-month,Si,Cheque,84.5,453.75,Si
TT-2495,Femenino,0,No,Si,4,Si,No,No,No internet service,No internet service,No internet service,No internet service,No internet service,No internet service,One year,Si,Deposito bancario,20.4,84.75,No
ZB-0485,Masculino,0,Si,Si,65,Si,Si,No,No internet service,No internet service,No internet service,No internet service,No internet service,No internet service,Two year,No,Tarjeta de Credito,24.75,1715.1,No
PJ-3810,Masculino,0,Si,Si,70,Si,Si,No,No internet service,No internet service,No internet service,No internet service,No internet service,No internet service,Two year,No,Deposito bancario,25.35,1715.15,No
QL-9050,Masculino,0,No,No,18,Si,Si,Fiber optic,No,No,Si,No,No,Si,Month-to-month,Si,Tarjeta de Credito,90.7,1597.25,Si
HG-0847,Masculino,0,No,Si,62,Si,No,No,No internet service,No internet service,No internet service,No internet service,No internet service,No internet service,Two year,No,Transferencia Bancaria,20,1250.1,No
CT-8232,Femenino,0,Si,Si,66,Si,No,DSL,Si,No,No,No,Si,No,Two year,Si,Cheque,59.75,3996.8,No
YB-9227,Femenino,0,Si,Si,65,Si,Si,DSL,Si,Si,No,Si,Si,Si,Two year,Si,Transferencia Bancaria,82.5,5215.1,No
WF-6168,Femenino,1,No,No,3,Si,No,Fiber optic,No,No,No,No,No,No,Month-to-month,Si,Cheque,70.3,235.5,Si
LI-9860,Femenino,0,No,No,34,Si,No,No,No internet service,No internet service,No internet service,No internet service,No internet service,No internet service,Month-to-month,No,Deposito bancario,20.35,673.2,No
QA-0112,Masculino,0,Si,Si,16,Si,Si,Fiber optic,No,No,Si,No,Si,No,Month-to-month,Si,Transferencia Bancaria,90.8,1442.2,No
SD-0877,Femenino,0,No,No,54,Si,Si,Fiber optic,Si,No,Si,No,Si,Si,One year,Si,Transferencia Bancaria,103.95,5639.05,Si
GC-2786,Femenino,1,No,No,50,Si,Si,Fiber optic,No,No,Si,Si,Si,Si,Month-to-month,Si,Cheque,104.95,5222.35,No
MK-4043,Masculino,0,Si,No,71,Si,No,Fiber optic,No,Si,Si,Si,Si,Si,Two year,Si,Cheque,105.25,7291.75,No
YK-8065,Femenino,0,No,No,10,Si,Si,Fiber optic,No,No,No,No,No,No,Month-to-month,Si,Cheque,74.75,799.65,Si
EI-9637,Femenino,0,No,No,1,Si,No,DSL,No,No,No,Si,No,No,Month-to-month,Si,Cheque,50.8,50.8,Si
RQ-9229,Masculino,0,No,No,18,Si,Si,No,No internet service,No internet service,No internet service,No internet service,No internet service,No internet service,One year,No,Deposito bancario,23.75,424.5,No
KT-8313,Masculino,0,No,No,4,Si,No,DSL,No,No,No,Si,Si,No,Month-to-month,Si,Cheque,61.3,249.4,No
BR-5320,Femenino,0,Si,Si,58,Si,Si,DSL,Si,No,Si,Si,Si,No,Two year,No,Deposito bancario,75.8,4415.75,No
KM-6284,Femenino,0,Si,No,56,Si,Si,Fiber optic,Si,No,No,No,Si,Si,One year,Si,Cheque,98,5270.6,No
PT-9689,Masculino,0,No,No,2,Si,No,Fiber optic,No,No,No,No,Si,No,Month-to-month,Si,Cheque,80.25,144.55,Si
RW-9465,Masculino,0,Si,No,32,Si,Si,Fiber optic,No,No,Si,No,No,No,Month-to-month,Si,Cheque,78.9,2447.95,Si
UO-6229,Masculino,0,Si,Si,56,No,No Servicio Telef nico,DSL,Si,Si,No,Si,Si,No,One year,Si,Deposito bancario,52,2884.9,No
IB-2362,Masculino,0,No,No,36,Si,Si,Fiber optic,No,No,No,No,No,Si,Month-to-month,Si,Cheque,84.75,3050.15,Si
LU-3137,Femenino,0,No,No,4,Si,Si,DSL,No,No,No,Si,Si,No,Month-to-month,Si,Deposito bancario,64.4,253,No
WT-0843,Masculino,0,No,No,53,Si,Si,Fiber optic,No,No,No,No,Si,No,Month-to-month,No,Transferencia Bancaria,85.45,4517.25,Si
JQ-6143,Masculino,0,No,No,10,Si,No,DSL,No,No,No,No,No,No,Month-to-month,Si,Tarjeta de Credito,45.8,436.2,No
OO-8676,Masculino,0,No,No,4,No,No Servicio Telef nico,DSL,No,No,No,Si,No,No,Month-to-month,No,Cheque,30.5,118.4,No
ID-5515,Masculino,0,Si,Si,1,Si,No,No,No internet service,No internet service,No internet service,No internet service,No internet service,No internet service,Month-to-month,No,Deposito bancario,19.9,19.9,Si
CD-9701,Femenino,0,Si,No,51,Si,No,Fiber optic,No,No,No,No,No,No,Month-to-month,No,Deposito bancario,69.15,3649.6,No
NW-7450,Masculino,1,No,No,12,Si,Si,Fiber optic,No,No,Si,No,Si,Si,Month-to-month,Si,Cheque,99.45,1200.15,Si
NZ-8124,Femenino,0,No,No,6,No,No Servicio Telef nico,DSL,No,No,No,Si,Si,Si,One year,Si,Deposito bancario,49.25,255.6,No
FR-2162,Masculino,0,Si,Si,63,No,No Servicio Telef nico,DSL,No,Si,Si,Si,No,No,Two year,No,Transferencia Bancaria,39.35,2395.05,No
DE-5376,Femenino,0,No,No,1,Si,No,Fiber optic,No,No,No,No,No,No,Month-to-month,Si,Cheque,70.6,70.6,Si
MU-5118,Femenino,0,Si,No,48,Si,Si,Fiber optic,No,Si,No,Si,Si,Si,Month-to-month,Si,Tarjeta de Credito,105.1,5083.55,No
HF-9095,Femenino,0,No,No,5,Si,No,Fiber optic,No,No,No,No,Si,No,Month-to-month,Si,Tarjeta de Credito,81,389.6,Si
TV-5627,Femenino,0,No,Si,35,Si,No,No,No internet service,No internet service,No internet service,No internet service,No internet service,No internet service,One year,Si,Tarjeta de Credito,20.1,644.5,No
EN-2379,Masculino,0,No,No,6,Si,No,Fiber optic,No,Si,No,No,Si,No,Month-to-month,Si,Cheque,84.85,523.5,Si
QQ-3936,Masculino,0,No,No,2,Si,No,No,No internet service,No internet service,No internet service,No internet service,No internet service,No internet service,Month-to-month,No,Deposito bancario,19.75,39.3,No
AY-2589,Femenino,0,No,No,50,Si,No,No,No internet service,No internet service,No internet service,No internet service,No internet service,No internet service,One year,No,Transferencia Bancaria,19.75,989.05,No
HL-4067,Femenino,0,No,No,33,Si,No,Fiber optic,No,No,No,No,No,No,Month-to-month,Si,Transferencia Bancaria,70.4,2406.1,No
EO-5124,Masculino,0,No,No,31,Si,No,No,No internet service,No internet service,No internet service,No internet service,No internet service,No internet service,Two year,No,Deposito bancario,20.45,638.55,No
RK-5057,Femenino,0,Si,Si,9,Si,No,No,No internet service,No internet service,No internet service,No internet service,No internet service,No internet service,Two year,No,Deposito bancario,20.35,191.1,No
WE-0292,Femenino,0,Si,Si,54,Si,Si,DSL,No,Si,Si,Si,Si,Si,Month-to-month,Si,Cheque,86.2,4524.05,No
IC-8910,Femenino,0,No,No,46,Si,No,Fiber optic,Si,Si,Si,No,Si,No,One year,Si,Tarjeta de Credito,95.65,4664.2,No
YO-4097,Masculino,0,No,Si,34,Si,Si,Fiber optic,Si,Si,No,No,Si,Si,One year,Si,Cheque,103.8,3470.8,No
WZ-9715,Masculino,0,Si,Si,71,Si,Si,Fiber optic,Si,No,No,No,Si,Si,Two year,Si,Cheque,97.2,6910.3,No
YW-9786,Femenino,0,Si,Si,63,Si,No,DSL,Si,Si,Si,Si,No,No,Two year,No,Deposito bancario,63.55,4014.2,No
GS-6407,Femenino,0,No,No,51,Si,Si,No,No internet service,No internet service,No internet service,No internet service,No internet service,No internet service,Two year,No,Transferencia Bancaria,24.95,1288,No
OB-6005,Femenino,1,No,No,26,Si,Si,Fiber optic,No,Si,No,No,Si,No,Month-to-month,Si,Cheque,89.15,2277.65,Si
ZP-4049,Femenino,0,Si,No,64,Si,No,Fiber optic,Si,No,Si,No,Si,Si,Two year,Si,Transferencia Bancaria,99,6375.8,No
WP-7932,Femenino,1,Si,No,1,No,No Servicio Telef nico,DSL,No,No,No,No,No,No,Month-to-month,Si,Cheque,24.8,24.8,Si
UO-3733,Masculino,1,Si,No,61,Si,Si,Fiber optic,No,Si,No,Si,No,No,One year,Si,Transferencia Bancaria,85.55,5251.75,No
JM-6833,Femenino,0,No,No,15,Si,No,Fiber optic,No,No,Si,No,Si,Si,Month-to-month,Si,Tarjeta de Credito,94,1505.45,No
VO-2722,Masculino,0,No,No,64,Si,Si,Fiber optic,No,Si,No,Si,Si,Si,One year,Si,Tarjeta de Credito,105.65,6903.1,Si
QR-1310,Femenino,0,No,No,18,Si,Si,DSL,No,No,No,No,No,No,Month-to-month,Si,Cheque,50.3,913.3,No
QD-8961,Femenino,0,Si,Si,57,Si,No,Fiber optic,No,Si,No,No,Si,Si,One year,Si,Cheque,95,5535.8,No
SB-9715,Masculino,0,Si,Si,14,Si,No,DSL,Si,Si,No,No,No,Si,Two year,Si,Transferencia Bancaria,61.4,815.55,No
BX-8490,Masculino,1,No,No,18,Si,Si,Fiber optic,No,Si,No,No,No,No,Month-to-month,Si,Tarjeta de Credito,80.55,1411.65,No
TE-7173,Femenino,1,Si,No,72,Si,Si,Fiber optic,Si,No,No,No,No,No,Two year,No,Transferencia Bancaria,78.5,5602.25,No
SK-7929,Masculino,0,Si,No,70,Si,Si,Fiber optic,Si,Si,Si,Si,Si,Si,Two year,No,Tarjeta de Credito,114.3,8244.3,No
RQ-2300,Femenino,0,No,No,38,Si,No,No,No internet service,No internet service,No internet service,No internet service,No internet service,No internet service,Two year,No,Deposito bancario,20.05,741.5,No
SV-3563,Masculino,0,Si,Si,68,Si,No,DSL,Si,Si,Si,Si,No,No,Two year,No,Tarjeta de Credito,62.65,4375.8,No
EX-5228,Masculino,0,No,No,13,Si,No,Fiber optic,No,No,No,No,No,Si,Month-to-month,Si,Cheque,80.85,1008.7,Si
VW-6435,Masculino,1,Si,No,65,Si,Si,Fiber optic,Si,Si,No,No,Si,No,Two year,Si,Tarjeta de Credito,92.7,5968.4,No
IK-4998,Femenino,0,No,No,30,Si,Si,Fiber optic,No,No,Si,No,Si,Si,Month-to-month,No,Cheque,100.45,3096.9,No
QS-8630,Masculino,0,Si,No,51,Si,Si,DSL,No,No,No,Si,Si,Si,Two year,Si,Transferencia Bancaria,75.2,3901.25,No
US-2455,Femenino,0,No,No,31,Si,Si,Fiber optic,Si,No,Si,No,No,No,Month-to-month,Si,Tarjeta de Credito,84.75,2613.4,No
FK-7394,Femenino,0,Si,No,9,Si,No,Fiber optic,No,No,No,No,Si,Si,Month-to-month,No,Cheque,89.45,853.1,Si
FV-9488,Femenino,0,Si,Si,72,Si,Si,DSL,Si,Si,Si,Si,No,Si,Two year,Si,Transferencia Bancaria,79.5,5661.7,No
LW-6331,Masculino,0,No,No,10,Si,Si,DSL,No,No,No,No,Si,Si,Month-to-month,Si,Tarjeta de Credito,72.15,794.25,Si
WW-5995,Femenino,0,No,No,37,Si,No,No,No internet service,No internet service,No internet service,No internet service,No internet service,No internet service,One year,Si,Cheque,19.8,695.05,No
FZ-1597,Femenino,0,No,No,2,Si,No,DSL,No,No,Si,Si,Si,Si,Month-to-month,No,Cheque,76.4,160.8,Si
CG-7879,Masculino,0,No,No,55,Si,No,Fiber optic,Si,Si,No,No,Si,Si,One year,Si,Deposito bancario,100.9,5552.05,No
EZ-9921,Masculino,0,No,Si,33,Si,Si,Fiber optic,Si,No,Si,No,No,Si,Month-to-month,Si,Transferencia Bancaria,95.3,3275.15,No
FF-7432,Femenino,0,Si,Si,46,Si,No,Fiber optic,No,No,Si,Si,No,Si,One year,No,Transferencia Bancaria,90.95,4236.6,No
ZG-7246,Femenino,0,No,Si,1,Si,No,DSL,Si,No,No,Si,No,No,Month-to-month,No,Cheque,54.5,54.5,No
WC-7000,Femenino,1,No,No,20,Si,Si,DSL,No,No,No,No,No,Si,Month-to-month,Si,Deposito bancario,61.6,1174.35,Si
IW-0727,Masculino,0,Si,No,9,Si,No,Fiber optic,No,Si,Si,No,No,No,Month-to-month,Si,Cheque,79.9,741.7,Si
BE-5959,Masculino,1,No,No,32,Si,Si,Fiber optic,No,No,No,No,Si,Si,Month-to-month,Si,Tarjeta de Credito,96.15,3019.25,Si
RH-4456,Femenino,0,Si,Si,19,Si,No,DSL,No,No,Si,No,No,No,Month-to-month,Si,Transferencia Bancaria,49.6,962.9,No
IZ-3512,Femenino,0,Si,No,70,Si,Si,DSL,Si,No,Si,Si,No,No,Two year,No,Tarjeta de Credito,65.3,4759.75,Si
SB-2481,Femenino,0,No,Si,61,Si,Si,No,No internet service,No internet service,No internet service,No internet service,No internet service,No internet service,Two year,Si,Tarjeta de Credito,25,1498.35,No
MF-7109,Masculino,0,No,No,26,Si,No,DSL,No,No,No,No,No,No,Month-to-month,No,Cheque,45.45,1233.15,No
TC-1833,Masculino,0,Si,No,45,Si,Si,Fiber optic,No,Si,Si,No,Si,Si,Month-to-month,Si,Transferencia Bancaria,107.75,4882.8,No
PE-1832,Masculino,0,Si,Si,62,Si,Si,Fiber optic,No,No,Si,No,Si,No,Two year,Si,Tarjeta de Credito,89.1,5411.65,No
OO-6141,Masculino,0,No,No,1,Si,No,No,No internet service,No internet service,No internet service,No internet service,No internet service,No internet service,Month-to-month,No,Deposito bancario,19.65,19.65,Si
BU-8660,Femenino,0,No,No,3,Si,No,DSL,No,No,No,No,No,No,Month-to-month,No,Deposito bancario,44.75,148.05,No
PI-0580,Femenino,0,Si,Si,41,Si,Si,Fiber optic,Si,Si,Si,No,No,Si,One year,Si,Transferencia Bancaria,101.6,3930.55,No
CE-5696,Masculino,0,Si,Si,67,Si,No,Fiber optic,No,Si,Si,Si,Si,Si,Two year,No,Transferencia Bancaria,103.15,6895.5,No
ZG-7503,Masculino,0,No,No,1,Si,Si,Fiber optic,No,No,No,No,Si,No,Month-to-month,Si,Deposito bancario,84.65,84.65,Si
HX-1696,Femenino,0,Si,No,71,Si,Si,Fiber optic,Si,Si,No,No,Si,No,One year,No,Deposito bancario,95.65,6856.95,No
AT-3026,Femenino,0,Si,Si,37,Si,No,DSL,Si,Si,No,No,Si,Si,One year,No,Transferencia Bancaria,75.1,2658.8,No
YC-4012,Masculino,0,Si,No,60,Si,No,DSL,Si,Si,No,Si,No,No,Two year,Si,Deposito bancario,61.35,3766.2,No
TN-2506,Femenino,1,Si,No,1,Si,No,Fiber optic,No,No,No,No,No,No,Month-to-month,Si,Cheque,69.55,69.55,Si
QB-9970,Femenino,0,No,No,6,Si,No,No,No internet service,No internet service,No internet service,No internet service,No internet service,No internet service,Month-to-month,No,Tarjeta de Credito,19.7,129.55,No
PT-8718,Femenino,0,No,No,13,No,No Servicio Telef nico,DSL,No,Si,No,No,No,No,Month-to-month,Si,Cheque,31.05,347.25,Si
IV-9496,Femenino,0,Si,Si,11,Si,No,DSL,Si,No,No,No,No,No,Month-to-month,No,Transferencia Bancaria,51,581.7,No
OB-2207,Masculino,0,No,No,7,Si,No,DSL,Si,No,No,No,No,No,Month-to-month,Si,Deposito bancario,51,354.05,Si
VP-2657,Femenino,0,Si,Si,10,Si,No,Fiber optic,No,No,No,No,Si,Si,Month-to-month,Si,Cheque,88.85,929.45,No
VL-6551,Masculino,0,Si,No,34,Si,No,No,No internet service,No internet service,No internet service,No internet service,No internet service,No internet service,Two year,No,Tarjeta de Credito,20.05,679,No
GH-1221,Femenino,0,No,No,62,Si,No,DSL,Si,No,No,Si,No,Si,Two year,Si,Deposito bancario,65.1,3846.75,No
LB-9289,Masculino,0,Si,No,64,Si,Si,DSL,No,Si,No,Si,No,Si,One year,Si,Deposito bancario,70.15,4480.7,No
VS-6142,Femenino,0,Si,Si,1,Si,No,DSL,No,No,No,No,No,No,Month-to-month,Si,Transferencia Bancaria,44.35,44.35,Si
ID-3458,Masculino,0,No,No,25,Si,No,No,No internet service,No internet service,No internet service,No internet service,No internet service,No internet service,Two year,Si,Deposito bancario,20.75,499.4,No
FH-6933,Femenino,0,No,No,26,Si,No,DSL,No,Si,Si,No,No,No,One year,Si,Deposito bancario,56.05,1553.2,No
NA-0221,Masculino,0,No,Si,10,Si,No,No,No internet service,No internet service,No internet service,No internet service,No internet service,No internet service,One year,Si,Transferencia Bancaria,19.95,219.5,No
KX-9770,Femenino,0,No,No,53,Si,Si,Fiber optic,Si,Si,Si,No,Si,No,One year,No,Deposito bancario,98.6,5311.85,No
UK-6437,Femenino,0,No,No,7,Si,No,Fiber optic,No,No,No,No,Si,No,Month-to-month,Si,Cheque,79.7,586.05,Si
PO-6538,Masculino,0,No,No,33,Si,No,Fiber optic,No,Si,Si,No,No,No,Month-to-month,Si,Tarjeta de Credito,79,2576.8,No
NN-6726,Femenino,1,Si,No,71,Si,No,Fiber optic,No,Si,Si,No,No,Si,Two year,No,Tarjeta de Credito,89.45,6435.25,No
WQ-3002,Femenino,0,No,No,29,Si,Si,Fiber optic,No,No,No,No,No,No,Month-to-month,Si,Cheque,74.2,1993.25,No
UD-4277,Masculino,0,Si,Si,24,Si,Si,DSL,Si,No,No,Si,Si,Si,Month-to-month,No,Transferencia Bancaria,81,1923.85,No
NB-1208,Masculino,0,Si,Si,20,Si,No,DSL,No,No,Si,No,No,No,Month-to-month,Si,Cheque,49.6,939.8,No
PI-4912,Femenino,0,No,No,1,Si,Si,Fiber optic,No,No,No,No,Si,No,Month-to-month,Si,Cheque,84.6,84.6,No
CE-1114,Masculino,0,No,Si,54,Si,Si,DSL,No,Si,No,No,No,No,Month-to-month,Si,Tarjeta de Credito,55,3092.65,Si
DR-6060,Femenino,1,No,No,5,Si,No,Fiber optic,No,No,Si,No,Si,No,Month-to-month,Si,Deposito bancario,84.85,415.55,Si
TT-2725,Femenino,0,Si,Si,72,Si,Si,DSL,Si,No,Si,Si,Si,Si,Two year,Si,Transferencia Bancaria,84.2,5986.55,No
TT-3374,Masculino,0,Si,No,52,Si,No,Fiber optic,Si,Si,Si,Si,Si,Si,Two year,Si,Cheque,106.3,5487,No
ZX-8990,Femenino,0,No,No,9,Si,No,Fiber optic,No,No,No,No,No,No,Month-to-month,No,Cheque,69.05,651.5,No
RB-2275,Femenino,0,No,No,1,Si,No,DSL,No,No,No,No,No,No,Month-to-month,Si,Deposito bancario,45.4,45.4,No
VU-8473,Masculino,1,No,No,1,Si,Si,Fiber optic,No,No,No,No,No,No,Month-to-month,Si,Cheque,73.65,73.65,Si
CP-6289,Masculino,0,Si,Si,33,Si,No,DSL,No,No,Si,Si,Si,Si,One year,Si,Deposito bancario,73.9,2405.05,Si
SL-5536,Femenino,0,Si,No,55,Si,Si,Fiber optic,No,No,Si,No,No,No,Month-to-month,Si,Cheque,77.75,4458.15,Si
UJ-4419,Masculino,0,Si,Si,69,Si,Si,Fiber optic,No,No,No,Si,Si,Si,Two year,Si,Cheque,99.35,6856.45,No
JA-7794,Masculino,0,No,No,1,Si,No,DSL,Si,No,No,No,No,No,Month-to-month,Si,Deposito bancario,50.75,50.75,No
YB-7609,Masculino,0,No,No,54,Si,Si,DSL,Si,No,Si,Si,Si,Si,Two year,No,Transferencia Bancaria,87.1,4735.2,No
TE-5519,Masculino,0,No,Si,33,Si,No,No,No internet service,No internet service,No internet service,No internet service,No internet service,No internet service,One year,Si,Deposito bancario,20.15,682.15,No
GA-7856,Masculino,1,Si,No,45,Si,Si,Fiber optic,No,Si,Si,Si,Si,No,One year,Si,Transferencia Bancaria,98.7,4525.8,No
XB-0804,Femenino,0,No,Si,11,No,No Servicio Telef nico,DSL,No,No,No,No,No,No,Month-to-month,No,Cheque,25.2,321.05,No
OX-2676,Masculino,0,No,No,6,Si,No,DSL,Si,Si,No,No,No,No,Month-to-month,Si,Transferencia Bancaria,55.7,335.65,No
TT-3703,Masculino,0,No,No,21,Si,No,DSL,Si,No,Si,No,Si,No,Month-to-month,No,Transferencia Bancaria,65.35,1424.4,No
TS-2799,Femenino,0,Si,Si,65,Si,Si,No,No internet service,No internet service,No internet service,No internet service,No internet service,No internet service,Two year,Si,Transferencia Bancaria,25.3,1748.55,No
VU-0196,Femenino,1,Si,No,6,Si,Si,Fiber optic,No,No,No,No,No,Si,Month-to-month,Si,Cheque,84.35,474.9,Si
VV-8837,Femenino,0,No,No,8,Si,No,Fiber optic,Si,No,No,No,Si,No,Month-to-month,No,Cheque,84.95,668.4,Si
NA-2696,Masculino,0,No,No,11,Si,No,Fiber optic,No,No,No,Si,No,No,Month-to-month,Si,Cheque,73.85,926.25,Si
NK-2208,Masculino,0,Si,Si,43,Si,Si,No,No internet service,No internet service,No internet service,No internet service,No internet service,No internet service,Two year,No,Deposito bancario,24.25,1077.95,No
QV-7614,Masculino,0,Si,Si,49,No,No Servicio Telef nico,DSL,No,Si,No,No,Si,Si,One year,Si,Transferencia Bancaria,51.8,2541.25,Si
CF-1976,Femenino,1,Si,No,1,Si,No,DSL,No,No,No,No,No,No,Month-to-month,No,Cheque,46,46,Si
OA-4631,Masculino,1,No,No,15,Si,No,Fiber optic,No,No,No,No,No,Si,Month-to-month,Si,Cheque,79.4,1156.1,Si
JZ-7139,Masculino,0,Si,Si,60,Si,No,DSL,Si,Si,Si,No,No,No,Two year,No,Transferencia Bancaria,60.5,3694.45,No
GQ-4987,Masculino,0,No,No,17,No,No Servicio Telef nico,DSL,No,No,No,No,No,No,Month-to-month,No,Tarjeta de Credito,25.1,382.8,No
JB-3755,Masculino,1,Si,No,16,Si,No,Fiber optic,No,No,No,No,No,No,Month-to-month,Si,Transferencia Bancaria,71.8,1167.8,Si
TC-1757,Masculino,0,Si,Si,35,Si,No,No,No internet service,No internet service,No internet service,No internet service,No internet service,No internet service,One year,No,Transferencia Bancaria,20.05,746.75,No
UL-6345,Masculino,1,Si,No,44,Si,Si,Fiber optic,No,Si,No,No,No,Si,One year,No,Deposito bancario,88.4,3912.9,Si
XS-4776,Femenino,0,Si,Si,12,No,No Servicio Telef nico,DSL,No,No,No,Si,No,No,One year,No,Tarjeta de Credito,30.25,368.85,No
DS-8048,Masculino,0,No,No,1,Si,No,No,No internet service,No internet service,No internet service,No internet service,No internet service,No internet service,Month-to-month,No,Deposito bancario,20.2,20.2,No
QQ-5753,Femenino,0,No,No,28,Si,No,DSL,Si,Si,No,Si,No,No,One year,Si,Cheque,59.9,1654.7,No
DD-6010,Masculino,0,Si,No,70,Si,Si,No,No internet service,No internet service,No internet service,No internet service,No internet service,No internet service,Two year,No,Transferencia Bancaria,25.15,1940.85,No
DM-1809,Femenino,0,No,Si,5,Si,No,DSL,No,No,No,No,No,No,Month-to-month,No,Deposito bancario,46,221.7,Si
FR-6693,Masculino,0,No,No,18,Si,No,Fiber optic,No,Si,Si,No,Si,Si,Month-to-month,No,Tarjeta de Credito,101.3,1794.65,No
MY-6586,Masculino,0,Si,No,70,Si,Si,DSL,Si,No,No,Si,Si,Si,Two year,Si,Tarjeta de Credito,76.95,5289.8,No
NV-3173,Femenino,0,Si,Si,9,Si,Si,DSL,No,Si,No,No,No,No,Month-to-month,Si,Deposito bancario,55.3,501.2,No
PG-0248,Femenino,1,No,No,67,Si,No,Fiber optic,Si,Si,No,Si,Si,No,Two year,Si,Transferencia Bancaria,92.45,6140.85,No
GD-0623,Femenino,0,No,No,1,Si,No,DSL,Si,No,No,No,No,No,Month-to-month,Si,Transferencia Bancaria,48.45,48.45,No
GE-2892,Femenino,0,Si,Si,18,Si,No,No,No internet service,No internet service,No internet service,No internet service,No internet service,No internet service,Two year,No,Deposito bancario,19.35,309.25,No
EF-6923,Masculino,0,No,No,4,Si,Si,DSL,No,No,No,No,No,No,Month-to-month,No,Tarjeta de Credito,51.75,201.1,Si
EQ-7472,Masculino,1,Si,Si,71,Si,No,Fiber optic,Si,Si,Si,No,No,No,One year,Si,Transferencia Bancaria,86.7,6179.35,No
RK-9574,Masculino,0,Si,Si,30,Si,Si,Fiber optic,Si,Si,No,No,Si,No,Month-to-month,Si,Cheque,94.4,2838.7,Si
WV-2043,Masculino,0,Si,No,1,Si,No,DSL,Si,No,Si,No,No,No,Month-to-month,No,Deposito bancario,55.7,55.7,No
RY-8034,Femenino,0,No,No,55,Si,Si,Fiber optic,Si,No,Si,No,No,No,One year,Si,Tarjeta de Credito,84.25,4589.85,No
QS-3863,Masculino,0,No,No,59,Si,No,DSL,No,No,Si,Si,Si,No,Month-to-month,Si,Cheque,64.65,3735.45,No
WF-2619,Femenino,0,No,No,1,Si,No,Fiber optic,No,No,No,No,No,No,Month-to-month,Si,Deposito bancario,70.15,70.15,Si
LR-5044,Femenino,0,Si,No,7,Si,No,Fiber optic,No,No,No,No,No,No,Month-to-month,Si,Transferencia Bancaria,69.2,477.55,No
LS-1716,Masculino,0,Si,Si,45,Si,No,DSL,Si,No,No,Si,No,No,Two year,No,Transferencia Bancaria,54.65,2553.7,No
PB-1333,Femenino,0,Si,Si,54,Si,Si,No,No internet service,No internet service,No internet service,No internet service,No internet service,No internet service,One year,Si,Transferencia Bancaria,24.75,1342.15,No
OP-6546,Masculino,0,Si,Si,51,Si,Si,No,No internet service,No internet service,No internet service,No internet service,No internet service,No internet service,One year,Si,Deposito bancario,23.95,1216.35,No
BE-5985,Femenino,1,Si,No,72,Si,Si,Fiber optic,No,Si,Si,No,Si,Si,One year,No,Tarjeta de Credito,105,7578.05,No
QR-9127,Masculino,0,Si,No,44,Si,No,DSL,Si,Si,No,Si,No,No,One year,Si,Transferencia Bancaria,59.85,2603.95,No
VC-5919,Masculino,0,No,No,2,Si,No,No,No internet service,No internet service,No internet service,No internet service,No internet service,No internet service,Month-to-month,No,Deposito bancario,20.05,42.7,No
KV-9644,Femenino,0,No,No,66,Si,Si,Fiber optic,No,No,Si,No,Si,No,One year,Si,Transferencia Bancaria,92.15,6056.9,No
DQ-2137,Masculino,0,Si,Si,68,No,No Servicio Telef nico,DSL,Si,Si,No,No,Si,No,One year,No,Deposito bancario,44.8,2983.65,No
LN-8174,Femenino,0,No,No,31,Si,No,No,No internet service,No internet service,No internet service,No internet service,No internet service,No internet service,Two year,No,Tarjeta de Credito,20.9,689.35,No
CJ-9279,Femenino,1,No,No,21,Si,Si,Fiber optic,No,No,No,No,Si,Si,Month-to-month,Si,Transferencia Bancaria,95.4,2025.1,No
VE-7964,Masculino,0,No,Si,21,Si,Si,Fiber optic,Si,No,No,No,No,No,Month-to-month,No,Cheque,80.35,1747.2,No
JI-2404,Femenino,0,Si,Si,55,Si,Si,DSL,Si,No,Si,Si,Si,Si,Two year,Si,Transferencia Bancaria,85.1,4657.95,No
NE-0778,Masculino,0,No,No,9,No,No Servicio Telef nico,DSL,No,No,No,No,Si,No,Month-to-month,Si,Tarjeta de Credito,34.7,296.1,Si
XY-8029,Masculino,1,Si,No,71,Si,Si,Fiber optic,Si,Si,Si,Si,Si,Si,Two year,Si,Transferencia Bancaria,115.05,8016.6,No
NU-4614,Femenino,0,No,No,1,Si,No,Fiber optic,No,No,No,No,No,Si,Month-to-month,Si,Cheque,81.1,81.1,Si
PA-4632,Masculino,0,Si,Si,22,Si,No,No,No internet service,No internet service,No internet service,No internet service,No internet service,No internet service,One year,No,Deposito bancario,19.95,433.5,No
KM-3803,Femenino,0,Si,Si,1,Si,No,No,No internet service,No internet service,No internet service,No internet service,No internet service,No internet service,Month-to-month,No,Deposito bancario,20.55,20.55,Si
GD-6804,Femenino,0,No,No,61,Si,Si,Fiber optic,No,No,Si,Si,Si,Si,Two year,Si,Cheque,106.6,6428.4,Si
OG-2990,Femenino,0,Si,No,67,Si,Si,DSL,No,Si,Si,Si,Si,Si,Two year,No,Transferencia Bancaria,86.15,5883.85,No
JP-6646,Femenino,1,No,No,14,Si,No,Fiber optic,Si,Si,No,No,No,No,Month-to-month,No,Cheque,78.85,1043.8,No
MT-9572,Masculino,0,Si,No,59,Si,Si,Fiber optic,Si,Si,Si,Si,Si,No,Month-to-month,Si,Cheque,106.75,6252.9,Si
UY-7658,Masculino,1,Si,No,21,Si,No,Fiber optic,No,No,Si,No,Si,No,Month-to-month,No,Transferencia Bancaria,86.55,1857.25,No
XS-7880,Masculino,0,No,No,4,No,No Servicio Telef nico,DSL,Si,Si,No,Si,No,No,Month-to-month,No,Deposito bancario,42.4,146.4,No
CT-9611,Femenino,0,No,No,3,Si,No,Fiber optic,No,No,No,No,Si,Si,Month-to-month,Si,Cheque,89.45,240.45,Si
IU-4589,Masculino,0,Si,No,70,Si,Si,No,No internet service,No internet service,No internet service,No internet service,No internet service,No internet service,Two year,No,Transferencia Bancaria,24.25,1724.15,No
GT-0329,Femenino,0,No,No,3,Si,No,Fiber optic,No,Si,No,Si,Si,Si,Month-to-month,Si,Cheque,97.9,315.3,Si
BF-8746,Masculino,1,No,No,21,Si,No,No,No internet service,No internet service,No internet service,No internet service,No internet service,No internet service,One year,No,Transferencia Bancaria,20.5,429.55,No
XI-8457,Masculino,0,No,No,20,Si,No,No,No internet service,No internet service,No internet service,No internet service,No internet service,No internet service,Month-to-month,Si,Tarjeta de Credito,19.6,356.15,No
NU-6072,Masculino,0,Si,Si,22,Si,No,No,No internet service,No internet service,No internet service,No internet service,No internet service,No internet service,One year,No,Transferencia Bancaria,20.25,488.25,No
CZ-6629,Masculino,0,No,No,1,Si,No,DSL,No,No,No,No,No,Si,Month-to-month,Si,Deposito bancario,55.7,55.7,Si
GP-8838,Femenino,0,No,No,63,Si,No,No,No internet service,No internet service,No internet service,No internet service,No internet service,No internet service,Two year,Si,Deposito bancario,20.6,1298.7,No
QW-8750,Femenino,0,Si,Si,70,Si,No,No,No internet service,No internet service,No internet service,No internet service,No internet service,No internet service,Two year,No,Transferencia Bancaria,19.8,1378.75,No
EV-5364,Masculino,0,No,No,13,Si,No,Fiber optic,No,Si,Si,No,No,No,Month-to-month,Si,Cheque,79.8,973.45,Si
UM-6918,Femenino,0,No,No,5,Si,No,Fiber optic,No,No,No,No,Si,No,Month-to-month,No,Cheque,80.2,384.25,No
NC-0675,Femenino,0,Si,Si,72,Si,Si,Fiber optic,Si,Si,Si,Si,Si,Si,Two year,Si,Tarjeta de Credito,116.4,8543.25,No
DK-6339,Femenino,0,No,No,13,No,No Servicio Telef nico,DSL,No,Si,No,No,No,No,Month-to-month,Si,Cheque,31.65,389.95,No
PJ-1346,Masculino,0,Si,No,61,Si,No,Fiber optic,No,Si,Si,Si,No,Si,Month-to-month,No,Tarjeta de Credito,94.15,5731.85,No
QZ-5088,Masculino,0,No,No,1,Si,No,No,No internet service,No internet service,No internet service,No internet service,No internet service,No internet service,Month-to-month,No,Cheque,20.65,20.65,No
QH-8023,Femenino,1,Si,No,56,Si,Si,Fiber optic,No,No,No,Si,No,No,Month-to-month,Si,Transferencia Bancaria,76.85,4275.75,No
FR-4397,Femenino,0,No,No,4,Si,No,No,No internet service,No internet service,No internet service,No internet service,No internet service,No internet service,Month-to-month,No,Deposito bancario,20.15,84.5,No
VJ-3057,Masculino,0,No,No,35,Si,Si,DSL,Si,No,No,No,No,No,Two year,No,Deposito bancario,55.25,1924.1,No
SU-5087,Femenino,0,Si,No,18,No,No Servicio Telef nico,DSL,No,No,Si,No,Si,No,Month-to-month,Si,Cheque,39.05,669.85,Si
OU-2302,Masculino,0,Si,No,72,Si,Si,DSL,No,Si,Si,No,Si,Si,Two year,No,Transferencia Bancaria,82.15,5784.3,No
AN-8133,Femenino,1,No,No,49,Si,Si,Fiber optic,Si,Si,Si,Si,No,Si,One year,No,Transferencia Bancaria,103,5166.2,No
CH-2270,Femenino,0,Si,No,44,Si,Si,Fiber optic,Si,Si,Si,Si,No,No,Month-to-month,Si,Tarjeta de Credito,95.1,4060.55,No
EX-0013,Femenino,1,Si,No,3,Si,No,Fiber optic,No,No,No,Si,Si,No,Month-to-month,Si,Deposito bancario,83.9,267.4,Si
FP-5982,Femenino,0,Si,Si,37,Si,Si,Fiber optic,No,Si,Si,No,No,Si,Month-to-month,Si,Cheque,95.15,3532.85,No
UK-9107,Masculino,0,Si,No,61,Si,Si,DSL,No,Si,Si,No,Si,Si,One year,Si,Cheque,79.8,4914.8,No
UL-4654,Masculino,0,Si,No,70,Si,Si,DSL,Si,No,Si,Si,No,Si,Two year,Si,Tarjeta de Credito,74.8,5315.8,No
VF-5550,Femenino,1,No,No,1,Si,No,Fiber optic,No,No,No,No,No,No,Month-to-month,Si,Cheque,69.85,69.85,Si
BY-5546,Femenino,0,No,No,41,Si,No,No,No internet service,No internet service,No internet service,No internet service,No internet service,No internet service,Month-to-month,No,Cheque,20.45,775.6,No
KG-1492,Masculino,0,Si,Si,70,Si,Si,DSL,Si,Si,Si,Si,No,Si,One year,No,Transferencia Bancaria,78.35,5445.95,No
BS-4929,Femenino,0,No,No,1,Si,No,DSL,No,No,No,No,Si,No,Month-to-month,Si,Deposito bancario,53.55,53.55,Si
HF-4163,Masculino,0,No,No,51,Si,No,No,No internet service,No internet service,No internet service,No internet service,No internet service,No internet service,One year,No,Cheque,19.1,1007.8,No
NG-8215,Femenino,0,Si,Si,42,Si,No,No,No internet service,No internet service,No internet service,No internet service,No internet service,No internet service,Two year,No,Deposito bancario,20,833.55,No
ZR-2225,Femenino,0,Si,Si,70,Si,Si,Fiber optic,Si,Si,Si,Si,No,No,Two year,No,Transferencia Bancaria,93.9,6579.05,Si
YS-8859,Masculino,0,No,No,48,Si,No,No,No internet service,No internet service,No internet service,No internet service,No internet service,No internet service,One year,No,Transferencia Bancaria,19.95,1004.5,No
YN-5271,Masculino,0,Si,Si,68,Si,Si,Fiber optic,Si,Si,Si,Si,Si,Si,Two year,Si,Cheque,113.15,7856,Si
DH-7601,Femenino,0,No,No,48,Si,Si,No,No internet service,No internet service,No internet service,No internet service,No internet service,No internet service,Two year,No,Tarjeta de Credito,24,1183.05,No
AL-2657,Femenino,1,Si,No,26,Si,No,Fiber optic,No,Si,No,No,No,Si,Month-to-month,No,Cheque,84.95,2169.75,Si
JK-6330,Masculino,0,Si,No,11,Si,Si,Fiber optic,No,Si,No,No,No,No,Month-to-month,Si,Transferencia Bancaria,80.5,896.9,Si
OH-4667,Masculino,0,No,No,1,Si,No,No,No internet service,No internet service,No internet service,No internet service,No internet service,No internet service,Month-to-month,Si,Deposito bancario,19.3,19.3,Si
VH-1998,Femenino,0,No,No,27,Si,No,No,No internet service,No internet service,No internet service,No internet service,No internet service,No internet service,One year,No,Deposito bancario,19.15,501.35,No
HA-1707,Femenino,1,No,No,46,Si,No,Fiber optic,No,Si,Si,No,Si,No,One year,Si,Transferencia Bancaria,91.3,4126.35,No
HS-1660,Masculino,0,No,No,1,Si,No,DSL,No,No,Si,No,No,No,Month-to-month,Si,Deposito bancario,49.65,49.65,Si
UV-7253,Femenino,0,No,No,46,Si,No,DSL,No,No,Si,Si,No,No,Two year,No,Tarjeta de Credito,54.35,2460.15,Si
VV-0487,Masculino,0,Si,Si,25,Si,No,No,No internet service,No internet service,No internet service,No internet service,No internet service,No internet service,Month-to-month,Si,Deposito bancario,19.15,477.6,No
OM-7228,Masculino,0,No,No,4,Si,No,Fiber optic,No,No,No,No,Si,Si,Month-to-month,Si,Cheque,88.45,370.65,Si
IU-5063,Masculino,0,No,No,13,Si,No,No,No internet service,No internet service,No internet service,No internet service,No internet service,No internet service,Two year,No,Deposito bancario,19.75,265.75,No
OE-4508,Masculino,0,Si,No,31,Si,No,DSL,Si,Si,Si,Si,No,Si,One year,Si,Tarjeta de Credito,75.5,2424.45,No
KW-0027,Femenino,0,Si,Si,23,Si,Si,Fiber optic,No,No,No,No,Si,No,Month-to-month,Si,Cheque,83.75,1849.95,No
ST-2308,Femenino,0,No,No,2,Si,No,No,No internet service,No internet service,No internet service,No internet service,No internet service,No internet service,Month-to-month,No,Deposito bancario,19.4,61.05,No
XM-5982,Femenino,0,No,No,65,Si,Si,No,No internet service,No internet service,No internet service,No internet service,No internet service,No internet service,Two year,No,Transferencia Bancaria,26.5,1698.55,No
AH-6284,Masculino,1,No,No,22,Si,Si,Fiber optic,No,No,No,Si,Si,No,Month-to-month,Si,Transferencia Bancaria,90.5,1910.6,Si
PT-6051,Femenino,0,Si,Si,55,Si,No,No,No internet service,No internet service,No internet service,No internet service,No internet service,No internet service,One year,No,Tarjeta de Credito,19.15,998.1,No
JM-2344,Masculino,0,Si,No,9,Si,No,Fiber optic,No,Si,Si,Si,Si,No,Month-to-month,Si,Deposito bancario,94.85,890.6,Si
IS-3799,Masculino,0,Si,Si,7,Si,No,Fiber optic,No,No,No,No,No,No,Month-to-month,Si,Transferencia Bancaria,69.95,529.5,Si
VD-2877,Femenino,0,Si,Si,35,No,No Servicio Telef nico,DSL,No,No,No,Si,Si,No,One year,No,Deposito bancario,40.9,1383.6,No
AM-9152,Masculino,0,No,No,6,Si,No,DSL,Si,No,Si,Si,Si,Si,Two year,Si,Deposito bancario,80.25,493.4,No
HB-1794,Femenino,0,No,No,1,Si,No,DSL,Si,No,No,No,No,No,Month-to-month,Si,Tarjeta de Credito,48.6,48.6,Si
VO-9432,Masculino,0,No,No,17,Si,No,Fiber optic,No,No,No,No,No,No,Month-to-month,Si,Cheque,70.8,1207,No
WJ-8049,Masculino,0,Si,Si,10,Si,No,DSL,No,No,Si,No,Si,No,Month-to-month,No,Deposito bancario,60.2,563.5,No
PS-6586,Masculino,0,No,Si,15,Si,No,DSL,No,No,Si,Si,No,No,One year,No,Tarjeta de Credito,55.2,864.55,No
FP-2460,Femenino,1,No,No,40,No,No Servicio Telef nico,DSL,Si,Si,No,No,Si,Si,Month-to-month,Si,Cheque,55.8,2109.35,Si
ZJ-9705,Femenino,0,Si,Si,13,Si,No,DSL,Si,No,No,Si,No,No,One year,No,Transferencia Bancaria,54.15,701.05,No
DR-4818,Masculino,0,Si,No,29,Si,Si,Fiber optic,No,Si,No,No,No,No,Month-to-month,Si,Transferencia Bancaria,80.15,2265.25,Si
HT-1320,Femenino,0,No,No,3,Si,Si,Fiber optic,No,No,No,No,No,No,Month-to-month,Si,Cheque,75.5,220.6,Si
KJ-6847,Femenino,1,Si,No,58,Si,Si,Fiber optic,No,No,No,Si,Si,Si,Month-to-month,Si,Transferencia Bancaria,100.4,5749.8,No
BP-9670,Femenino,0,No,No,45,Si,No,DSL,Si,Si,No,Si,No,No,One year,Si,Tarjeta de Credito,62.55,2796.45,No
FC-3913,Femenino,0,Si,Si,72,Si,Si,DSL,Si,Si,Si,Si,No,No,Two year,Si,Transferencia Bancaria,70.45,5165.7,No
VK-3301,Masculino,0,Si,Si,68,Si,Si,Fiber optic,Si,Si,No,No,No,No,One year,Si,Transferencia Bancaria,85.5,5696.6,No
AM-1493,Masculino,0,No,No,1,Si,No,No,No internet service,No internet service,No internet service,No internet service,No internet service,No internet service,Month-to-month,Si,Transferencia Bancaria,20.2,20.2,Si
SA-9555,Femenino,0,Si,Si,38,Si,No,DSL,Si,Si,No,No,No,No,Month-to-month,No,Cheque,54.5,2076.05,No
TS-0816,Masculino,0,No,No,2,Si,No,No,No internet service,No internet service,No internet service,No internet service,No internet service,No internet service,Month-to-month,No,Deposito bancario,20.75,44.2,No
WB-9932,Masculino,0,No,No,11,Si,No,No,No internet service,No internet service,No internet service,No internet service,No internet service,No internet service,Month-to-month,No,Deposito bancario,20.35,215.25,No
EV-4619,Femenino,1,Si,No,20,Si,No,Fiber optic,No,No,No,No,Si,Si,One year,Si,Transferencia Bancaria,91,1859.5,No
YH-5286,Masculino,0,Si,No,72,Si,Si,Fiber optic,No,Si,Si,No,Si,Si,Two year,Si,Transferencia Bancaria,104.8,7470.1,No
EL-6424,Femenino,0,Si,No,3,Si,Si,Fiber optic,No,No,No,No,No,No,Month-to-month,Si,Tarjeta de Credito,74.75,229.5,Si
RE-4391,Masculino,0,No,No,23,Si,Si,Fiber optic,No,No,Si,Si,Si,Si,Month-to-month,Si,Deposito bancario,104.05,2470.1,Si
YQ-9115,Masculino,0,No,No,40,Si,No,DSL,No,No,No,Si,No,No,Month-to-month,Si,Cheque,51.1,2092.9,No
CY-4462,Masculino,1,Si,No,62,Si,Si,Fiber optic,No,Si,No,No,No,Si,Month-to-month,Si,Transferencia Bancaria,89.8,5629.55,No
MQ-8963,Femenino,0,No,Si,22,Si,No,No,No internet service,No internet service,No internet service,No internet service,No internet service,No internet service,Month-to-month,Si,Cheque,20.55,469.85,No
EO-2458,Femenino,0,No,No,11,Si,No,DSL,Si,No,Si,No,No,Si,Month-to-month,No,Transferencia Bancaria,64.05,733.95,No
GW-9334,Masculino,1,Si,No,7,Si,Si,Fiber optic,No,No,No,No,No,No,Month-to-month,Si,Cheque,74.85,485.25,No
BU-6821,Femenino,0,No,No,13,Si,Si,Fiber optic,Si,Si,No,No,Si,No,Month-to-month,Si,Cheque,96.65,1244.5,Si
HT-5028,Masculino,1,No,No,1,Si,No,No,No internet service,No internet service,No internet service,No internet service,No internet service,No internet service,Month-to-month,No,Deposito bancario,20.05,20.05,Si
GD-9801,Femenino,0,No,No,39,Si,Si,Fiber optic,No,Si,Si,No,Si,Si,Month-to-month,Si,Cheque,103.45,3994.45,Si
LW-6542,Masculino,0,Si,No,3,No,No Servicio Telef nico,DSL,No,No,No,No,No,No,Month-to-month,No,Deposito bancario,25,78.25,No
GZ-5567,Masculino,0,No,No,58,Si,No,No,No internet service,No internet service,No internet service,No internet service,No internet service,No internet service,Two year,No,Tarjeta de Credito,20.3,1131.5,No
LR-1222,Masculino,0,No,Si,6,Si,Si,No,No internet service,No internet service,No internet service,No internet service,No internet service,No internet service,Month-to-month,No,Deposito bancario,26.35,184.05,No
JR-2320,Femenino,0,Si,Si,1,Si,No,No,No internet service,No internet service,No internet service,No internet service,No internet service,No internet service,Month-to-month,Si,Cheque,19.9,19.9,Si
QA-2087,Femenino,0,Si,No,22,Si,No,DSL,No,Si,Si,No,No,No,Month-to-month,Si,Deposito bancario,54.7,1178.75,No
WZ-0601,Masculino,0,Si,No,14,No,No Servicio Telef nico,DSL,No,No,No,No,Si,Si,Month-to-month,No,Cheque,46.35,667.7,Si
JW-4423,Masculino,0,Si,Si,64,Si,Si,Fiber optic,No,No,Si,No,No,Si,One year,No,Tarjeta de Credito,90.25,5629.15,No
WM-5143,Masculino,0,No,No,1,Si,No,No,No internet service,No internet service,No internet service,No internet service,No internet service,No internet service,Month-to-month,No,Cheque,19.95,19.95,Si
FG-6490,Masculino,0,No,No,6,Si,No,No,No internet service,No internet service,No internet service,No internet service,No internet service,No internet service,Month-to-month,No,Deposito bancario,20.65,109.3,No
RX-5393,Masculino,0,No,No,1,Si,No,Fiber optic,No,No,No,No,No,Si,Month-to-month,No,Cheque,79.6,79.6,Si
FO-7452,Masculino,0,No,Si,39,Si,Si,No,No internet service,No internet service,No internet service,No internet service,No internet service,No internet service,One year,No,Transferencia Bancaria,25.45,958.45,No
TZ-2320,Femenino,0,No,No,20,Si,No,No,No internet service,No internet service,No internet service,No internet service,No internet service,No internet service,One year,No,Deposito bancario,19.5,403.15,No
LX-0231,Masculino,0,No,No,1,Si,No,Fiber optic,No,No,No,Si,No,No,Month-to-month,Si,Cheque,75.9,75.9,Si
JT-9444,Masculino,0,Si,No,1,Si,No,Fiber optic,No,No,Si,No,No,No,Month-to-month,No,Cheque,76.2,76.2,Si
VZ-4942,Masculino,0,Si,No,64,Si,Si,DSL,Si,No,No,No,Si,No,One year,Si,Tarjeta de Credito,66.15,4392.5,No
BO-5510,Masculino,0,No,Si,1,Si,No,No,No internet service,No internet service,No internet service,No internet service,No internet service,No internet service,Month-to-month,No,Deposito bancario,19.25,19.25,Si
BN-7502,Femenino,0,Si,No,46,Si,No,DSL,No,Si,No,No,Si,Si,Month-to-month,Si,Tarjeta de Credito,69.1,3168,No
HY-4291,Femenino,1,Si,Si,28,No,No Servicio Telef nico,DSL,No,Si,No,No,No,Si,One year,Si,Cheque,39.1,1096.6,No
CB-6147,Femenino,0,Si,No,33,Si,No,No,No internet service,No internet service,No internet service,No internet service,No internet service,No internet service,Month-to-month,No,Deposito bancario,20.05,669.45,No
SU-6047,Masculino,0,Si,Si,39,Si,No,DSL,Si,Si,Si,No,No,No,One year,No,Cheque,59.8,2343.85,No
KX-4471,Femenino,0,Si,No,42,Si,Si,Fiber optic,No,No,Si,Si,No,No,Month-to-month,Si,Cheque,84.3,3588.4,Si
ZN-9752,Femenino,0,No,No,1,Si,No,DSL,No,Si,No,No,No,No,Month-to-month,Si,Cheque,48.6,48.6,No
QV-7638,Femenino,0,No,No,7,Si,No,Fiber optic,No,No,No,No,Si,No,Month-to-month,Si,Cheque,79,522.95,Si
PF-1576,Masculino,1,Si,No,70,Si,No,Fiber optic,Si,Si,Si,No,Si,Si,Two year,No,Tarjeta de Credito,105.35,7511.9,No
MB-5666,Masculino,0,No,No,65,Si,Si,No,No internet service,No internet service,No internet service,No internet service,No internet service,No internet service,Two year,Si,Transferencia Bancaria,25.1,1725,No
XS-7312,Masculino,0,No,No,1,Si,No,DSL,Si,No,No,No,No,No,Month-to-month,No,Cheque,49.75,49.75,No
GK-3096,Masculino,0,Si,No,18,Si,Si,Fiber optic,No,No,No,No,Si,Si,Month-to-month,Si,Cheque,94.75,1691.9,No
JQ-2371,Masculino,0,Si,No,24,Si,Si,Fiber optic,No,No,No,No,Si,Si,Month-to-month,Si,Cheque,93,2248.05,No
GC-0674,Masculino,0,No,No,63,Si,Si,DSL,Si,No,Si,Si,No,Si,Two year,Si,Transferencia Bancaria,71.9,4479.2,No
QS-1121,Femenino,0,No,Si,44,Si,Si,DSL,No,Si,No,No,Si,Si,One year,Si,Deposito bancario,77.55,3471.1,No
KL-4396,Masculino,0,No,No,4,Si,No,No,No internet service,No internet service,No internet service,No internet service,No internet service,No internet service,Month-to-month,Si,Cheque,19.85,63,No
DC-3244,Femenino,0,No,No,1,Si,No,Fiber optic,No,No,No,No,No,No,Month-to-month,Si,Cheque,70.25,70.25,Si
MY-2824,Femenino,0,Si,Si,37,Si,Si,Fiber optic,No,No,No,No,Si,Si,Month-to-month,Si,Cheque,95.25,3314.15,No
CA-0875,Femenino,1,No,No,10,Si,No,Fiber optic,No,No,Si,No,No,Si,Month-to-month,Si,Tarjeta de Credito,84.6,865.55,Si
HO-6345,Masculino,0,No,No,34,No,No Servicio Telef nico,DSL,No,No,No,No,No,No,Month-to-month,Si,Transferencia Bancaria,25.05,852.7,No
LC-8318,Masculino,0,Si,No,35,No,No Servicio Telef nico,DSL,Si,No,Si,No,Si,Si,One year,No,Tarjeta de Credito,53.15,1930.9,No
QJ-6469,Femenino,0,Si,No,4,Si,No,No,No internet service,No internet service,No internet service,No internet service,No internet service,No internet service,Month-to-month,No,Cheque,20.15,91.4,No
ES-0147,Femenino,1,Si,No,39,Si,Si,Fiber optic,No,No,No,Si,Si,Si,Month-to-month,Si,Cheque,101.25,3949.15,No
VA-1217,Masculino,1,Si,No,43,Si,No,Fiber optic,No,Si,Si,No,Si,Si,One year,Si,Transferencia Bancaria,100.55,4304,No
FZ-7812,Femenino,0,Si,Si,17,Si,Si,No,No internet service,No internet service,No internet service,No internet service,No internet service,No internet service,Month-to-month,No,Deposito bancario,24.1,409.9,Si
ZV-6370,Femenino,0,Si,No,61,Si,Si,No,No internet service,No internet service,No internet service,No internet service,No internet service,No internet service,Two year,No,Transferencia Bancaria,25.3,1554.9,No
DG-5915,Femenino,0,Si,No,49,Si,Si,DSL,Si,Si,Si,No,No,Si,One year,No,Cheque,71.8,3472.05,No
XL-6260,Masculino,0,No,No,4,Si,No,No,No internet service,No internet service,No internet service,No internet service,No internet service,No internet service,One year,No,Deposito bancario,19.7,117.8,No
CA-3566,Femenino,0,Si,Si,64,No,No Servicio Telef nico,DSL,No,Si,Si,Si,No,Si,Two year,No,Cheque,49.85,3210.35,No
CC-4983,Masculino,0,No,No,3,Si,No,Fiber optic,No,No,No,No,No,No,Month-to-month,Si,Deposito bancario,69.6,207.4,No
CX-9103,Masculino,0,Si,Si,1,Si,No,No,No internet service,No internet service,No internet service,No internet service,No internet service,No internet service,Month-to-month,No,Cheque,19.75,19.75,No
TB-2896,Masculino,0,Si,No,40,Si,No,Fiber optic,No,Si,Si,No,No,No,One year,No,Cheque,80.8,3132.75,No
AX-4797,Femenino,0,No,Si,1,Si,No,DSL,Si,Si,No,Si,No,No,Month-to-month,Si,Cheque,60,60,Si
PR-5229,Masculino,0,No,No,8,Si,Si,Fiber optic,No,No,No,No,No,Si,Month-to-month,Si,Cheque,86.55,649.65,Si
UQ-6982,Femenino,1,Si,No,1,Si,No,No,No internet service,No internet service,No internet service,No internet service,No internet service,No internet service,Month-to-month,Si,Deposito bancario,20.85,20.85,Si
WL-2522,Femenino,1,Si,No,34,Si,No,DSL,No,No,Si,Si,Si,No,One year,No,Transferencia Bancaria,64.2,2106.3,No
CO-3841,Femenino,0,Si,No,1,No,No Servicio Telef nico,DSL,No,No,No,No,No,Si,Month-to-month,No,Cheque,35,35,No
LC-5057,Femenino,0,No,No,39,No,No Servicio Telef nico,DSL,No,No,Si,No,Si,Si,Month-to-month,Si,Cheque,50.75,2011.4,Si
ES-0193,Femenino,1,Si,No,58,Si,No,Fiber optic,Si,Si,No,Si,Si,Si,One year,Si,Tarjeta de Credito,105.5,6205.5,Si
NV-4475,Masculino,0,Si,Si,45,Si,No,No,No internet service,No internet service,No internet service,No internet service,No internet service,No internet service,Two year,No,Cheque,19.2,903.7,No
HT-4369,Masculino,1,No,No,6,Si,No,Fiber optic,Si,No,No,No,Si,No,Month-to-month,Si,Transferencia Bancaria,85.15,503.6,Si
LD-9386,Masculino,0,No,No,43,Si,No,Fiber optic,Si,Si,Si,Si,No,No,One year,Si,Tarjeta de Credito,90.65,3882.3,No
KK-9585,Masculino,0,Si,Si,41,Si,No,No,No internet service,No internet service,No internet service,No internet service,No internet service,No internet service,Two year,Si,Deposito bancario,20,879.8,No
ZI-5399,Masculino,0,No,No,5,Si,No,Fiber optic,No,Si,No,No,No,No,Month-to-month,Si,Cheque,74.65,383.65,No
KX-0336,Masculino,0,No,No,72,No,No Servicio Telef nico,DSL,Si,No,Si,Si,Si,Si,Two year,Si,Tarjeta de Credito,61.2,4390.25,No
XZ-5619,Masculino,0,No,No,4,Si,No,No,No internet service,No internet service,No internet service,No internet service,No internet service,No internet service,One year,No,Deposito bancario,19.95,68.2,No
FV-3948,Masculino,0,Si,Si,9,Si,No,DSL,No,Si,No,Si,No,No,Month-to-month,No,Deposito bancario,54.8,452.8,No
XO-5327,Masculino,1,Si,No,72,Si,Si,DSL,No,No,Si,No,Si,Si,Two year,Si,Tarjeta de Credito,73.45,5329,No
TA-0983,Femenino,0,Si,No,33,Si,No,DSL,No,No,No,Si,No,No,One year,Si,Deposito bancario,51.45,1758.9,No
JY-1813,Femenino,0,Si,No,72,Si,Si,Fiber optic,Si,No,No,No,No,No,Two year,No,Transferencia Bancaria,80.45,5737.6,No
FV-0156,Masculino,0,Si,No,22,Si,No,DSL,Si,No,No,Si,No,No,Month-to-month,Si,Cheque,54.2,1152.7,Si
FC-1984,Femenino,0,Si,No,70,Si,Si,Fiber optic,No,Si,Si,Si,Si,Si,One year,Si,Cheque,109.5,7674.55,Si
HM-0654,Masculino,0,Si,Si,21,Si,Si,Fiber optic,No,Si,Si,No,Si,Si,Month-to-month,No,Cheque,104.4,2157.95,Si
OX-6719,Masculino,0,No,No,15,Si,No,Fiber optic,No,No,Si,No,Si,No,Month-to-month,No,Cheque,85.3,1219.85,No
ZW-3312,Masculino,1,Si,No,29,Si,Si,Fiber optic,No,No,No,Si,No,No,Month-to-month,Si,Cheque,79.3,2414.55,No
YH-6476,Femenino,0,Si,Si,15,Si,No,DSL,No,Si,Si,Si,Si,Si,Month-to-month,No,Transferencia Bancaria,76.5,1155.6,No
QW-5287,Masculino,1,Si,Si,71,Si,Si,Fiber optic,Si,Si,No,No,Si,Si,Month-to-month,Si,Tarjeta de Credito,105.1,7548.1,Si
XC-0795,Masculino,1,No,No,72,Si,Si,No,No internet service,No internet service,No internet service,No internet service,No internet service,No internet service,Two year,No,Transferencia Bancaria,25.4,1809.35,No
XZ-0168,Femenino,0,Si,No,19,Si,Si,Fiber optic,No,No,No,No,Si,No,Month-to-month,Si,Cheque,86.85,1564.4,No
NR-3785,Masculino,0,No,No,1,Si,No,No,No internet service,No internet service,No internet service,No internet service,No internet service,No internet service,Month-to-month,No,Deposito bancario,19.65,19.65,No
SG-5196,Femenino,0,No,No,1,Si,No,Fiber optic,No,Si,No,No,No,No,Month-to-month,Si,Cheque,75.7,75.7,Si
DK-4537,Femenino,0,No,No,2,Si,No,DSL,No,No,No,No,No,No,Month-to-month,No,Cheque,45.55,84.4,No
MB-7072,Femenino,1,Si,Si,11,Si,Si,Fiber optic,No,No,Si,No,No,No,Month-to-month,Si,Tarjeta de Credito,78.1,864.85,No
BV-5602,Femenino,0,No,No,12,Si,No,No,No internet service,No internet service,No internet service,No internet service,No internet service,No internet service,One year,No,Deposito bancario,19.3,228.75,No
NO-6297,Femenino,0,Si,No,70,Si,Si,Fiber optic,No,Si,Si,Si,Si,Si,Two year,Si,Cheque,110.5,7752.05,No
UA-1891,Femenino,1,Si,No,20,Si,Si,Fiber optic,No,No,Si,No,Si,No,Month-to-month,No,Cheque,90.8,1951,Si
TI-8204,Femenino,0,No,No,23,Si,No,No,No internet service,No internet service,No internet service,No internet service,No internet service,No internet service,Month-to-month,Si,Transferencia Bancaria,20.3,470.6,No
DV-8050,Masculino,1,No,No,49,Si,Si,DSL,Si,Si,Si,Si,No,Si,Two year,No,Tarjeta de Credito,81.35,4060.9,No
OQ-6108,Femenino,0,Si,Si,4,Si,Si,Fiber optic,No,Si,No,No,Si,Si,Month-to-month,Si,Cheque,97.95,384.5,Si
QJ-0363,Masculino,0,No,No,32,Si,Si,Fiber optic,Si,Si,No,Si,Si,Si,Month-to-month,Si,Tarjeta de Credito,108.15,3432.9,Si
XE-8903,Masculino,0,No,Si,2,Si,No,DSL,No,No,No,No,No,Si,Month-to-month,Si,Cheque,55.3,108.65,No
SA-8169,Masculino,1,Si,No,69,No,No Servicio Telef nico,DSL,Si,Si,No,No,Si,Si,Two year,No,Tarjeta de Credito,56.55,3952.65,No
DV-9840,Masculino,0,No,No,6,Si,No,Fiber optic,No,No,No,No,Si,No,Month-to-month,Si,Tarjeta de Credito,80.5,463.05,Si
XZ-1089,Femenino,0,Si,Si,24,Si,No,No,No internet service,No internet service,No internet service,No internet service,No internet service,No internet service,Two year,Si,Deposito bancario,19.7,494.05,No
WI-2325,Femenino,0,No,No,32,Si,Si,Fiber optic,No,Si,Si,No,Si,Si,One year,Si,Tarjeta de Credito,104.05,3416.85,No
ZA-6064,Femenino,0,No,No,27,Si,No,DSL,Si,Si,No,No,No,No,Two year,No,Transferencia Bancaria,52.85,1498.65,No
JR-3096,Femenino,1,Si,No,27,Si,Si,Fiber optic,Si,No,No,Si,Si,Si,Month-to-month,Si,Transferencia Bancaria,104.3,2867.75,Si
PA-7824,Masculino,0,No,No,58,Si,Si,Fiber optic,No,No,No,Si,No,No,Month-to-month,No,Transferencia Bancaria,80.65,4807.35,No
JV-8042,Masculino,0,No,No,1,Si,No,Fiber optic,No,No,No,No,No,No,Month-to-month,Si,Deposito bancario,71.35,71.35,Si
BC-9648,Femenino,0,Si,Si,18,Si,Si,No,No internet service,No internet service,No internet service,No internet service,No internet service,No internet service,Two year,Si,Tarjeta de Credito,24.65,471.35,No
AD-2888,Femenino,0,Si,Si,47,Si,No,No,No internet service,No internet service,No internet service,No internet service,No internet service,No internet service,Two year,Si,Transferencia Bancaria,21.3,1041.8,No
HO-8707,Femenino,0,Si,Si,70,Si,Si,Fiber optic,No,Si,Si,Si,Si,Si,Two year,Si,Cheque,110.2,7689.8,No
LX-3374,Femenino,0,No,No,13,Si,Si,Fiber optic,No,Si,Si,Si,No,No,Month-to-month,No,Cheque,89.4,1132.35,Si
IP-4072,Femenino,0,Si,Si,36,Si,No,DSL,Si,No,No,No,No,No,Month-to-month,No,Tarjeta de Credito,51.05,1815,No
PC-7167,Masculino,0,No,No,67,Si,No,No,No internet service,No internet service,No internet service,No internet service,No internet service,No internet service,Two year,Si,Deposito bancario,19.8,1311.3,No
YP-4936,Femenino,0,No,No,10,Si,No,No,No internet service,No internet service,No internet service,No internet service,No internet service,No internet service,Month-to-month,Si,Deposito bancario,19.9,199.45,No
BM-1580,Masculino,1,No,No,19,Si,No,Fiber optic,Si,No,No,No,No,Si,Month-to-month,Si,Cheque,87.3,1637.3,No
KE-4817,Femenino,0,Si,Si,71,Si,No,No,No internet service,No internet service,No internet service,No internet service,No internet service,No internet service,Two year,No,Transferencia Bancaria,19.85,1326.35,No
WH-6408,Masculino,0,Si,Si,72,Si,Si,DSL,Si,Si,Si,Si,Si,Si,Two year,Si,Deposito bancario,89.4,6376.55,No
AW-9251,Femenino,0,Si,Si,48,Si,No,No,No internet service,No internet service,No internet service,No internet service,No internet service,No internet service,Two year,No,Deposito bancario,20,935.9,No
CL-8749,Masculino,0,No,No,1,Si,No,No,No internet service,No internet service,No internet service,No internet service,No internet service,No internet service,Month-to-month,No,Deposito bancario,20.05,20.05,No
VC-7989,Masculino,0,Si,Si,18,Si,No,DSL,Si,No,Si,Si,Si,Si,Month-to-month,No,Cheque,83.25,1611.15,No
GL-5049,Masculino,0,No,No,1,Si,No,No,No internet service,No internet service,No internet service,No internet service,No internet service,No internet service,Month-to-month,No,Deposito bancario,20.6,20.6,Si
QH-4199,Masculino,1,Si,No,67,Si,Si,Fiber optic,No,Si,No,Si,Si,Si,Two year,No,Transferencia Bancaria,102.9,6989.7,No
TL-8882,Masculino,0,Si,Si,69,No,No Servicio Telef nico,DSL,Si,No,Si,Si,No,No,Two year,No,Deposito bancario,39.1,2779.5,No
GT-5883,Masculino,0,No,No,19,Si,Si,Fiber optic,No,Si,No,No,Si,Si,Month-to-month,Si,Cheque,99.95,1931.75,Si
GR-5135,Masculino,1,Si,No,72,Si,Si,Fiber optic,Si,Si,Si,Si,Si,Si,Two year,Si,Deposito bancario,114.5,8331.95,No
OV-2384,Femenino,1,No,No,38,Si,No,No,No internet service,No internet service,No internet service,No internet service,No internet service,No internet service,Two year,No,Deposito bancario,20.2,735.9,No
WE-1371,Masculino,1,Si,No,40,Si,No,DSL,No,No,No,No,No,Si,One year,No,Cheque,55.8,2283.3,No
GI-3580,Femenino,0,Si,Si,61,Si,Si,No,No internet service,No internet service,No internet service,No internet service,No internet service,No internet service,Two year,Si,Deposito bancario,24.2,1445.2,No
QR-4817,Femenino,0,No,No,10,Si,Si,Fiber optic,No,Si,No,No,No,No,Month-to-month,Si,Tarjeta de Credito,81,818.05,Si
DR-9730,Masculino,0,Si,No,32,Si,Si,DSL,Si,No,No,Si,Si,No,One year,Si,Tarjeta de Credito,72.8,2333.05,No
UX-4686,Femenino,0,No,No,21,Si,Si,Fiber optic,No,Si,No,No,Si,Si,Month-to-month,Si,Tarjeta de Credito,99.85,1992.55,No
AN-3349,Femenino,1,No,No,59,Si,Si,Fiber optic,No,No,Si,No,Si,Si,One year,Si,Cheque,99.5,5890,No
YP-2398,Femenino,1,Si,No,13,Si,No,Fiber optic,No,No,No,No,No,No,Month-to-month,Si,Cheque,70.15,916.75,Si
YI-0932,Femenino,0,No,No,47,Si,No,No,No internet service,No internet service,No internet service,No internet service,No internet service,No internet service,Two year,No,Tarjeta de Credito,20.25,1029.8,No
SP-7480,Masculino,0,Si,Si,69,Si,Si,No,No internet service,No internet service,No internet service,No internet service,No internet service,No internet service,Two year,Si,Transferencia Bancaria,26,1796.55,No
XU-7636,Masculino,0,No,No,2,Si,No,No,No internet service,No internet service,No internet service,No internet service,No internet service,No internet service,Month-to-month,Si,Tarjeta de Credito,19.9,33.7,No
CY-1431,Femenino,0,Si,Si,22,Si,No,No,No internet service,No internet service,No internet service,No internet service,No internet service,No internet service,Month-to-month,No,Transferencia Bancaria,19.05,454.05,No
EO-5937,Masculino,1,Si,No,15,Si,Si,Fiber optic,Si,No,Si,No,Si,No,Month-to-month,Si,Cheque,96.5,1392.25,No
JD-6349,Femenino,0,No,No,53,Si,No,No,No internet service,No internet service,No internet service,No internet service,No internet service,No internet service,Two year,No,Tarjeta de Credito,19.85,1049.6,No
HI-5539,Femenino,1,Si,No,28,Si,Si,No,No internet service,No internet service,No internet service,No internet service,No internet service,No internet service,Month-to-month,No,Deposito bancario,25.7,734.6,No
MX-5847,Masculino,0,No,No,22,Si,No,No,No internet service,No internet service,No internet service,No internet service,No internet service,No internet service,One year,No,Deposito bancario,20.3,475.1,No
MW-9985,Femenino,0,No,No,1,Si,No,Fiber optic,No,No,No,No,No,No,Month-to-month,Si,Deposito bancario,70.15,70.15,Si
PA-4583,Masculino,1,Si,No,16,Si,No,Fiber optic,No,No,Si,Si,No,Si,Month-to-month,Si,Cheque,91.55,1540.05,No
FR-1116,Femenino,0,Si,Si,48,No,No Servicio Telef nico,DSL,Si,Si,No,Si,No,No,Two year,No,Deposito bancario,39.4,1978.65,No
HC-1421,Masculino,1,Si,No,30,Si,Si,Fiber optic,Si,Si,Si,Si,Si,No,Month-to-month,Si,Transferencia Bancaria,105.7,3181.8,No
XQ-9633,Femenino,0,No,No,3,Si,No,Fiber optic,No,No,No,No,No,No,Month-to-month,Si,Cheque,70.25,229.7,No
BQ-0716,Masculino,1,No,No,57,Si,Si,Fiber optic,Si,No,No,Si,No,Si,Two year,No,Cheque,93.75,5625.55,No
XT-1265,Femenino,1,Si,No,68,Si,Si,Fiber optic,Si,Si,No,No,No,Si,One year,Si,Tarjeta de Credito,96.55,6581.9,Si
CA-1183,Femenino,0,Si,No,23,Si,No,DSL,No,No,No,Si,Si,No,One year,No,Transferencia Bancaria,60,1347.15,No
XM-1972,Femenino,0,Si,No,65,Si,No,DSL,No,No,No,Si,Si,No,Two year,Si,Tarjeta de Credito,59.8,3808.2,No
LZ-8679,Masculino,0,Si,No,44,Si,No,Fiber optic,No,No,No,No,Si,Si,One year,Si,Transferencia Bancaria,90.65,3974.15,No
JM-3407,Femenino,0,Si,Si,71,Si,Si,Fiber optic,Si,Si,Si,No,Si,Si,Two year,Si,Transferencia Bancaria,109,7661.8,No
DF-6252,Femenino,0,Si,No,37,Si,Si,DSL,Si,No,Si,Si,No,No,One year,No,Tarjeta de Credito,68.1,2479.25,No
LN-1539,Femenino,0,No,No,12,Si,No,No,No internet service,No internet service,No internet service,No internet service,No internet service,No internet service,Month-to-month,No,Deposito bancario,20.4,266.6,No
KO-8645,Masculino,0,Si,Si,69,Si,Si,DSL,No,Si,Si,Si,Si,Si,Two year,Si,Transferencia Bancaria,81.95,5601.4,No
IV-0289,Femenino,0,No,No,35,Si,No,DSL,Si,Si,Si,No,No,No,Month-to-month,No,Cheque,60.55,1982.6,No
XU-9761,Masculino,0,No,No,5,Si,No,DSL,No,Si,No,Si,No,Si,Month-to-month,Si,Transferencia Bancaria,65.6,339.9,No
FK-4057,Masculino,0,Si,Si,58,Si,Si,Fiber optic,No,No,No,No,Si,No,Two year,No,Transferencia Bancaria,82.5,4828.05,No
TP-4291,Masculino,0,Si,No,72,Si,Si,DSL,Si,Si,Si,Si,No,Si,Two year,Si,Transferencia Bancaria,82.3,5980.55,No
YP-6087,Masculino,0,Si,No,72,Si,Si,DSL,Si,Si,Si,Si,No,No,Two year,No,Deposito bancario,68.15,4808.7,No
QF-3090,Femenino,0,No,No,1,Si,No,No,No internet service,No internet service,No internet service,No internet service,No internet service,No internet service,Month-to-month,No,Tarjeta de Credito,20.3,20.3,No
ZF-2237,Femenino,0,No,No,39,Si,No,Fiber optic,Si,No,Si,Si,Si,No,One year,Si,Cheque,95.55,3692.85,Si
LD-1722,Masculino,0,Si,Si,53,Si,No,No,No internet service,No internet service,No internet service,No internet service,No internet service,No internet service,One year,No,Tarjeta de Credito,20.2,1068.15,No
ES-1818,Femenino,0,No,No,27,Si,No,Fiber optic,No,No,Si,Si,No,Si,Month-to-month,Si,Cheque,89.2,2383.6,No
JT-4871,Femenino,1,No,No,1,Si,No,Fiber optic,No,No,No,No,No,No,Month-to-month,Si,Cheque,69.65,69.65,Si
YF-1415,Femenino,1,No,No,1,Si,No,Fiber optic,No,No,No,No,Si,Si,Month-to-month,Si,Cheque,89.3,89.3,Si
RU-7401,Femenino,0,Si,No,18,Si,No,Fiber optic,Si,No,No,No,No,No,Month-to-month,No,Cheque,74.8,1438.05,No
YL-0506,Masculino,0,Si,Si,46,Si,No,No,No internet service,No internet service,No internet service,No internet service,No internet service,No internet service,Two year,Si,Deposito bancario,20.2,917.45,No
BO-8661,Femenino,0,Si,No,72,Si,Si,DSL,Si,No,Si,Si,Si,Si,Two year,Si,Tarjeta de Credito,84.4,6096.45,No
VT-6711,Femenino,0,No,No,36,Si,No,Fiber optic,No,No,Si,Si,No,Si,Month-to-month,Si,Cheque,87.55,3078.1,Si
GB-4815,Femenino,0,Si,No,4,No,No Servicio Telef nico,DSL,No,No,No,No,No,No,Month-to-month,Si,Cheque,25.15,99.95,No
AU-2805,Femenino,0,No,No,25,Si,No,No,No internet service,No internet service,No internet service,No internet service,No internet service,No internet service,Two year,No,Tarjeta de Credito,19.8,475.2,No
PV-0980,Femenino,0,Si,Si,40,No,No Servicio Telef nico,DSL,No,Si,No,No,Si,Si,Month-to-month,Si,Cheque,50.85,2036.55,No
DR-7233,Masculino,0,Si,No,63,Si,Si,Fiber optic,No,Si,Si,No,Si,Si,Month-to-month,Si,Cheque,102.4,6444.05,No
RM-3500,Femenino,1,No,No,15,Si,No,Fiber optic,Si,No,Si,Si,No,Si,Month-to-month,Si,Deposito bancario,96.3,1426.75,Si
NF-3873,Masculino,0,No,No,14,Si,Si,DSL,No,Si,No,No,No,No,Month-to-month,Si,Tarjeta de Credito,55.5,767.55,No
EC-1162,Masculino,1,Si,No,72,Si,Si,Fiber optic,No,Si,Si,Si,Si,Si,Two year,Si,Transferencia Bancaria,109.75,7932.5,No
GX-7048,Masculino,0,No,No,39,Si,Si,Fiber optic,Si,Si,No,No,Si,Si,Month-to-month,Si,Cheque,106.4,4040.65,No
ZC-8571,Femenino,0,Si,Si,47,No,No Servicio Telef nico,DSL,Si,Si,Si,No,Si,Si,Two year,Si,Tarjeta de Credito,60,2768.65,No
WC-1169,Masculino,0,Si,No,19,Si,Si,Fiber optic,Si,Si,No,Si,No,No,Month-to-month,Si,Tarjeta de Credito,88.8,1672.35,No
SD-4548,Femenino,0,No,No,5,Si,Si,Fiber optic,No,No,No,No,Si,No,Month-to-month,Si,Cheque,85.2,474.8,Si
PO-8066,Femenino,0,No,No,13,No,No Servicio Telef nico,DSL,No,No,No,No,No,Si,Month-to-month,Si,Cheque,35.1,446.1,Si
CA-7129,Femenino,0,No,No,17,Si,Si,Fiber optic,No,No,Si,No,No,No,Month-to-month,No,Transferencia Bancaria,80.05,1345.65,No
AR-8695,Masculino,1,Si,No,34,Si,Si,Fiber optic,No,No,No,No,No,No,Month-to-month,Si,Cheque,75.55,2425.4,No
YU-3570,Femenino,0,No,No,42,Si,No,DSL,No,Si,No,No,No,No,Month-to-month,Si,Cheque,49.55,2077.95,No
OO-4143,Masculino,0,Si,No,5,Si,Si,Fiber optic,No,Si,No,No,No,No,Month-to-month,Si,Cheque,81.3,416.3,Si
HA-1555,Femenino,0,Si,Si,71,Si,Si,No,No internet service,No internet service,No internet service,No internet service,No internet service,No internet service,Two year,No,Tarjeta de Credito,23.9,1663.5,No
NV-1697,Masculino,1,Si,No,19,Si,No,DSL,Si,No,Si,No,Si,No,Month-to-month,No,Transferencia Bancaria,66.4,1286.05,No
EK-7854,Femenino,0,No,Si,2,Si,No,No,No internet service,No internet service,No internet service,No internet service,No internet service,No internet service,Month-to-month,Si,Cheque,19.6,35.85,Si
EE-8464,Masculino,0,No,No,57,Si,No,No,No internet service,No internet service,No internet service,No internet service,No internet service,No internet service,Two year,No,Tarjeta de Credito,18.8,1094.35,No
FS-2419,Masculino,0,Si,No,72,Si,Si,Fiber optic,No,Si,Si,Si,Si,Si,Two year,Si,Cheque,108.4,7719.5,No
YP-8132,Femenino,0,No,No,6,Si,No,Fiber optic,No,Si,No,No,No,Si,Month-to-month,Si,Deposito bancario,85.95,514.6,No
IA-9102,Femenino,0,Si,Si,17,Si,Si,Fiber optic,No,No,No,No,No,Si,Month-to-month,Si,Cheque,85.45,1451.6,Si
LZ-6754,Masculino,0,Si,No,61,Si,Si,DSL,No,Si,Si,No,Si,Si,Two year,No,Transferencia Bancaria,80.9,4932.5,No
LY-3422,Masculino,0,Si,Si,1,Si,No,Fiber optic,No,No,No,No,No,No,Month-to-month,Si,Cheque,71,71,Si
MZ-8099,Masculino,0,Si,Si,48,Si,Si,Fiber optic,Si,Si,Si,Si,Si,Si,Two year,No,Tarjeta de Credito,111.8,5443.65,No
LH-0787,Masculino,0,No,No,16,Si,No,No,No internet service,No internet service,No internet service,No internet service,No internet service,No internet service,Month-to-month,Si,Tarjeta de Credito,20.6,330.25,No
DT-2642,Masculino,1,No,No,9,Si,Si,Fiber optic,No,No,No,No,No,Si,Month-to-month,Si,Cheque,85.05,746.5,Si
IO-0374,Femenino,0,No,No,3,Si,No,DSL,No,No,No,No,No,No,Month-to-month,No,Cheque,44.6,122.7,No
JE-4361,Masculino,0,No,Si,1,Si,No,DSL,No,No,No,No,No,No,Month-to-month,Si,Cheque,44.4,44.4,Si
NN-3197,Masculino,0,No,No,65,Si,Si,Fiber optic,No,Si,Si,No,Si,Si,Two year,No,Tarjeta de Credito,105.1,6631.85,No
DK-3396,Femenino,0,Si,Si,70,Si,Si,Fiber optic,Si,Si,Si,Si,Si,Si,Two year,Si,Tarjeta de Credito,115.15,8250,No
OZ-1752,Masculino,0,Si,No,60,Si,No,DSL,Si,No,No,No,Si,No,One year,Si,Deposito bancario,59.8,3561.15,No
QR-9066,Femenino,0,Si,No,69,Si,Si,No,No internet service,No internet service,No internet service,No internet service,No internet service,No internet service,One year,Si,Cheque,26.3,1763.55,No
WS-9112,Femenino,1,No,No,35,Si,No,Fiber optic,No,No,No,No,No,No,Month-to-month,No,Cheque,70.55,2419,No
NN-9867,Femenino,0,No,No,22,Si,No,No,No internet service,No internet service,No internet service,No internet service,No internet service,No internet service,Month-to-month,Si,Deposito bancario,20.05,470.2,No
NT-5321,Masculino,0,Si,Si,66,Si,Si,DSL,No,Si,Si,No,Si,Si,Two year,No,Transferencia Bancaria,79.85,5234.95,No
TX-1363,Masculino,1,Si,No,1,Si,No,Fiber optic,No,No,No,No,No,No,Month-to-month,Si,Cheque,70.3,70.3,Si
EX-9507,Femenino,0,Si,No,1,Si,No,Fiber optic,No,No,No,No,Si,No,Month-to-month,Si,Transferencia Bancaria,79.35,79.35,Si
GE-3161,Masculino,0,Si,Si,34,Si,Si,Fiber optic,No,No,Si,No,No,Si,Month-to-month,Si,Tarjeta de Credito,90.05,3097,No
OA-0402,Femenino,0,Si,Si,72,Si,Si,No,No internet service,No internet service,No internet service,No internet service,No internet service,No internet service,Two year,No,Transferencia Bancaria,24.45,1709.1,No
VL-6933,Masculino,0,Si,Si,31,No,No Servicio Telef nico,DSL,Si,No,Si,Si,Si,Si,One year,No,Cheque,59.95,1848.8,No
WK-6754,Masculino,0,No,Si,30,Si,Si,No,No internet service,No internet service,No internet service,No internet service,No internet service,No internet service,One year,No,Transferencia Bancaria,25.35,723.3,No
GK-9846,Femenino,0,No,No,9,Si,No,Fiber optic,No,No,No,No,Si,Si,Month-to-month,Si,Transferencia Bancaria,90.8,809.75,Si
PP-6017,Masculino,0,Si,Si,20,Si,No,Fiber optic,No,No,No,No,No,No,Month-to-month,Si,Cheque,70.45,1470.95,Si
LN-4976,Masculino,1,Si,No,19,No,No Servicio Telef nico,DSL,No,Si,Si,No,No,No,Month-to-month,Si,Tarjeta de Credito,34.3,577.15,No
MG-5055,Femenino,0,Si,No,65,Si,Si,Fiber optic,Si,No,Si,No,Si,Si,Month-to-month,Si,Cheque,105.05,6914.95,No
FR-4641,Femenino,0,Si,Si,30,Si,No,No,No internet service,No internet service,No internet service,No internet service,No internet service,No internet service,Two year,No,Deposito bancario,19.3,602.9,No
JV-2862,Masculino,0,No,No,6,Si,No,No,No internet service,No internet service,No internet service,No internet service,No internet service,No internet service,One year,No,Deposito bancario,19.15,124.4,No
QW-2969,Femenino,0,No,No,2,No,No Servicio Telef nico,DSL,No,Si,No,No,Si,Si,Month-to-month,No,Cheque,51.4,96.8,No
BI-9822,Masculino,0,Si,Si,53,Si,Si,DSL,Si,No,No,Si,No,Si,Month-to-month,No,Cheque,71.85,3827.9,No
MP-2077,Masculino,1,Si,No,7,Si,Si,Fiber optic,No,No,No,No,No,No,Month-to-month,Si,Cheque,75.4,533.05,No
OU-1534,Femenino,0,Si,Si,61,Si,No,DSL,Si,No,No,No,No,No,One year,Si,Transferencia Bancaria,49.7,2961.4,No
RV-7136,Masculino,1,No,No,70,No,No Servicio Telef nico,DSL,No,No,No,No,Si,Si,One year,Si,Cheque,45.25,3264.45,Si
SG-2971,Femenino,0,No,No,13,Si,Si,DSL,Si,No,Si,No,Si,Si,Month-to-month,Si,Cheque,78.75,995.35,No
IV-1480,Masculino,1,Si,No,35,Si,Si,Fiber optic,No,No,Si,No,No,No,One year,Si,Transferencia Bancaria,81.6,2815.25,No
KF-2905,Femenino,0,Si,No,2,Si,No,Fiber optic,No,No,No,No,No,No,Month-to-month,Si,Tarjeta de Credito,70.4,154.8,No
SS-4581,Femenino,0,No,No,3,Si,Si,Fiber optic,No,No,No,No,No,No,Month-to-month,Si,Cheque,75.8,246.3,Si
HX-3370,Femenino,0,No,No,3,Si,Si,Fiber optic,No,No,No,No,No,No,Month-to-month,No,Cheque,76.1,257.6,No
YZ-9391,Femenino,0,No,No,62,Si,Si,Fiber optic,No,No,No,No,Si,Si,One year,Si,Transferencia Bancaria,94,5757.2,No
ME-9958,Masculino,0,Si,Si,72,Si,Si,Fiber optic,Si,Si,Si,Si,No,Si,Two year,No,Tarjeta de Credito,103.95,7517.7,No
CN-0281,Masculino,0,Si,No,63,Si,No,No,No internet service,No internet service,No internet service,No internet service,No internet service,No internet service,Two year,Si,Transferencia Bancaria,19.95,1234.8,No
WT-6927,Masculino,1,No,No,20,Si,No,Fiber optic,No,No,No,No,No,No,Month-to-month,No,Tarjeta de Credito,71.3,1389.2,Si
CE-4118,Femenino,1,No,No,35,Si,Si,Fiber optic,Si,Si,Si,Si,Si,Si,One year,Si,Transferencia Bancaria,110.8,3836.3,No
ZO-3398,Masculino,1,Si,No,21,Si,No,Fiber optic,No,No,No,No,No,No,Month-to-month,Si,Cheque,69.1,1474.75,Si
VE-9114,Masculino,0,Si,No,62,Si,Si,Fiber optic,Si,Si,No,No,No,Si,One year,No,Cheque,96.1,6001.45,No
BE-7876,Femenino,0,No,No,15,Si,Si,DSL,No,No,No,No,No,No,Month-to-month,Si,Deposito bancario,48.8,720.1,No
BQ-2338,Femenino,0,No,No,55,Si,No,DSL,Si,No,No,No,No,No,Month-to-month,Si,Tarjeta de Credito,50.55,2832.75,No
MN-9873,Femenino,0,No,No,11,Si,No,DSL,No,No,No,No,No,No,Month-to-month,Si,Deposito bancario,44.65,472.25,No
NH-0378,Femenino,0,Si,Si,17,Si,Si,Fiber optic,No,No,Si,No,Si,No,Month-to-month,No,Cheque,88.25,1460.65,Si
JU-8241,Femenino,0,No,No,61,Si,No,No,No internet service,No internet service,No internet service,No internet service,No internet service,No internet service,One year,No,Transferencia Bancaria,19.45,1336.35,No
II-2194,Femenino,0,Si,No,71,Si,Si,DSL,Si,Si,Si,Si,Si,Si,Two year,No,Tarjeta de Credito,89.3,6388.65,No
ZU-4512,Femenino,0,No,No,2,Si,No,Fiber optic,No,No,No,No,No,No,Month-to-month,No,Transferencia Bancaria,70,153.05,Si
RX-9631,Masculino,0,No,No,35,Si,No,No,No internet service,No internet service,No internet service,No internet service,No internet service,No internet service,Two year,No,Deposito bancario,19.25,677.9,No
EX-9584,Femenino,0,No,No,17,Si,No,Fiber optic,No,No,No,No,No,No,Month-to-month,No,Transferencia Bancaria,70.5,1165.6,No
AU-7969,Femenino,0,No,No,21,Si,Si,Fiber optic,No,No,No,No,Si,Si,Month-to-month,Si,Cheque,97.35,2119.5,Si
FE-5093,Femenino,0,Si,No,47,Si,No,No,No internet service,No internet service,No internet service,No internet service,No internet service,No internet service,Two year,No,Transferencia Bancaria,19.65,921.55,No
UD-2621,Femenino,0,Si,No,3,Si,No,No,No internet service,No internet service,No internet service,No internet service,No internet service,No internet service,Month-to-month,No,Deposito bancario,20.85,72,No
IV-7526,Masculino,0,No,No,3,Si,No,No,No internet service,No internet service,No internet service,No internet service,No internet service,No internet service,Month-to-month,Si,Deposito bancario,19.65,68.35,No
HY-2428,Masculino,1,Si,No,44,Si,No,No,No internet service,No internet service,No internet service,No internet service,No internet service,No internet service,Two year,Si,Tarjeta de Credito,19.35,847.25,No
EK-9214,Femenino,0,No,No,1,Si,No,DSL,No,No,No,No,No,No,Month-to-month,Si,Deposito bancario,44,44,No
MH-3410,Femenino,0,Si,Si,44,Si,Si,Fiber optic,No,Si,Si,No,No,Si,One year,No,Cheque,94.4,4295.35,No
ON-0568,Masculino,0,Si,Si,5,Si,Si,No,No internet service,No internet service,No internet service,No internet service,No internet service,No internet service,Month-to-month,Si,Transferencia Bancaria,25.9,135,Si
VU-0733,Masculino,0,No,No,24,Si,Si,DSL,Si,No,No,No,No,No,Month-to-month,Si,Transferencia Bancaria,55.65,1400.55,Si
EV-4550,Femenino,0,No,Si,1,Si,No,Fiber optic,No,No,No,No,No,No,Month-to-month,Si,Cheque,69.65,69.65,Si
YW-2122,Femenino,0,No,No,18,Si,No,Fiber optic,Si,No,No,No,No,No,Month-to-month,Si,Cheque,75.4,1380.4,No
SS-2968,Femenino,0,No,No,10,Si,Si,Fiber optic,No,No,Si,No,Si,Si,Month-to-month,Si,Cheque,100.6,1060.2,Si
DK-2296,Femenino,0,Si,No,65,Si,No,DSL,Si,Si,Si,No,No,Si,Two year,No,Transferencia Bancaria,71,4386.2,No
JJ-4844,Femenino,1,No,No,1,Si,No,Fiber optic,No,Si,No,No,No,Si,Month-to-month,Si,Cheque,86,86,Si
TG-6777,Femenino,0,No,No,53,Si,Si,Fiber optic,Si,No,Si,No,Si,Si,One year,Si,Tarjeta de Credito,106.95,5785.5,Si
BO-8909,Masculino,0,No,No,3,Si,No,No,No internet service,No internet service,No internet service,No internet service,No internet service,No internet service,One year,No,Deposito bancario,21.2,52.05,No
YR-6603,Masculino,0,Si,No,33,Si,No,DSL,Si,Si,No,Si,No,No,Two year,Si,Deposito bancario,61.05,2018.4,No
WZ-3538,Masculino,0,No,No,3,No,No Servicio Telef nico,DSL,No,Si,No,No,No,No,Month-to-month,Si,Cheque,29.6,79.45,Si
US-3229,Femenino,0,No,No,34,Si,No,DSL,Si,No,Si,Si,Si,Si,One year,Si,Transferencia Bancaria,79.95,2727.3,No
VF-2138,Femenino,0,Si,Si,14,Si,No,No,No internet service,No internet service,No internet service,No internet service,No internet service,No internet service,Two year,Si,Deposito bancario,19.7,263.65,No
JL-6131,Femenino,0,No,No,13,Si,No,No,No internet service,No internet service,No internet service,No internet service,No internet service,No internet service,Month-to-month,Si,Deposito bancario,20.3,275.4,No
QR-4785,Masculino,1,Si,No,46,No,No Servicio Telef nico,DSL,No,Si,Si,Si,Si,Si,One year,Si,Transferencia Bancaria,59.9,2816.65,Si
XF-0269,Masculino,0,Si,Si,23,Si,Si,No,No internet service,No internet service,No internet service,No internet service,No internet service,No internet service,One year,No,Deposito bancario,24.35,538.5,No
EJ-1709,Femenino,0,Si,Si,47,Si,No,No,No internet service,No internet service,No internet service,No internet service,No internet service,No internet service,Two year,No,Deposito bancario,19.75,948.9,No
XC-4316,Masculino,0,No,Si,17,Si,No,DSL,Si,No,No,No,No,No,Month-to-month,Si,Deposito bancario,50.3,846.8,No
WF-8610,Femenino,0,Si,Si,49,Si,Si,Fiber optic,No,No,No,No,Si,Si,Month-to-month,Si,Cheque,95.6,4783.5,Si
XM-9693,Masculino,1,Si,No,59,No,No Servicio Telef nico,DSL,No,Si,No,No,Si,Si,Month-to-month,Si,Cheque,50.25,2997.45,No
CL-0383,Femenino,0,No,No,69,Si,Si,DSL,Si,No,Si,Si,Si,Si,Two year,Si,Tarjeta de Credito,85.35,5897.4,No
JE-4905,Masculino,0,No,No,11,No,No Servicio Telef nico,DSL,No,No,Si,No,Si,No,One year,Si,Cheque,41.6,470.6,Si
UQ-2709,Masculino,0,No,No,10,Si,No,DSL,Si,No,No,No,No,No,Month-to-month,Si,Deposito bancario,51.65,524.5,No
ZT-3549,Masculino,0,Si,Si,12,Si,Si,No,No internet service,No internet service,No internet service,No internet service,No internet service,No internet service,Two year,Si,Transferencia Bancaria,24,269.65,No
IN-7881,Masculino,0,No,No,45,Si,Si,Fiber optic,No,Si,No,No,Si,Si,Month-to-month,Si,Tarjeta de Credito,100.85,4740,Si
AT-8033,Femenino,0,Si,Si,39,Si,No,DSL,No,No,Si,No,Si,No,Month-to-month,Si,Deposito bancario,59.85,2341.5,No
NZ-1635,Masculino,1,Si,No,71,Si,Si,No,No internet service,No internet service,No internet service,No internet service,No internet service,No internet service,Two year,No,Tarjeta de Credito,25.45,1789.65,No
HK-0562,Masculino,0,Si,Si,71,Si,Si,No,No internet service,No internet service,No internet service,No internet service,No internet service,No internet service,Two year,No,Tarjeta de Credito,23.9,1626.4,No
RV-8277,Femenino,0,Si,Si,33,Si,Si,No,No internet service,No internet service,No internet service,No internet service,No internet service,No internet service,One year,No,Tarjeta de Credito,24.15,800.3,No
VS-9943,Masculino,1,No,No,67,Si,Si,Fiber optic,No,No,No,No,No,No,Month-to-month,Si,Deposito bancario,75.7,5060.85,No
LF-0117,Masculino,0,Si,Si,37,No,No Servicio Telef nico,DSL,Si,Si,Si,No,No,No,Month-to-month,No,Transferencia Bancaria,40.2,1448.8,Si
FE-6172,Masculino,0,Si,Si,49,Si,Si,Fiber optic,No,No,No,No,Si,No,Month-to-month,No,Cheque,84.5,4254.85,Si
EN-7054,Femenino,0,Si,No,9,Si,No,DSL,No,Si,No,No,No,No,Month-to-month,No,Deposito bancario,50.85,466.6,No
HF-1455,Masculino,0,Si,No,52,Si,Si,Fiber optic,Si,No,Si,Si,No,No,Two year,Si,Tarjeta de Credito,91.6,4627.8,No
CX-9402,Femenino,0,No,No,70,Si,Si,Fiber optic,No,Si,No,No,Si,Si,One year,No,Cheque,98.9,6838.6,No
BI-1628,Masculino,0,No,No,1,Si,No,Fiber optic,No,Si,No,No,No,Si,Month-to-month,Si,Cheque,85,85,No
AK-1965,Femenino,1,No,No,14,Si,Si,Fiber optic,No,Si,No,No,No,No,Month-to-month,Si,Cheque,78.95,1101.85,Si
LD-0082,Masculino,0,No,No,1,Si,No,DSL,No,No,No,No,No,No,Month-to-month,Si,Deposito bancario,44.3,44.3,No
UK-4786,Masculino,0,No,No,1,Si,No,No,No internet service,No internet service,No internet service,No internet service,No internet service,No internet service,Month-to-month,No,Deposito bancario,20.2,20.2,Si
SG-5343,Femenino,0,No,No,52,Si,Si,Fiber optic,No,Si,No,No,No,No,One year,Si,Deposito bancario,80.2,4297.6,No
NA-0856,Masculino,0,No,No,6,Si,No,DSL,No,No,Si,No,Si,No,Month-to-month,No,Deposito bancario,60.9,414.1,No
AZ-1976,Masculino,0,Si,No,7,No,No Servicio Telef nico,DSL,Si,Si,No,No,No,No,Month-to-month,No,Deposito bancario,34.2,256.6,No
VZ-7248,Femenino,1,No,No,47,Si,Si,Fiber optic,No,Si,Si,No,No,No,Month-to-month,Si,Transferencia Bancaria,85.2,3969.35,Si
UZ-6156,Femenino,0,No,No,26,Si,No,Fiber optic,Si,No,Si,Si,No,No,One year,Si,Tarjeta de Credito,87.15,2274.1,No
OO-3099,Masculino,0,Si,Si,25,Si,No,DSL,Si,No,No,Si,No,No,Month-to-month,No,Cheque,54.3,1296.8,No
WB-9500,Masculino,0,No,No,69,Si,No,No,No internet service,No internet service,No internet service,No internet service,No internet service,No internet service,Two year,Si,Deposito bancario,19.1,1268.85,No
KL-5183,Femenino,0,No,No,72,Si,Si,Fiber optic,Si,Si,Si,Si,Si,Si,Two year,Si,Tarjeta de Credito,112.75,8192.6,No
PQ-5144,Masculino,0,No,No,4,Si,No,No,No internet service,No internet service,No internet service,No internet service,No internet service,No internet service,Month-to-month,Si,Deposito bancario,19.95,59.25,No
VZ-8514,Masculino,0,Si,Si,59,Si,No,No,No internet service,No internet service,No internet service,No internet service,No internet service,No internet service,Two year,No,Deposito bancario,19.5,1147.85,No
IU-6625,Masculino,0,No,No,67,Si,No,DSL,Si,No,Si,No,No,Si,Two year,No,Transferencia Bancaria,65.55,4361.55,No
NP-9355,Femenino,1,No,No,26,Si,No,Fiber optic,No,No,No,No,No,Si,Month-to-month,Si,Cheque,78.8,2006.1,No
FI-0068,Femenino,0,No,No,27,Si,No,DSL,No,Si,Si,Si,Si,Si,One year,No,Deposito bancario,78.2,2078.95,No
GG-5965,Masculino,0,Si,Si,72,Si,Si,Fiber optic,Si,No,Si,No,Si,Si,Two year,No,Transferencia Bancaria,105.25,7609.75,No
PW-8035,Femenino,0,No,No,6,Si,No,Fiber optic,No,No,Si,Si,No,Si,Month-to-month,Si,Cheque,89.25,487.05,No
HI-2236,Masculino,0,Si,Si,62,Si,No,No,No internet service,No internet service,No internet service,No internet service,No internet service,No internet service,Two year,No,Tarjeta de Credito,20.65,1218.45,No
BI-1840,Masculino,0,No,No,20,Si,Si,DSL,No,Si,No,Si,Si,No,One year,Si,Cheque,68.7,1416.2,No
MK-1356,Masculino,0,No,No,6,Si,No,DSL,Si,No,Si,Si,Si,Si,Month-to-month,No,Tarjeta de Credito,78.65,483.3,No
LN-6080,Masculino,0,No,No,51,Si,Si,No,No internet service,No internet service,No internet service,No internet service,No internet service,No internet service,Two year,No,Deposito bancario,24.75,1234.6,No
IP-1830,Femenino,0,Si,Si,61,Si,No,No,No internet service,No internet service,No internet service,No internet service,No internet service,No internet service,Two year,No,Tarjeta de Credito,19.75,1311.6,No
DW-5828,Masculino,1,Si,No,62,Si,Si,Fiber optic,Si,Si,Si,No,No,No,Month-to-month,Si,Cheque,89.1,5618.3,No
TB-8398,Femenino,0,No,No,72,Si,Si,Fiber optic,Si,No,No,Si,No,No,Two year,Si,Transferencia Bancaria,84.7,6185.15,No
IG-0011,Masculino,1,Si,No,13,Si,No,Fiber optic,No,Si,Si,No,Si,Si,Month-to-month,Si,Cheque,98,1237.85,Si
GO-4192,Masculino,0,Si,No,5,Si,No,Fiber optic,No,No,Si,No,Si,Si,Month-to-month,Si,Cheque,94.45,498.1,Si
SL-6496,Masculino,1,No,No,3,Si,Si,Fiber optic,No,Si,Si,No,Si,Si,Month-to-month,Si,Cheque,105,294.45,Si
GV-9912,Femenino,1,Si,No,26,Si,Si,Fiber optic,No,Si,Si,No,No,Si,Month-to-month,Si,Cheque,93.85,2381.55,Si
FS-2931,Masculino,1,No,No,13,Si,No,DSL,No,Si,No,No,Si,No,Month-to-month,Si,Cheque,59.9,788.35,No
RU-9418,Femenino,0,Si,Si,38,Si,No,No,No internet service,No internet service,No internet service,No internet service,No internet service,No internet service,Two year,Si,Deposito bancario,19.95,756.4,No
MM-5383,Femenino,1,Si,No,8,Si,Si,Fiber optic,No,No,No,No,No,Si,Month-to-month,Si,Cheque,84,613.4,Si
ZW-9971,Masculino,1,Si,Si,34,Si,Si,Fiber optic,No,Si,Si,Si,Si,Si,Month-to-month,Si,Cheque,108.9,3625.2,No
AU-4712,Masculino,0,No,No,18,No,No Servicio Telef nico,DSL,Si,No,Si,No,No,No,Month-to-month,No,Deposito bancario,33.6,550.35,No
FJ-9711,Masculino,0,Si,Si,56,Si,No,Fiber optic,No,Si,Si,Si,No,No,One year,Si,Deposito bancario,85.85,4793.8,No
ZT-2908,Femenino,0,No,No,36,No,No Servicio Telef nico,DSL,No,Si,No,Si,No,No,Month-to-month,Si,Transferencia Bancaria,34.85,1267.2,No
ET-7240,Femenino,0,Si,No,9,No,No Servicio Telef nico,DSL,No,No,Si,No,Si,Si,Month-to-month,Si,Cheque,48.75,442.2,Si
CU-2202,Masculino,0,No,No,1,Si,No,Fiber optic,No,No,Si,No,Si,No,Month-to-month,Si,Cheque,84.85,84.85,Si
OI-5995,Masculino,0,No,No,12,Si,No,DSL,Si,No,No,Si,No,No,Month-to-month,No,Deposito bancario,56.65,654.85,Si
WZ-8421,Femenino,1,Si,Si,57,Si,No,Fiber optic,No,Si,Si,Si,Si,No,Month-to-month,Si,Tarjeta de Credito,95.3,5567.45,No
RC-6261,Femenino,0,No,No,42,Si,No,DSL,Si,Si,Si,Si,No,Si,One year,No,Tarjeta de Credito,73.9,3160.55,Si
QK-7951,Femenino,0,Si,Si,33,Si,Si,No,No internet service,No internet service,No internet service,No internet service,No internet service,No internet service,Two year,Si,Deposito bancario,24.5,740.3,Si
YA-1414,Masculino,0,Si,No,70,Si,No,Fiber optic,Si,Si,No,Si,No,No,Two year,No,Transferencia Bancaria,84.6,5706.2,No
RD-8756,Femenino,0,No,No,68,No,No Servicio Telef nico,DSL,No,Si,No,Si,No,Si,Month-to-month,No,Cheque,44.95,3085.35,No
PF-2862,Masculino,0,No,Si,1,No,No Servicio Telef nico,DSL,No,No,No,No,No,No,Month-to-month,Si,Cheque,24.7,24.7,No
QV-5816,Femenino,0,No,No,37,Si,Si,Fiber optic,No,No,No,Si,Si,Si,Month-to-month,No,Tarjeta de Credito,100.3,3541.4,No
YH-4430,Femenino,0,No,Si,4,Si,Si,No,No internet service,No internet service,No internet service,No internet service,No internet service,No internet service,Month-to-month,Si,Deposito bancario,25.45,84.2,No
SB-6888,Masculino,0,No,No,1,Si,No,DSL,Si,No,No,No,No,No,Month-to-month,Si,Deposito bancario,50.7,50.7,No
XW-7395,Masculino,0,No,No,20,No,No Servicio Telef nico,DSL,Si,Si,Si,Si,Si,No,Month-to-month,Si,Tarjeta de Credito,55,1165.55,No
YW-7169,Masculino,0,Si,Si,72,Si,No,DSL,Si,Si,No,Si,Si,No,Two year,No,Transferencia Bancaria,68.4,4855.35,No
PH-3640,Femenino,0,No,No,31,Si,Si,Fiber optic,No,No,Si,No,No,Si,Month-to-month,Si,Cheque,89.9,2806.9,Si
LG-6877,Masculino,1,Si,No,18,Si,No,Fiber optic,No,No,No,No,No,Si,Month-to-month,No,Cheque,78.55,1422.65,Si
RK-6859,Masculino,0,Si,No,11,Si,No,DSL,No,No,No,No,Si,No,Month-to-month,Si,Transferencia Bancaria,55.05,608.15,No
VN-2729,Femenino,0,Si,Si,33,Si,No,No,No internet service,No internet service,No internet service,No internet service,No internet service,No internet service,Two year,No,Tarjeta de Credito,19.8,641.35,No
JI-2957,Femenino,1,No,No,62,Si,Si,Fiber optic,No,No,No,No,Si,No,One year,No,Cheque,84.45,4959.15,No
BA-2049,Femenino,0,No,No,1,No,No Servicio Telef nico,DSL,No,No,Si,Si,No,No,Month-to-month,No,Deposito bancario,35.9,35.9,No
QT-3842,Masculino,0,Si,No,16,Si,No,Fiber optic,Si,Si,No,No,No,No,Month-to-month,No,Transferencia Bancaria,80.75,1321.3,No
OC-7163,Masculino,0,Si,Si,22,Si,Si,DSL,No,No,Si,Si,Si,Si,One year,Si,Deposito bancario,78.65,1663.75,No
LG-9782,Femenino,0,Si,Si,49,Si,No,DSL,Si,No,Si,Si,No,No,Month-to-month,No,Transferencia Bancaria,61.75,3024.15,No
BA-5975,Masculino,0,Si,Si,36,Si,No,DSL,Si,No,Si,No,No,Si,One year,Si,Tarjeta de Credito,63.7,2188.5,No
EN-8019,Masculino,0,Si,No,42,Si,Si,Fiber optic,No,Si,Si,Si,No,Si,Month-to-month,Si,Cheque,99.45,4138.05,Si
GB-5167,Masculino,1,No,No,4,No,No Servicio Telef nico,DSL,No,No,No,No,No,No,Month-to-month,Si,Transferencia Bancaria,25.2,102.5,Si
EO-9033,Femenino,0,No,No,12,Si,Si,DSL,No,No,No,Si,Si,Si,One year,No,Deposito bancario,74.05,872.65,Si
KK-4673,Femenino,0,No,No,31,Si,No,Fiber optic,Si,No,Si,Si,No,No,Month-to-month,No,Cheque,87.6,2724.25,No
OI-4853,Masculino,0,Si,No,5,Si,Si,Fiber optic,Si,No,No,No,No,Si,Month-to-month,Si,Cheque,89.15,413.25,No
OU-9800,Masculino,0,Si,Si,66,Si,No,No,No internet service,No internet service,No internet service,No internet service,No internet service,No internet service,Two year,No,Tarjeta de Credito,20,1374.2,No
NL-1324,Femenino,1,No,No,15,Si,Si,DSL,No,No,No,Si,No,No,Month-to-month,No,Tarjeta de Credito,55,757.1,Si
EF-2324,Masculino,0,No,No,64,Si,Si,Fiber optic,No,Si,Si,No,Si,Si,Two year,Si,Transferencia Bancaria,104.4,6692.65,No
MS-7094,Masculino,0,Si,Si,10,Si,No,No,No internet service,No internet service,No internet service,No internet service,No internet service,No internet service,Month-to-month,Si,Tarjeta de Credito,20.05,218.5,No
VV-1522,Masculino,0,Si,Si,7,Si,No,Fiber optic,No,Si,No,Si,Si,No,Month-to-month,Si,Cheque,89.75,608.8,Si
CQ-6907,Masculino,0,No,No,29,No,No Servicio Telef nico,DSL,No,Si,No,Si,No,No,Month-to-month,No,Cheque,34.3,1004.75,No
XN-0780,Masculino,0,No,No,57,Si,No,No,No internet service,No internet service,No internet service,No internet service,No internet service,No internet service,Two year,No,Transferencia Bancaria,20.65,1125.6,No
OX-0239,Femenino,0,No,No,46,Si,Si,Fiber optic,Si,Si,No,No,No,No,Month-to-month,No,Deposito bancario,84.25,3847.6,No
IJ-2675,Masculino,0,No,No,53,Si,No,No,No internet service,No internet service,No internet service,No internet service,No internet service,No internet service,Two year,No,Transferencia Bancaria,19.65,978,No
GK-7049,Femenino,0,No,No,17,Si,No,DSL,Si,Si,No,Si,Si,Si,One year,No,Tarjeta de Credito,79.85,1387.35,No
QS-8577,Femenino,0,Si,Si,38,Si,No,No,No internet service,No internet service,No internet service,No internet service,No internet service,No internet service,Two year,Si,Deposito bancario,20.2,746.05,No
CN-3721,Masculino,0,No,No,15,Si,No,No,No internet service,No internet service,No internet service,No internet service,No internet service,No internet service,One year,No,Deposito bancario,19.8,304.6,No
IS-0212,Femenino,0,No,No,22,No,No Servicio Telef nico,DSL,No,Si,No,No,Si,Si,Month-to-month,Si,Cheque,50.35,1098.85,No
TQ-9185,Masculino,0,Si,No,14,Si,Si,Fiber optic,No,No,No,No,No,Si,Month-to-month,Si,Cheque,85.15,1139.2,Si
YN-3585,Femenino,0,Si,No,57,Si,Si,DSL,No,Si,Si,Si,Si,No,One year,No,Transferencia Bancaria,74.6,4368.95,No
DB-5271,Masculino,1,No,No,11,Si,No,Fiber optic,No,No,No,No,No,Si,Month-to-month,Si,Tarjeta de Credito,79.15,827.7,No
GO-1099,Femenino,0,Si,Si,1,Si,No,No,No internet service,No internet service,No internet service,No internet service,No internet service,No internet service,Two year,No,Deposito bancario,20.35,20.35,No
HM-6828,Masculino,0,Si,Si,12,Si,No,No,No internet service,No internet service,No internet service,No internet service,No internet service,No internet service,Two year,No,Transferencia Bancaria,21.05,262.05,No
WS-5567,Masculino,1,Si,No,3,Si,Si,Fiber optic,No,No,No,No,Si,Si,Month-to-month,Si,Cheque,94.6,279.55,Si
TN-1472,Masculino,0,No,Si,36,Si,No,Fiber optic,No,Si,No,No,Si,Si,Month-to-month,Si,Cheque,94.7,3512.5,No
RJ-8063,Masculino,0,No,No,16,Si,No,Fiber optic,Si,No,No,No,Si,Si,Month-to-month,Si,Cheque,94.25,1483.25,Si
ZV-0687,Masculino,0,Si,Si,65,Si,Si,DSL,Si,Si,Si,No,No,Si,One year,No,Tarjeta de Credito,72.45,4653.85,Si
GK-2080,Masculino,0,No,No,2,Si,No,Fiber optic,No,Si,No,No,No,No,Month-to-month,No,Cheque,74.95,151.75,No
AC-9661,Femenino,0,No,No,42,Si,Si,Fiber optic,Si,No,Si,No,Si,Si,Month-to-month,Si,Cheque,105.2,4400.75,Si
SF-2193,Masculino,0,Si,Si,72,Si,No,Fiber optic,Si,Si,Si,Si,Si,Si,Two year,No,Transferencia Bancaria,111.95,8033.1,No
JA-5656,Masculino,0,No,No,62,Si,No,No,No internet service,No internet service,No internet service,No internet service,No internet service,No internet service,Two year,No,Transferencia Bancaria,19.85,1253.65,No
BJ-3462,Femenino,0,No,No,6,Si,Si,Fiber optic,No,Si,No,No,Si,No,Month-to-month,Si,Cheque,89.75,552.65,No
TD-0442,Masculino,0,Si,No,48,Si,No,No,No internet service,No internet service,No internet service,No internet service,No internet service,No internet service,Two year,Si,Deposito bancario,20.05,1036,No
LR-6733,Masculino,0,No,No,35,Si,Si,Fiber optic,Si,No,Si,Si,Si,Si,Two year,Si,Cheque,108.95,4025.5,No
XJ-9503,Masculino,0,No,Si,52,Si,No,No,No internet service,No internet service,No internet service,No internet service,No internet service,No internet service,One year,No,Tarjeta de Credito,19.65,928.4,No
NH-4367,Femenino,0,No,No,1,No,No Servicio Telef nico,DSL,No,No,No,No,No,No,Month-to-month,Si,Deposito bancario,24.9,24.9,No
RJ-3727,Masculino,0,Si,No,6,Si,Si,Fiber optic,No,No,No,No,Si,No,Month-to-month,Si,Cheque,82.85,460.25,Si
OS-3779,Femenino,0,Si,No,71,Si,Si,DSL,Si,Si,Si,Si,Si,Si,Two year,No,Tarjeta de Credito,93.2,6506.15,No
DH-6736,Femenino,0,Si,Si,67,Si,No,Fiber optic,Si,Si,Si,No,No,No,One year,No,Transferencia Bancaria,84.8,5598.3,No
OD-3915,Masculino,1,No,No,60,Si,Si,DSL,Si,Si,No,No,No,Si,One year,Si,Cheque,71.75,4374.55,No
RC-1360,Masculino,0,Si,Si,23,No,No Servicio Telef nico,DSL,No,No,No,Si,No,No,Month-to-month,Si,Transferencia Bancaria,30.35,678.75,No
FJ-2724,Masculino,0,No,Si,39,No,No Servicio Telef nico,DSL,No,No,Si,Si,Si,Si,One year,No,Transferencia Bancaria,54.85,2191.7,No
RW-4451,Masculino,0,Si,Si,15,Si,No,No,No internet service,No internet service,No internet service,No internet service,No internet service,No internet service,One year,Si,Deposito bancario,19.5,239.75,No
VR-6646,Masculino,1,Si,No,53,Si,Si,Fiber optic,No,Si,Si,No,Si,Si,Month-to-month,Si,Cheque,103.85,5485.5,Si
TJ-3460,Masculino,0,Si,Si,24,Si,Si,No,No internet service,No internet service,No internet service,No internet service,No internet service,No internet service,Two year,No,Deposito bancario,24.2,609.05,No
HB-5917,Femenino,0,Si,Si,37,Si,No,No,No internet service,No internet service,No internet service,No internet service,No internet service,No internet service,Month-to-month,No,Cheque,19.35,683.75,No
II-5685,Femenino,0,Si,Si,5,Si,No,Fiber optic,No,Si,No,No,No,Si,Month-to-month,Si,Cheque,83.6,404.2,Si
UU-5671,Femenino,1,Si,No,50,Si,Si,Fiber optic,No,No,No,Si,Si,Si,One year,Si,Cheque,100.65,5189.75,No
AC-0956,Femenino,0,No,No,54,Si,No,Fiber optic,No,No,Si,No,Si,Si,One year,Si,Tarjeta de Credito,94.1,5060.9,No
NB-2325,Femenino,0,No,No,3,Si,No,Fiber optic,Si,No,No,No,No,No,Month-to-month,Si,Cheque,74.55,233.65,No
ZB-4250,Masculino,0,No,No,68,Si,Si,Fiber optic,No,Si,Si,Si,Si,Si,One year,No,Cheque,108.45,7176.55,Si
FT-4482,Masculino,0,No,No,5,Si,No,DSL,No,No,Si,Si,No,No,Month-to-month,No,Cheque,56.15,291.45,No
DZ-8859,Masculino,0,No,No,33,Si,No,No,No internet service,No internet service,No internet service,No internet service,No internet service,No internet service,Two year,No,Deposito bancario,20.35,689.75,No
MO-0440,Femenino,0,No,No,41,Si,Si,DSL,No,Si,Si,No,Si,Si,One year,Si,Cheque,80.55,3263.9,No
JD-0020,Femenino,0,Si,Si,34,No,No Servicio Telef nico,DSL,Si,No,Si,Si,Si,Si,One year,No,Deposito bancario,61.25,1993.2,No
CQ-3752,Femenino,0,Si,Si,13,Si,No,No,No internet service,No internet service,No internet service,No internet service,No internet service,No internet service,Month-to-month,Si,Deposito bancario,20.45,254.5,No
GO-5025,Femenino,0,No,No,20,Si,No,No,No internet service,No internet service,No internet service,No internet service,No internet service,No internet service,Month-to-month,Si,Tarjeta de Credito,18.9,347.65,No
KV-4698,Femenino,1,No,No,51,Si,No,No,No internet service,No internet service,No internet service,No internet service,No internet service,No internet service,Two year,No,Tarjeta de Credito,19.6,967.9,No
AE-5095,Femenino,0,Si,No,3,Si,Si,Fiber optic,No,Si,No,No,No,Si,Month-to-month,Si,Tarjeta de Credito,91.5,242.95,Si
JP-2887,Femenino,0,No,Si,41,Si,No,DSL,No,No,No,No,No,No,Month-to-month,No,Transferencia Bancaria,45.2,1841.9,No
QA-4770,Femenino,0,No,No,13,Si,No,No,No internet service,No internet service,No internet service,No internet service,No internet service,No internet service,Month-to-month,No,Tarjeta de Credito,19.45,232.1,No
CP-4896,Masculino,0,Si,Si,35,Si,Si,No,No internet service,No internet service,No internet service,No internet service,No internet service,No internet service,Two year,No,Transferencia Bancaria,25.45,809.25,No
MO-1871,Masculino,0,Si,No,12,Si,No,Fiber optic,Si,No,No,Si,No,No,Month-to-month,No,Transferencia Bancaria,80.85,866.45,Si
ED-9714,Masculino,0,No,No,4,Si,No,Fiber optic,Si,Si,No,Si,No,Si,Month-to-month,Si,Deposito bancario,94.9,360.55,No
OA-2027,Femenino,0,No,No,43,No,No Servicio Telef nico,DSL,No,No,Si,No,Si,Si,Month-to-month,Si,Transferencia Bancaria,49.05,2076.2,Si
NV-0282,Femenino,1,Si,Si,12,No,No Servicio Telef nico,DSL,No,No,No,Si,No,No,Month-to-month,Si,Deposito bancario,29.3,355.9,No
SG-9090,Masculino,1,Si,No,68,Si,Si,Fiber optic,No,Si,Si,No,Si,Si,Month-to-month,Si,Cheque,105.3,7299.65,Si
YG-6595,Masculino,1,No,No,25,Si,Si,Fiber optic,No,Si,No,No,Si,No,Month-to-month,Si,Cheque,88.95,2291.2,Si
YO-7353,Femenino,0,No,No,7,Si,No,No,No internet service,No internet service,No internet service,No internet service,No internet service,No internet service,One year,No,Deposito bancario,20.25,129.15,No
ZI-9835,Masculino,1,Si,No,66,Si,Si,Fiber optic,No,Si,Si,Si,Si,Si,One year,Si,Cheque,110.85,7491.75,Si
ES-8008,Femenino,0,Si,No,53,Si,No,Fiber optic,Si,Si,Si,Si,Si,Si,One year,No,Cheque,110.5,5835.5,No
CB-7537,Masculino,1,No,No,63,Si,Si,Fiber optic,Si,Si,Si,No,Si,Si,Month-to-month,Si,Transferencia Bancaria,109.4,7031.45,No
DJ-1555,Femenino,0,Si,Si,70,Si,Si,Fiber optic,Si,Si,Si,Si,Si,Si,Two year,Si,Transferencia Bancaria,114.2,7723.9,Si
TJ-5649,Masculino,1,Si,No,27,No,No Servicio Telef nico,DSL,No,No,No,No,No,Si,Month-to-month,No,Transferencia Bancaria,36.5,1032,Si
XU-0519,Femenino,0,No,No,1,Si,No,Fiber optic,No,No,No,No,No,No,Month-to-month,No,Deposito bancario,70.75,70.75,Si
EW-3363,Femenino,0,No,No,5,Si,No,No,No internet service,No internet service,No internet service,No internet service,No internet service,No internet service,Month-to-month,No,Deposito bancario,19.95,109.6,No
UK-4750,Femenino,1,Si,No,37,Si,No,No,No internet service,No internet service,No internet service,No internet service,No internet service,No internet service,One year,No,Deposito bancario,19.6,727.8,No
AV-6338,Masculino,0,No,No,3,No,No Servicio Telef nico,DSL,No,No,Si,No,Si,No,Month-to-month,Si,Deposito bancario,40.15,130.75,Si
YQ-1689,Femenino,0,No,Si,12,Si,Si,Fiber optic,No,No,No,No,No,No,Month-to-month,Si,Cheque,76.6,893,No
ZY-4487,Femenino,0,Si,Si,38,Si,No,No,No internet service,No internet service,No internet service,No internet service,No internet service,No internet service,One year,No,Tarjeta de Credito,19.6,763.1,No
FE-2959,Femenino,0,No,No,9,Si,No,Fiber optic,No,No,Si,No,No,Si,Month-to-month,Si,Tarjeta de Credito,85.3,781.4,No
LG-0708,Masculino,0,Si,No,13,Si,Si,DSL,Si,No,No,No,No,Si,Month-to-month,Si,Cheque,65.85,902.25,No
QX-9253,Masculino,1,Si,No,29,Si,Si,Fiber optic,No,No,No,No,Si,Si,Month-to-month,Si,Cheque,94.45,2653.65,Si
HL-7634,Femenino,0,Si,Si,47,Si,No,No,No internet service,No internet service,No internet service,No internet service,No internet service,No internet service,Two year,No,Tarjeta de Credito,20.05,1016.7,No
RP-0487,Masculino,0,Si,No,61,Si,Si,Fiber optic,Si,No,Si,Si,Si,No,Month-to-month,No,Transferencia Bancaria,99.4,5943.65,No
UL-4079,Masculino,0,No,No,16,Si,No,No,No internet service,No internet service,No internet service,No internet service,No internet service,No internet service,Month-to-month,No,Deposito bancario,20,275.7,No
XS-2516,Femenino,0,Si,Si,41,Si,No,DSL,Si,Si,No,Si,Si,Si,Two year,No,Cheque,78.45,3126.45,No
QB-0057,Femenino,0,No,Si,43,Si,Si,No,No internet service,No internet service,No internet service,No internet service,No internet service,No internet service,Two year,Si,Cheque,25.1,1070.15,No
SZ-9445,Femenino,0,Si,Si,36,Si,Si,Fiber optic,No,Si,Si,No,Si,No,Month-to-month,Si,Transferencia Bancaria,97.35,3457.9,Si
SF-6599,Femenino,0,No,No,6,Si,No,DSL,No,No,No,No,No,Si,Month-to-month,Si,Cheque,55,340.4,No
ZX-8331,Femenino,0,No,No,58,Si,Si,DSL,Si,Si,Si,Si,No,No,One year,Si,Tarjeta de Credito,71.1,4299.2,No
FU-4003,Masculino,0,No,No,19,Si,No,DSL,No,No,No,Si,Si,No,Month-to-month,Si,Tarjeta de Credito,61.55,1093.2,No
ER-0356,Masculino,0,Si,No,11,Si,No,DSL,No,No,No,No,No,No,Month-to-month,Si,Transferencia Bancaria,45.9,521.9,No
EN-7325,Femenino,0,No,No,39,No,No Servicio Telef nico,DSL,Si,Si,No,Si,No,No,One year,Si,Transferencia Bancaria,40.3,1630.4,No
ZT-4884,Femenino,1,No,No,8,Si,No,Fiber optic,No,Si,No,No,Si,No,Month-to-month,Si,Cheque,87.1,713.6,No
HI-3920,Femenino,0,No,Si,26,Si,Si,DSL,No,No,No,No,No,No,Month-to-month,Si,Deposito bancario,49.5,1265.65,No
OY-3055,Femenino,1,No,No,53,Si,No,Fiber optic,No,Si,No,No,No,No,Month-to-month,Si,Tarjeta de Credito,73.8,4003.85,No
WU-0613,Femenino,0,Si,Si,70,Si,No,No,No internet service,No internet service,No internet service,No internet service,No internet service,No internet service,Two year,Si,Deposito bancario,19.2,1401.4,No
PO-7568,Masculino,0,No,No,1,No,No Servicio Telef nico,DSL,No,No,No,No,Si,Si,Month-to-month,Si,Deposito bancario,45.3,45.3,Si
KV-4458,Masculino,0,No,No,59,Si,Si,No,No internet service,No internet service,No internet service,No internet service,No internet service,No internet service,Two year,No,Deposito bancario,25,1510.5,No
IE-5349,Masculino,0,No,No,2,Si,No,Fiber optic,No,No,Si,No,Si,Si,Month-to-month,No,Cheque,94.95,178.1,Si
XK-1397,Masculino,0,No,No,7,No,No Servicio Telef nico,DSL,Si,No,Si,No,No,No,One year,No,Deposito bancario,35.3,264.8,No
GF-3945,Femenino,0,No,Si,12,Si,No,DSL,No,No,No,No,No,No,Month-to-month,Si,Cheque,44.55,480.6,Si
OM-8097,Masculino,0,Si,Si,59,Si,No,DSL,No,Si,Si,Si,Si,Si,One year,No,Tarjeta de Credito,76.75,4541.9,No
BH-6013,Masculino,0,Si,Si,61,Si,Si,DSL,No,No,Si,Si,Si,Si,Two year,Si,Transferencia Bancaria,81,4976.15,No
WD-0401,Masculino,0,Si,Si,72,Si,Si,Fiber optic,Si,No,Si,No,Si,Si,Two year,Si,Transferencia Bancaria,105.55,7542.25,No
PL-3387,Femenino,0,Si,Si,13,Si,No,No,No internet service,No internet service,No internet service,No internet service,No internet service,No internet service,Month-to-month,No,Deposito bancario,18.8,251.25,No
EG-6096,Femenino,0,Si,Si,64,Si,Si,No,No internet service,No internet service,No internet service,No internet service,No internet service,No internet service,One year,No,Deposito bancario,24.9,1595.5,No
VT-3797,Masculino,0,Si,No,1,No,No Servicio Telef nico,DSL,No,No,No,No,No,No,Month-to-month,Si,Cheque,23.45,23.45,Si
NW-5081,Femenino,0,No,No,10,Si,No,DSL,No,Si,No,Si,No,Si,One year,No,Deposito bancario,64.9,685.55,No
AT-2580,Femenino,0,Si,Si,65,Si,No,DSL,Si,Si,Si,No,No,No,One year,No,Transferencia Bancaria,61.35,3874.1,No
MS-8085,Femenino,0,Si,No,62,Si,Si,Fiber optic,Si,Si,Si,Si,Si,Si,Two year,No,Deposito bancario,113.95,6891.4,No
HK-9691,Femenino,0,Si,No,55,Si,Si,DSL,Si,Si,Si,Si,Si,Si,One year,Si,Cheque,90.15,4916.95,No
VC-9881,Femenino,0,Si,No,25,Si,Si,DSL,No,Si,No,No,No,No,Month-to-month,No,Cheque,54.1,1373,No
BI-9526,Masculino,0,No,No,1,No,No Servicio Telef nico,DSL,Si,No,No,No,No,No,Month-to-month,No,Deposito bancario,29.7,29.7,Si
TF-8757,Masculino,0,No,No,1,Si,No,DSL,Si,No,No,No,No,No,Month-to-month,Si,Tarjeta de Credito,49.8,49.8,No
WX-4523,Femenino,0,Si,No,59,Si,Si,Fiber optic,No,Si,No,No,Si,Si,Month-to-month,No,Cheque,101.1,6039.9,Si
DE-1468,Masculino,1,Si,Si,64,Si,Si,No,No internet service,No internet service,No internet service,No internet service,No internet service,No internet service,Two year,Si,Transferencia Bancaria,24.4,1548.65,No
KE-5119,Masculino,0,Si,No,36,Si,Si,Fiber optic,No,No,No,No,Si,Si,Month-to-month,Si,Transferencia Bancaria,95,3440.25,No
TR-8364,Femenino,0,No,No,3,Si,Si,DSL,No,No,No,No,No,No,Month-to-month,Si,Deposito bancario,50.65,151.3,Si
KN-0916,Masculino,0,Si,No,61,Si,Si,DSL,Si,No,Si,No,No,Si,Two year,Si,Deposito bancario,69.9,4226.7,No
QB-8319,Masculino,0,No,Si,26,No,No Servicio Telef nico,DSL,No,Si,No,No,Si,No,One year,Si,Transferencia Bancaria,39.95,1023.75,No
QF-3063,Femenino,0,No,No,1,Si,No,DSL,No,No,No,No,No,Si,Month-to-month,Si,Cheque,55.4,55.4,Si
LH-8775,Femenino,1,Si,No,1,Si,Si,Fiber optic,No,Si,No,No,Si,No,Month-to-month,Si,Cheque,90.6,90.6,Si
QN-9625,Masculino,0,Si,Si,68,Si,No,Fiber optic,Si,Si,Si,No,Si,Si,Two year,Si,Tarjeta de Credito,103.25,7074.4,No
NQ-3097,Masculino,1,Si,No,2,Si,Si,Fiber optic,No,No,No,No,Si,No,Month-to-month,Si,Deposito bancario,86.85,156.35,Si
CS-4024,Femenino,0,Si,No,72,Si,Si,Fiber optic,Si,Si,Si,Si,No,No,Two year,Si,Transferencia Bancaria,94.25,6849.75,No
BD-7110,Femenino,0,Si,No,71,No,No Servicio Telef nico,DSL,No,No,Si,Si,No,Si,Two year,Si,Cheque,47.05,3263.6,No
GV-7493,Masculino,0,No,No,57,Si,No,No,No internet service,No internet service,No internet service,No internet service,No internet service,No internet service,Two year,No,Tarjeta de Credito,20.55,1252.85,No
SR-0690,Masculino,0,No,No,4,Si,No,No,No internet service,No internet service,No internet service,No internet service,No internet service,No internet service,Month-to-month,Si,Deposito bancario,19.65,67.55,No
WG-9605,Femenino,1,No,No,1,Si,No,Fiber optic,No,No,No,No,No,No,Month-to-month,Si,Cheque,70.2,70.2,No
DP-9114,Masculino,0,Si,Si,72,Si,Si,DSL,Si,Si,Si,Si,No,Si,Two year,No,Tarjeta de Credito,81,5750,No
UB-4700,Masculino,0,Si,Si,21,Si,Si,DSL,Si,No,No,No,Si,Si,One year,Si,Transferencia Bancaria,75.9,1549.75,No
GQ-7711,Femenino,0,Si,Si,71,Si,Si,No,No internet service,No internet service,No internet service,No internet service,No internet service,No internet service,Two year,No,Transferencia Bancaria,24.7,1810.55,No
UN-3565,Femenino,1,Si,No,29,Si,Si,Fiber optic,No,No,Si,No,Si,Si,Month-to-month,Si,Transferencia Bancaria,99.05,2952.85,Si
MI-4627,Femenino,1,No,No,69,Si,Si,Fiber optic,Si,No,Si,Si,Si,Si,Two year,No,Tarjeta de Credito,110.25,7467.55,No
NR-9795,Femenino,0,Si,No,64,Si,Si,DSL,Si,No,Si,Si,Si,Si,Two year,Si,Tarjeta de Credito,85,5484.4,No
CG-8573,Masculino,0,No,No,16,Si,No,No,No internet service,No internet service,No internet service,No internet service,No internet service,No internet service,Month-to-month,No,Tarjeta de Credito,19.75,294.9,No
AY-7356,Femenino,0,No,No,4,Si,Si,No,No internet service,No internet service,No internet service,No internet service,No internet service,No internet service,One year,No,Cheque,23.9,97.5,No
FX-9249,Femenino,0,No,No,52,Si,Si,Fiber optic,Si,Si,No,Si,Si,Si,One year,Si,Tarjeta de Credito,111.25,5916.45,Si
SD-5493,Masculino,0,No,No,2,Si,No,DSL,Si,No,Si,No,No,No,Month-to-month,Si,Deposito bancario,55.1,113.35,Si
SU-6286,Masculino,0,No,No,1,Si,No,No,No internet service,No internet service,No internet service,No internet service,No internet service,No internet service,Month-to-month,No,Deposito bancario,19.95,19.95,No
HJ-4819,Masculino,0,No,No,18,No,No Servicio Telef nico,DSL,No,No,No,No,No,No,Month-to-month,No,Deposito bancario,25.15,476.8,No
DH-8654,Femenino,0,No,No,2,Si,Si,DSL,No,Si,No,No,No,No,Month-to-month,No,Deposito bancario,54.15,101.65,No
QM-5438,Femenino,0,Si,No,19,Si,No,DSL,No,Si,No,No,No,Si,Month-to-month,Si,Deposito bancario,59.8,1130.85,No
GH-9812,Femenino,0,No,No,40,Si,Si,Fiber optic,No,No,No,No,No,Si,Month-to-month,No,Transferencia Bancaria,83.85,3532.25,No
AO-5553,Femenino,1,Si,Si,66,Si,Si,Fiber optic,No,Si,Si,No,Si,Si,One year,Si,Cheque,104.9,6891.45,No
ZL-1228,Masculino,0,No,No,21,Si,Si,Fiber optic,No,No,No,No,No,No,Month-to-month,No,Deposito bancario,75.3,1570.7,No
KK-4226,Masculino,0,No,No,8,Si,No,DSL,No,Si,No,Si,Si,No,Month-to-month,Si,Cheque,66.65,520.95,No
YC-3831,Femenino,0,Si,Si,72,Si,No,Fiber optic,Si,Si,Si,Si,Si,Si,Two year,Si,Tarjeta de Credito,109.5,7854.9,No
WM-7445,Femenino,0,No,No,48,Si,Si,DSL,No,Si,Si,Si,Si,No,One year,Si,Transferencia Bancaria,73.85,3581.4,No
DG-3308,Masculino,0,No,No,69,Si,No,No,No internet service,No internet service,No internet service,No internet service,No internet service,No internet service,Two year,Si,Transferencia Bancaria,19.3,1447.9,No
JP-9924,Masculino,0,No,No,72,Si,Si,Fiber optic,Si,Si,Si,Si,Si,Si,Two year,Si,Cheque,118.2,8547.15,No
EM-0080,Femenino,0,No,No,14,Si,No,DSL,No,Si,No,No,No,No,One year,No,Tarjeta de Credito,51.45,727.85,No
KN-6218,Masculino,0,No,No,6,Si,No,DSL,No,Si,No,No,Si,No,Month-to-month,No,Cheque,59.45,357.6,No
CI-7337,Femenino,0,Si,Si,8,Si,No,No,No internet service,No internet service,No internet service,No internet service,No internet service,No internet service,Two year,No,Transferencia Bancaria,19.5,159.35,No
NR-7609,Femenino,0,No,No,17,Si,No,No,No internet service,No internet service,No internet service,No internet service,No internet service,No internet service,One year,No,Deposito bancario,19.55,280.85,No
EJ-0623,Masculino,0,No,No,65,Si,Si,Fiber optic,Si,No,No,Si,No,Si,One year,No,Cheque,93.55,6069.25,No
CH-7153,Femenino,0,Si,Si,57,Si,No,DSL,Si,No,Si,Si,No,No,One year,Si,Deposito bancario,59.3,3274.35,No
UR-0871,Masculino,0,Si,No,13,Si,Si,Fiber optic,No,No,Si,No,Si,Si,Month-to-month,Si,Tarjeta de Credito,102.25,1359,Si
MF-9190,Masculino,1,No,No,19,Si,No,Fiber optic,No,No,Si,No,Si,Si,Month-to-month,Si,Tarjeta de Credito,95.9,1777.9,Si
PN-6198,Femenino,0,Si,No,56,Si,Si,Fiber optic,Si,Si,Si,No,Si,Si,One year,No,Transferencia Bancaria,109.8,6109.65,No
VL-3317,Femenino,0,Si,No,14,Si,No,Fiber optic,No,No,No,No,No,Si,Month-to-month,Si,Cheque,78.1,1122.4,No
PO-4132,Masculino,0,Si,No,52,No,No Servicio Telef nico,DSL,Si,No,No,No,No,Si,Month-to-month,Si,Cheque,39.9,2020.9,No
DN-5614,Femenino,0,No,No,58,Si,No,DSL,Si,Si,Si,Si,No,No,Two year,Si,Tarjeta de Credito,64.9,3795.45,No
JU-1095,Femenino,1,No,No,47,Si,Si,Fiber optic,No,Si,No,Si,Si,No,Month-to-month,Si,Cheque,95.05,4504.55,Si
RC-3896,Femenino,0,No,No,67,No,No Servicio Telef nico,DSL,No,No,Si,Si,Si,Si,Month-to-month,Si,Tarjeta de Credito,53.4,3579.15,No
JI-9638,Masculino,0,No,No,2,No,No Servicio Telef nico,DSL,No,No,No,No,No,No,Month-to-month,Si,Tarjeta de Credito,24.9,49.7,No
SA-3258,Masculino,1,No,No,6,Si,No,DSL,No,No,No,No,No,No,Month-to-month,No,Tarjeta de Credito,44.7,276.5,No
TB-3726,Masculino,0,Si,Si,71,Si,Si,Fiber optic,Si,Si,Si,Si,Si,Si,Two year,Si,Transferencia Bancaria,114,8175.9,No
IT-3190,Femenino,0,Si,Si,46,Si,No,No,No internet service,No internet service,No internet service,No internet service,No internet service,No internet service,Two year,No,Transferencia Bancaria,20.25,890.35,No
VE-0870,Femenino,0,No,No,5,Si,No,DSL,Si,No,No,Si,No,No,Month-to-month,No,Tarjeta de Credito,53.85,259.8,Si
QT-4833,Masculino,1,Si,No,67,Si,Si,Fiber optic,Si,Si,No,No,No,No,Month-to-month,No,Transferencia Bancaria,83.85,5588.8,No
MJ-3039,Masculino,0,No,Si,3,Si,No,No,No internet service,No internet service,No internet service,No internet service,No internet service,No internet service,Month-to-month,No,Transferencia Bancaria,20.2,50.6,No
CI-0178,Femenino,0,No,No,3,Si,No,No,No internet service,No internet service,No internet service,No internet service,No internet service,No internet service,Month-to-month,No,Deposito bancario,19.95,58,No
SU-5385,Masculino,1,Si,No,52,Si,Si,Fiber optic,Si,No,Si,No,Si,Si,Month-to-month,Si,Cheque,104.2,5568.35,Si
XW-3982,Femenino,0,Si,No,42,Si,Si,DSL,No,No,No,No,No,No,Month-to-month,Si,Cheque,50.25,2203.65,Si
QP-5774,Masculino,0,Si,Si,50,Si,No,No,No internet service,No internet service,No internet service,No internet service,No internet service,No internet service,One year,Si,Deposito bancario,20.35,938.95,No
VC-2322,Masculino,1,Si,No,23,Si,No,Fiber optic,Si,Si,No,No,No,Si,Month-to-month,Si,Cheque,90,2024.1,No
IP-5010,Femenino,0,Si,Si,67,No,No Servicio Telef nico,DSL,Si,Si,Si,Si,Si,No,Two year,No,Tarjeta de Credito,54.2,3623.95,No
AL-4009,Femenino,0,No,No,25,Si,No,Fiber optic,No,Si,Si,No,Si,Si,Month-to-month,Si,Cheque,99.5,2369.05,Si
ZT-6383,Femenino,1,Si,No,39,Si,No,Fiber optic,Si,Si,No,No,Si,Si,One year,No,Deposito bancario,99.1,3877.95,No
YO-8990,Femenino,0,No,No,69,Si,Si,DSL,Si,Si,No,Si,No,No,Two year,Si,Deposito bancario,66.9,4577.9,No
SS-3069,Femenino,0,No,No,1,No,No Servicio Telef nico,DSL,No,No,No,No,No,No,One year,No,Deposito bancario,25.85,25.85,No
IM-5222,Masculino,0,No,No,32,Si,No,Fiber optic,No,No,No,No,Si,Si,Month-to-month,No,Cheque,91.05,2871.5,No
FC-3627,Femenino,0,No,No,9,Si,No,Fiber optic,No,No,No,No,No,No,Month-to-month,No,Cheque,71,672.55,Si
GS-7562,Femenino,0,No,No,16,Si,No,Fiber optic,No,Si,Si,No,No,Si,Month-to-month,Si,Tarjeta de Credito,93.2,1573.7,Si
XS-6685,Masculino,0,Si,Si,60,Si,No,No,No internet service,No internet service,No internet service,No internet service,No internet service,No internet service,Two year,Si,Transferencia Bancaria,20.95,1270.55,No
UP-8901,Femenino,0,Si,Si,72,Si,Si,Fiber optic,No,Si,Si,Si,Si,Si,Two year,Si,Transferencia Bancaria,109.2,7711.45,No
UY-4903,Masculino,0,Si,No,5,Si,No,No,No internet service,No internet service,No internet service,No internet service,No internet service,No internet service,Month-to-month,No,Deposito bancario,19.35,126.05,Si
JP-0118,Femenino,1,No,No,26,Si,No,Fiber optic,Si,No,No,No,Si,No,Month-to-month,Si,Tarjeta de Credito,85.8,2193.65,No
TL-6776,Masculino,0,No,No,3,Si,No,No,No internet service,No internet service,No internet service,No internet service,No internet service,No internet service,Month-to-month,No,Deposito bancario,19.85,64.55,Si
FX-3845,Masculino,0,No,No,2,Si,No,No,No internet service,No internet service,No internet service,No internet service,No internet service,No internet service,Month-to-month,Si,Cheque,19.65,31.2,No
XR-5857,Femenino,0,No,Si,2,Si,No,No,No internet service,No internet service,No internet service,No internet service,No internet service,No internet service,One year,No,Transferencia Bancaria,20.5,38.25,No
CX-0725,Femenino,0,No,No,36,Si,Si,DSL,Si,No,Si,Si,Si,Si,One year,Si,Tarjeta de Credito,89.65,3348.1,No
EJ-4343,Masculino,0,No,No,7,Si,No,Fiber optic,Si,No,No,No,No,No,Month-to-month,No,Deposito bancario,74.35,533.6,No
PL-9000,Femenino,1,Si,No,60,No,No Servicio Telef nico,DSL,No,Si,No,No,Si,Si,Two year,Si,Tarjeta de Credito,49.45,2907.55,No
GG-3427,Femenino,0,Si,No,19,Si,Si,Fiber optic,No,Si,No,No,No,Si,Month-to-month,Si,Cheque,89.1,1620.8,No
OR-7779,Masculino,1,Si,No,45,Si,Si,DSL,Si,No,Si,Si,No,Si,Two year,No,Tarjeta de Credito,75.15,3480.35,No
OQ-0644,Masculino,1,No,No,4,Si,No,Fiber optic,No,No,No,No,No,No,Month-to-month,Si,Cheque,70.65,293.85,No
CR-4077,Femenino,0,Si,Si,31,Si,Si,Fiber optic,No,No,Si,Si,Si,Si,Month-to-month,Si,Cheque,104.2,3243.45,Si
CF-3154,Masculino,0,Si,Si,47,Si,No,Fiber optic,Si,No,Si,No,No,Si,Month-to-month,No,Cheque,90.05,4137.2,No
MZ-2868,Masculino,0,No,No,1,Si,No,Fiber optic,No,No,No,No,No,Si,Month-to-month,Si,Cheque,79.25,79.25,Si
QN-4847,Femenino,0,No,No,1,Si,No,DSL,No,No,No,No,No,No,Month-to-month,Si,Transferencia Bancaria,44.9,44.9,Si
IA-2220,Femenino,0,No,No,1,Si,No,No,No internet service,No internet service,No internet service,No internet service,No internet service,No internet service,Month-to-month,No,Tarjeta de Credito,19.4,19.4,No
XU-1658,Femenino,1,Si,Si,59,Si,Si,Fiber optic,No,No,Si,No,No,Si,Month-to-month,Si,Tarjeta de Credito,88.75,5348.65,No
RX-6379,Masculino,0,Si,No,10,Si,No,Fiber optic,No,No,No,No,No,No,Month-to-month,Si,Cheque,70.1,659.65,Si
HT-2378,Masculino,1,No,No,35,Si,Si,Fiber optic,Si,No,No,No,No,Si,Month-to-month,No,Tarjeta de Credito,91,3180.5,No
RH-8650,Masculino,0,No,No,4,No,No Servicio Telef nico,DSL,No,No,Si,No,No,No,Month-to-month,Si,Cheque,29.65,118.5,Si
VD-4377,Masculino,0,Si,Si,32,Si,No,Fiber optic,Si,Si,No,No,No,Si,One year,Si,Cheque,90.8,3023.85,No
RI-0475,Masculino,0,No,No,43,Si,Si,Fiber optic,No,Si,No,No,No,No,Month-to-month,Si,Cheque,77.85,3365.85,Si
TT-1260,Masculino,0,No,No,4,Si,No,DSL,No,No,No,No,No,Si,Month-to-month,No,Cheque,54.3,195.3,Si
TD-3719,Femenino,1,Si,No,54,Si,No,No,No internet service,No internet service,No internet service,No internet service,No internet service,No internet service,Two year,Si,Deposito bancario,18.95,1031.1,No
ZP-6328,Femenino,1,No,No,11,Si,Si,Fiber optic,No,No,No,No,Si,Si,Month-to-month,Si,Transferencia Bancaria,95.15,997.65,Si
MI-0201,Femenino,1,No,No,66,Si,Si,Fiber optic,Si,No,No,No,Si,Si,Two year,Si,Transferencia Bancaria,102.4,6471.85,No
QP-4937,Masculino,0,Si,Si,61,Si,Si,Fiber optic,No,No,Si,No,Si,Si,One year,Si,Cheque,99.9,6241.35,No
VD-2925,Masculino,0,Si,Si,72,Si,Si,DSL,Si,Si,Si,Si,Si,Si,Two year,No,Tarjeta de Credito,88.7,6501.35,No
TD-6981,Masculino,0,Si,Si,44,No,No Servicio Telef nico,DSL,No,No,Si,Si,Si,Si,One year,Si,Cheque,54.3,2317.1,No
CS-3413,Masculino,0,No,No,41,Si,Si,DSL,No,No,Si,No,No,No,Month-to-month,Si,Transferencia Bancaria,55.7,2237.55,No
VC-8033,Masculino,0,Si,No,50,Si,Si,Fiber optic,Si,No,Si,No,Si,Si,One year,Si,Cheque,103.95,5231.3,No
KW-4789,Masculino,0,Si,No,47,Si,Si,Fiber optic,Si,No,Si,Si,Si,Si,One year,Si,Tarjeta de Credito,110.85,5275.8,Si
NI-0224,Masculino,0,Si,Si,8,Si,No,No,No internet service,No internet service,No internet service,No internet service,No internet service,No internet service,Two year,No,Deposito bancario,20.15,165.5,No
CY-7542,Masculino,0,No,No,18,Si,No,No,No internet service,No internet service,No internet service,No internet service,No internet service,No internet service,Month-to-month,No,Deposito bancario,20.05,358.5,No
WX-4718,Masculino,0,Si,Si,72,Si,Si,DSL,Si,Si,Si,Si,Si,Si,Two year,Si,Tarjeta de Credito,91.95,6614.9,No
UI-2867,Masculino,0,No,No,1,Si,No,Fiber optic,No,No,No,No,No,Si,Month-to-month,No,Cheque,80.5,80.5,Si
PR-8495,Femenino,1,No,No,42,Si,Si,DSL,No,No,Si,No,No,No,Month-to-month,No,Cheque,55.65,2421.75,No
IF-0439,Femenino,1,No,No,18,Si,No,Fiber optic,No,Si,No,No,No,No,Month-to-month,Si,Cheque,74.7,1294.6,No
LI-5716,Femenino,0,No,Si,13,Si,Si,Fiber optic,No,Si,Si,No,Si,Si,One year,Si,Tarjeta de Credito,104.15,1299.1,No
LL-2868,Femenino,0,Si,Si,68,Si,Si,Fiber optic,No,Si,No,Si,No,No,One year,Si,Transferencia Bancaria,83.65,5733.4,No
RK-8111,Masculino,0,No,No,4,Si,Si,Fiber optic,No,No,No,No,No,No,Month-to-month,Si,Transferencia Bancaria,72.2,305.55,Si
QR-2988,Masculino,0,No,No,69,Si,Si,Fiber optic,Si,Si,Si,No,Si,Si,Two year,Si,Tarjeta de Credito,110.05,7430.75,No
MQ-1585,Masculino,0,No,No,17,Si,No,DSL,No,No,No,Si,No,No,Month-to-month,No,Deposito bancario,51.5,900.5,Si
ND-0071,Masculino,0,Si,Si,25,Si,Si,No,No internet service,No internet service,No internet service,No internet service,No internet service,No internet service,Two year,No,Tarjeta de Credito,25.5,630.6,No
NN-2856,Masculino,1,No,No,43,Si,No,Fiber optic,No,No,No,No,Si,Si,Month-to-month,Si,Deposito bancario,89.55,3856.75,Si
ZJ-7328,Femenino,0,Si,Si,59,Si,No,No,No internet service,No internet service,No internet service,No internet service,No internet service,No internet service,Two year,No,Tarjeta de Credito,19.5,1222.65,No
CY-6458,Femenino,1,No,No,5,Si,No,Fiber optic,Si,Si,No,No,No,No,Month-to-month,No,Cheque,80.7,374.8,No
CI-8559,Masculino,0,Si,Si,21,Si,Si,DSL,Si,Si,No,Si,Si,No,One year,No,Deposito bancario,77.5,1625,Si
PY-1090,Femenino,0,Si,Si,69,Si,Si,Fiber optic,Si,Si,Si,Si,Si,No,One year,Si,Tarjeta de Credito,105.1,7234.8,No
WQ-3058,Masculino,0,No,No,13,No,No Servicio Telef nico,DSL,No,No,No,No,No,No,Month-to-month,Si,Transferencia Bancaria,25.15,331.85,No
EK-7547,Masculino,0,Si,No,42,Si,Si,Fiber optic,No,Si,Si,No,Si,No,Month-to-month,Si,Transferencia Bancaria,95.25,3959.35,Si
AX-2279,Masculino,0,Si,No,52,Si,Si,Fiber optic,No,Si,No,Si,No,Si,Month-to-month,Si,Tarjeta de Credito,95.65,5088.4,No
DY-6769,Masculino,1,No,No,46,Si,No,Fiber optic,Si,No,No,No,No,Si,Month-to-month,No,Cheque,85,3969.4,Si
SE-0909,Masculino,0,Si,No,61,Si,Si,DSL,Si,Si,Si,Si,No,Si,Two year,Si,Transferencia Bancaria,80.8,4860.85,No
TS-3417,Masculino,0,No,No,29,No,No Servicio Telef nico,DSL,No,No,No,No,No,No,One year,Si,Deposito bancario,24.85,788.05,No
HF-1042,Femenino,0,No,Si,25,Si,No,DSL,No,Si,No,Si,No,No,One year,Si,Tarjeta de Credito,54.75,1266.35,No
JM-4439,Femenino,0,Si,Si,5,Si,No,Fiber optic,No,No,No,Si,Si,No,Month-to-month,Si,Cheque,85.75,470.95,Si
OT-6537,Masculino,0,No,No,15,No,No Servicio Telef nico,DSL,No,No,Si,No,Si,Si,One year,No,Cheque,50.75,688.2,No
EX-8999,Femenino,0,Si,Si,19,Si,No,No,No internet service,No internet service,No internet service,No internet service,No internet service,No internet service,Two year,No,Deposito bancario,20.15,387.7,No
TP-6725,Masculino,0,No,No,44,Si,No,No,No internet service,No internet service,No internet service,No internet service,No internet service,No internet service,Two year,No,Deposito bancario,20.05,845.25,No
BE-2446,Femenino,1,No,No,6,Si,Si,Fiber optic,No,Si,No,No,Si,Si,Month-to-month,Si,Cheque,98.25,560.6,Si
WP-7162,Masculino,0,Si,Si,58,Si,Si,DSL,Si,Si,Si,Si,No,No,Two year,No,Tarjeta de Credito,71.6,4230.25,No
MM-1599,Masculino,0,Si,Si,62,Si,No,Fiber optic,Si,Si,No,No,No,No,One year,Si,Tarjeta de Credito,81.45,4983.05,No
KV-8821,Femenino,0,Si,Si,70,No,No Servicio Telef nico,DSL,No,Si,Si,Si,Si,Si,One year,Si,Transferencia Bancaria,58.4,4113.15,No
GG-1496,Femenino,1,No,No,1,No,No Servicio Telef nico,DSL,No,No,No,No,No,No,Month-to-month,Si,Deposito bancario,25.7,25.7,Si
TT-6434,Masculino,0,Si,Si,10,No,No Servicio Telef nico,DSL,Si,Si,Si,Si,No,Si,Two year,No,Tarjeta de Credito,53.7,521,No
JV-0042,Masculino,0,No,No,26,Si,No,No,No internet service,No internet service,No internet service,No internet service,No internet service,No internet service,One year,Si,Transferencia Bancaria,19.6,471.85,No
SX-0130,Masculino,0,No,No,66,Si,Si,Fiber optic,No,Si,No,No,No,Si,Month-to-month,No,Tarjeta de Credito,89.4,5976.9,No
GF-2575,Femenino,0,Si,Si,7,Si,No,Fiber optic,No,No,No,No,No,No,Month-to-month,Si,Cheque,69,506.9,Si
PQ-2330,Masculino,0,Si,Si,51,Si,Si,Fiber optic,No,Si,No,Si,No,No,One year,No,Transferencia Bancaria,84.2,4299.75,No
UZ-1452,Masculino,0,Si,Si,72,Si,Si,Fiber optic,Si,Si,Si,Si,Si,No,Two year,Si,Tarjeta de Credito,106.1,7548.6,No
YV-2097,Masculino,0,No,No,65,Si,Si,No,No internet service,No internet service,No internet service,No internet service,No internet service,No internet service,Two year,No,Deposito bancario,25.75,1654.75,No
JT-2842,Masculino,0,No,No,2,Si,No,DSL,No,No,No,No,No,No,Month-to-month,No,Transferencia Bancaria,46.05,80.35,Si
CT-8597,Masculino,0,No,Si,70,Si,Si,DSL,Si,Si,No,Si,No,No,One year,No,Transferencia Bancaria,64.95,4551.5,No
HM-6631,Masculino,0,Si,No,72,Si,Si,DSL,No,Si,Si,Si,Si,Si,Two year,Si,Tarjeta de Credito,85.45,6227.5,No
BF-9962,Femenino,0,Si,Si,1,Si,No,No,No internet service,No internet service,No internet service,No internet service,No internet service,No internet service,Month-to-month,No,Deposito bancario,20.05,20.05,No
SI-3296,Femenino,1,Si,No,1,Si,No,Fiber optic,No,Si,No,No,No,No,Month-to-month,Si,Deposito bancario,76.4,76.4,Si
OX-9681,Femenino,0,No,No,5,Si,Si,Fiber optic,No,No,Si,No,Si,Si,Month-to-month,Si,Cheque,100.5,514,Si
HH-6394,Masculino,0,No,No,3,Si,No,No,No internet service,No internet service,No internet service,No internet service,No internet service,No internet service,Month-to-month,No,Deposito bancario,20.7,57.5,No
LF-5995,Masculino,0,No,No,58,Si,Si,No,No internet service,No internet service,No internet service,No internet service,No internet service,No internet service,Two year,Si,Tarjeta de Credito,25.3,1474.35,No
UC-5180,Masculino,1,Si,Si,22,No,No Servicio Telef nico,DSL,Si,No,No,No,No,Si,Month-to-month,No,Deposito bancario,40.05,880.2,Si
UE-1932,Masculino,1,Si,No,33,Si,Si,Fiber optic,No,Si,No,No,Si,Si,Month-to-month,Si,Transferencia Bancaria,100.6,3270.25,No
OA-7153,Masculino,0,No,No,1,Si,No,Fiber optic,No,No,No,No,No,No,Month-to-month,No,Cheque,69.95,69.95,Si
HG-5188,Masculino,1,Si,No,54,Si,Si,Fiber optic,No,No,No,No,No,No,Month-to-month,No,Transferencia Bancaria,74,3919.15,No
XH-0665,Masculino,0,Si,No,72,Si,Si,Fiber optic,No,Si,No,No,Si,Si,Two year,Si,Cheque,99.4,7285.7,No
YY-6521,Masculino,0,No,Si,1,Si,Si,Fiber optic,No,No,No,No,Si,Si,Month-to-month,Si,Cheque,93.3,93.3,Si
HM-8878,Masculino,0,No,No,3,Si,No,DSL,No,No,Si,No,No,No,Month-to-month,Si,Cheque,49.15,169.05,Si
HK-8265,Femenino,0,Si,Si,72,Si,Si,Fiber optic,Si,Si,Si,Si,No,Si,Two year,No,Tarjeta de Credito,107.45,7658.3,No
FB-3544,Femenino,0,Si,Si,72,Si,Si,DSL,Si,Si,Si,No,Si,Si,Two year,Si,Tarjeta de Credito,83.6,5959.3,No
RG-5331,Masculino,1,Si,No,54,Si,Si,Fiber optic,No,No,Si,No,Si,Si,Month-to-month,Si,Tarjeta de Credito,99.05,5295.7,No
PX-4759,Femenino,0,Si,No,59,Si,Si,DSL,No,Si,No,Si,Si,Si,One year,Si,Cheque,80.1,4693.2,No
DM-7054,Masculino,0,No,No,54,Si,No,DSL,Si,Si,No,No,Si,No,Two year,Si,Transferencia Bancaria,65.3,3512.9,No
MM-3428,Masculino,0,No,No,60,Si,Si,Fiber optic,No,No,Si,No,Si,No,Two year,Si,Cheque,89.55,5231.2,No
BT-6549,Femenino,0,Si,No,60,No,No Servicio Telef nico,DSL,No,Si,Si,Si,Si,Si,Two year,No,Tarjeta de Credito,60.8,3603.45,No
JS-7823,Masculino,0,No,No,3,Si,Si,Fiber optic,No,No,No,No,No,No,Month-to-month,No,Cheque,74.5,217.45,No
RH-3705,Femenino,0,Si,No,69,Si,Si,Fiber optic,Si,No,No,No,Si,Si,Two year,No,Transferencia Bancaria,99.15,6875.35,No
YO-9374,Femenino,0,Si,Si,1,Si,No,No,No internet service,No internet service,No internet service,No internet service,No internet service,No internet service,Month-to-month,No,Cheque,19.25,19.25,No
KG-9074,Masculino,0,Si,Si,50,No,No Servicio Telef nico,DSL,Si,No,No,No,Si,No,Month-to-month,Si,Tarjeta de Credito,39.45,2021.35,No
DA-6128,Femenino,0,No,No,56,No,No Servicio Telef nico,DSL,No,No,No,No,Si,Si,Month-to-month,Si,Tarjeta de Credito,44.85,2564.95,No
QR-9933,Femenino,0,Si,No,60,Si,No,Fiber optic,Si,No,No,Si,Si,Si,Two year,Si,Cheque,97.2,5611.75,No
OS-4476,Masculino,1,Si,No,69,Si,Si,Fiber optic,Si,No,Si,Si,Si,Si,One year,Si,Deposito bancario,110.55,7610.1,No
KT-3751,Femenino,0,No,No,1,No,No Servicio Telef nico,DSL,No,No,No,No,No,Si,Month-to-month,No,Deposito bancario,35.05,35.05,Si
ST-1977,Femenino,1,No,No,1,Si,No,Fiber optic,No,Si,No,No,No,No,Month-to-month,Si,Cheque,73,73,Si
GF-5066,Femenino,0,Si,No,3,Si,No,No,No internet service,No internet service,No internet service,No internet service,No internet service,No internet service,Month-to-month,Si,Deposito bancario,19.9,45.75,No
GK-2661,Masculino,0,Si,Si,60,Si,No,DSL,No,Si,No,Si,Si,Si,Two year,No,Transferencia Bancaria,76.95,4543.95,No
HE-0458,Femenino,0,No,No,13,No,No Servicio Telef nico,DSL,No,No,Si,Si,No,No,Two year,No,Deposito bancario,35.4,450.4,No
WN-7268,Masculino,0,Si,Si,62,Si,No,No,No internet service,No internet service,No internet service,No internet service,No internet service,No internet service,Two year,No,Transferencia Bancaria,20.45,1297.35,No
VW-0824,Femenino,0,No,No,45,Si,Si,Fiber optic,Si,Si,No,No,No,Si,One year,No,Transferencia Bancaria,96.75,4442.75,No
WQ-8409,Femenino,0,No,No,25,No,No Servicio Telef nico,DSL,No,No,Si,Si,Si,Si,One year,No,Cheque,54.2,1423.15,No
JQ-2578,Masculino,0,No,No,44,Si,No,Fiber optic,No,No,Si,Si,Si,Si,Two year,No,Transferencia Bancaria,100.1,4378.35,No
FS-3278,Femenino,0,No,No,2,Si,No,DSL,No,No,No,No,No,No,Month-to-month,Si,Deposito bancario,45.25,74.2,No
UE-5813,Masculino,1,No,No,33,Si,Si,Fiber optic,No,Si,Si,No,No,No,Month-to-month,Si,Tarjeta de Credito,83.85,2716.3,Si
GR-0328,Femenino,0,No,No,1,Si,No,Fiber optic,No,No,No,No,No,No,Month-to-month,Si,Cheque,70.1,70.1,Si
UG-9746,Femenino,0,No,No,22,Si,No,No,No internet service,No internet service,No internet service,No internet service,No internet service,No internet service,One year,No,Transferencia Bancaria,20.85,450.65,No
KI-2946,Femenino,0,No,No,35,No,No Servicio Telef nico,DSL,No,No,Si,Si,No,No,Month-to-month,Si,Deposito bancario,33.45,1175.85,No
AF-0625,Femenino,0,Si,Si,29,Si,No,No,No internet service,No internet service,No internet service,No internet service,No internet service,No internet service,Two year,No,Deposito bancario,20.2,558.8,No
WE-6726,Masculino,1,Si,No,27,Si,Si,Fiber optic,Si,No,Si,No,No,No,One year,Si,Cheque,85.9,2220.1,No
OL-4636,Masculino,0,No,Si,54,Si,No,DSL,No,Si,Si,Si,No,No,One year,Si,Cheque,61,3283.05,No
HE-4342,Femenino,1,No,No,2,Si,No,Fiber optic,No,No,No,No,No,No,Month-to-month,Si,Cheque,70.65,142.35,Si
ER-4685,Masculino,0,No,No,57,Si,Si,Fiber optic,No,No,No,No,Si,No,One year,Si,Cheque,86.9,4939.25,No
HM-0885,Masculino,0,No,No,62,Si,Si,DSL,Si,Si,Si,Si,No,No,Two year,No,Transferencia Bancaria,69.4,4237.5,No
OK-5003,Femenino,0,Si,Si,15,Si,No,No,No internet service,No internet service,No internet service,No internet service,No internet service,No internet service,One year,No,Tarjeta de Credito,20.35,335.95,No
SM-4195,Masculino,0,No,No,2,Si,No,No,No internet service,No internet service,No internet service,No internet service,No internet service,No internet service,Month-to-month,No,Deposito bancario,20.35,33.2,Si
PS-7208,Femenino,0,Si,No,70,Si,Si,Fiber optic,No,No,Si,Si,Si,Si,Two year,Si,Transferencia Bancaria,104.3,7188.5,No
ZT-4012,Femenino,0,Si,Si,21,Si,No,DSL,No,No,No,No,No,No,Month-to-month,Si,Cheque,44.95,926.25,No
WM-0489,Femenino,0,No,Si,23,Si,No,DSL,No,No,No,Si,No,No,One year,Si,Cheque,49.45,1119.35,No
ZN-7435,Masculino,0,No,No,6,Si,No,No,No internet service,No internet service,No internet service,No internet service,No internet service,No internet service,One year,No,Deposito bancario,20.6,116.6,No
YZ-1354,Masculino,0,Si,Si,4,Si,No,No,No internet service,No internet service,No internet service,No internet service,No internet service,No internet service,Two year,No,Tarjeta de Credito,19.55,68.8,No
SM-6956,Femenino,0,No,No,3,Si,No,Fiber optic,Si,No,Si,No,Si,Si,Month-to-month,Si,Tarjeta de Credito,99,287.4,Si
FM-2985,Femenino,0,No,No,23,Si,Si,Fiber optic,No,No,No,No,Si,Si,Month-to-month,Si,Cheque,93.5,2341.55,No
EN-2812,Masculino,0,No,No,26,No,No Servicio Telef nico,DSL,Si,No,No,Si,Si,Si,One year,No,Tarjeta de Credito,54.55,1362.85,No
HV-2717,Femenino,0,No,Si,8,Si,No,No,No internet service,No internet service,No internet service,No internet service,No internet service,No internet service,Month-to-month,No,Deposito bancario,20.05,163.6,No
WZ-3223,Masculino,0,No,No,26,Si,Si,Fiber optic,No,No,No,No,No,Si,Month-to-month,Si,Cheque,83.95,2254.2,Si
GA-3422,Masculino,0,No,No,2,Si,Si,Fiber optic,No,Si,No,No,No,No,Month-to-month,Si,Cheque,79.45,145.15,No
JZ-9053,Masculino,0,No,No,67,Si,Si,Fiber optic,Si,Si,Si,Si,Si,Si,Two year,No,Tarjeta de Credito,116.2,7752.3,Si
EN-2530,Femenino,0,Si,No,71,Si,Si,Fiber optic,No,No,No,No,Si,Si,Two year,Si,Transferencia Bancaria,93.7,6585.35,Si
WF-2890,Femenino,0,No,No,59,Si,Si,DSL,Si,Si,Si,Si,No,Si,One year,No,Tarjeta de Credito,79.85,4786.1,No
WF-0327,Masculino,0,Si,Si,39,Si,Si,Fiber optic,No,No,Si,No,Si,Si,One year,No,Cheque,100,3835.55,No
HX-7977,Masculino,0,No,Si,21,Si,No,No,No internet service,No internet service,No internet service,No internet service,No internet service,No internet service,Two year,No,Deposito bancario,19.6,397,No
ZG-6615,Masculino,0,No,No,1,Si,No,No,No internet service,No internet service,No internet service,No internet service,No internet service,No internet service,Month-to-month,No,Deposito bancario,19.7,19.7,Si
CL-7033,Femenino,0,Si,Si,48,Si,No,No,No internet service,No internet service,No internet service,No internet service,No internet service,No internet service,Two year,No,Transferencia Bancaria,20.2,1027.25,No
RT-4023,Femenino,1,Si,No,31,No,No Servicio Telef nico,DSL,Si,Si,Si,No,No,Si,One year,Si,Tarjeta de Credito,50.4,1580.1,No
FV-0864,Femenino,0,Si,Si,64,Si,Si,Fiber optic,Si,Si,Si,Si,Si,Si,One year,No,Cheque,113.35,7222.75,No
IW-7356,Masculino,0,Si,Si,46,Si,Si,Fiber optic,No,Si,No,No,No,No,Month-to-month,Si,Transferencia Bancaria,80,3769.7,No
PW-9541,Femenino,0,No,No,52,Si,Si,DSL,No,No,Si,Si,Si,Si,Two year,Si,Transferencia Bancaria,80.95,4233.95,No
VQ-3967,Femenino,0,Si,Si,67,Si,Si,No,No internet service,No internet service,No internet service,No internet service,No internet service,No internet service,Two year,Si,Deposito bancario,24.9,1680.25,No
RD-7872,Femenino,1,No,No,67,Si,Si,DSL,No,Si,No,No,No,No,Month-to-month,No,Cheque,54.9,3725.5,No
WY-9250,Femenino,0,No,No,5,Si,Si,Fiber optic,No,No,No,No,No,No,Month-to-month,No,Cheque,75.55,413.65,Si
CQ-6308,Femenino,0,Si,No,71,Si,Si,Fiber optic,No,Si,Si,Si,Si,Si,Two year,No,Cheque,109.25,7707.7,No
XB-2754,Femenino,0,No,No,9,Si,No,Fiber optic,No,No,No,No,Si,No,Month-to-month,Si,Transferencia Bancaria,77.65,714.15,Si
LH-1597,Femenino,1,No,No,26,Si,Si,Fiber optic,Si,Si,No,No,No,Si,Month-to-month,Si,Cheque,95,2497.2,Si
CA-0186,Masculino,0,No,No,71,Si,Si,Fiber optic,Si,Si,Si,Si,Si,Si,One year,Si,Transferencia Bancaria,116.3,8309.55,No
SU-3043,Femenino,0,No,No,32,Si,No,No,No internet service,No internet service,No internet service,No internet service,No internet service,No internet service,Month-to-month,No,Transferencia Bancaria,19.9,601.55,No
BH-5442,Femenino,0,No,No,2,Si,No,Fiber optic,No,No,No,No,No,No,Month-to-month,No,Cheque,70.35,139.25,No
RR-2169,Femenino,0,Si,No,71,Si,Si,No,No internet service,No internet service,No internet service,No internet service,No internet service,No internet service,Two year,No,Tarjeta de Credito,25.6,1888.25,No
OE-5872,Femenino,0,No,No,60,No,No Servicio Telef nico,DSL,Si,No,Si,No,No,Si,One year,Si,Cheque,44.45,2773.9,No
KK-3162,Femenino,1,No,No,55,Si,Si,Fiber optic,No,No,Si,No,Si,Si,One year,Si,Cheque,100.15,5409.75,No
VK-7055,Masculino,0,No,No,54,Si,No,Fiber optic,Si,Si,No,Si,Si,Si,One year,Si,Tarjeta de Credito,105.4,5643.4,Si
UK-0754,Masculino,0,No,No,2,Si,No,Fiber optic,No,No,Si,No,Si,Si,Month-to-month,Si,Cheque,95.85,197.7,Si
GL-8873,Femenino,0,No,No,6,Si,Si,Fiber optic,No,No,No,No,No,No,Month-to-month,Si,Deposito bancario,73.85,401.3,No
JV-5696,Femenino,0,Si,Si,48,Si,No,DSL,Si,Si,Si,No,No,Si,Two year,Si,Tarjeta de Credito,70.1,3238.4,No
BF-8946,Masculino,0,Si,Si,63,Si,Si,No,No internet service,No internet service,No internet service,No internet service,No internet service,No internet service,Two year,No,Deposito bancario,25.25,1573.05,No
TP-7493,Masculino,0,No,No,1,Si,Si,Fiber optic,No,Si,No,No,No,No,Month-to-month,Si,Cheque,79.15,79.15,Si
HU-0547,Masculino,0,No,Si,12,Si,No,No,No internet service,No internet service,No internet service,No internet service,No internet service,No internet service,Month-to-month,No,Tarjeta de Credito,21.05,235.8,No
OP-8904,Masculino,1,Si,No,54,No,No Servicio Telef nico,DSL,No,No,No,No,No,No,Month-to-month,Si,Transferencia Bancaria,24.95,1364.75,No
LW-8845,Femenino,0,Si,Si,30,Si,No,DSL,No,No,Si,Si,Si,No,One year,Si,Cheque,64.5,1985.15,No
HK-1577,Femenino,0,Si,No,30,Si,No,No,No internet service,No internet service,No internet service,No internet service,No internet service,No internet service,Month-to-month,No,Transferencia Bancaria,19.65,655.85,Si
ST-8752,Femenino,0,No,No,4,Si,No,Fiber optic,No,No,No,No,Si,No,Month-to-month,Si,Cheque,79,303.15,Si
NI-0691,Femenino,0,No,No,40,Si,Si,Fiber optic,No,No,Si,Si,Si,Si,One year,Si,Tarjeta de Credito,105.95,4335.2,No
JN-5022,Femenino,0,Si,Si,9,Si,No,Fiber optic,No,No,No,Si,No,No,Month-to-month,Si,Cheque,75.85,647.5,No
FA-4558,Femenino,0,Si,Si,17,Si,No,Fiber optic,Si,No,No,Si,Si,No,Month-to-month,No,Cheque,91.85,1574.45,Si
VH-3249,Femenino,0,No,No,62,No,No Servicio Telef nico,DSL,No,Si,Si,No,No,Si,Two year,Si,Tarjeta de Credito,43.6,2748.7,No
BL-3736,Masculino,0,No,No,28,Si,No,Fiber optic,No,Si,No,Si,Si,No,One year,Si,Transferencia Bancaria,91.25,2483.65,No
LK-4701,Femenino,0,No,No,70,Si,Si,DSL,Si,Si,Si,Si,Si,Si,Two year,No,Tarjeta de Credito,89.75,6367.2,No
QW-6603,Femenino,0,No,No,46,Si,No,Fiber optic,No,Si,Si,Si,Si,Si,Two year,Si,Transferencia Bancaria,104.4,4904.2,No
QF-9921,Femenino,0,Si,No,23,Si,Si,Fiber optic,No,No,Si,No,No,Si,Month-to-month,No,Deposito bancario,90.15,2044.95,No
ZC-1929,Masculino,0,Si,Si,47,No,No Servicio Telef nico,DSL,Si,No,Si,Si,No,No,One year,No,Cheque,40.3,1794.8,No
MY-4378,Masculino,0,Si,Si,68,Si,No,Fiber optic,Si,Si,Si,No,Si,Si,Two year,Si,Transferencia Bancaria,105.25,7173.15,No
EN-8651,Femenino,1,No,No,60,Si,Si,Fiber optic,No,No,Si,Si,Si,Si,One year,Si,Cheque,106,6441.4,Si
LY-4129,Femenino,0,No,Si,67,Si,Si,Fiber optic,No,Si,No,Si,Si,Si,Two year,Si,Cheque,104,7039.05,No
JV-7798,Femenino,0,No,No,14,Si,No,DSL,No,No,No,Si,Si,Si,Month-to-month,Si,Cheque,69.65,921.4,No
SD-8647,Masculino,0,Si,Si,57,Si,Si,Fiber optic,No,No,No,No,No,No,Month-to-month,Si,Cheque,74.3,4018.35,No
EC-2696,Femenino,0,Si,Si,55,Si,Si,Fiber optic,Si,No,No,No,Si,Si,One year,No,Deposito bancario,100.9,5448.6,No
KJ-2081,Masculino,0,No,No,1,Si,No,No,No internet service,No internet service,No internet service,No internet service,No internet service,No internet service,Month-to-month,Si,Deposito bancario,20.25,20.25,No
TR-7623,Masculino,0,No,Si,1,Si,No,DSL,No,No,No,Si,No,No,Month-to-month,Si,Deposito bancario,49.9,49.9,Si
CP-3323,Masculino,0,No,No,23,Si,Si,Fiber optic,No,No,Si,Si,Si,No,Month-to-month,Si,Tarjeta de Credito,96.9,2085.45,No
IJ-9330,Femenino,0,No,No,13,Si,Si,Fiber optic,Si,No,No,No,Si,Si,Month-to-month,Si,Cheque,100.35,1358.85,Si
CT-3384,Masculino,0,Si,No,47,Si,Si,Fiber optic,No,Si,Si,No,Si,Si,Month-to-month,Si,Cheque,104.1,5135.15,No
RF-0902,Masculino,0,No,No,38,Si,No,No,No internet service,No internet service,No internet service,No internet service,No internet service,No internet service,One year,No,Deposito bancario,20.1,730.1,No
DO-9286,Femenino,1,Si,No,38,Si,Si,Fiber optic,No,No,No,No,No,No,Month-to-month,Si,Transferencia Bancaria,74.95,2869.85,Si
QB-6048,Femenino,1,No,No,2,Si,Si,DSL,No,Si,No,No,No,No,Month-to-month,Si,Tarjeta de Credito,56.55,118.25,No
MH-9661,Masculino,1,Si,Si,1,Si,No,DSL,No,No,No,Si,No,No,Month-to-month,Si,Tarjeta de Credito,49.25,49.25,Si
RX-7718,Masculino,0,Si,No,15,Si,No,Fiber optic,No,No,No,No,No,No,Month-to-month,Si,Transferencia Bancaria,68.6,1108.6,No
FA-1025,Femenino,0,No,No,26,Si,No,Fiber optic,No,No,No,No,No,No,Month-to-month,Si,Tarjeta de Credito,69.05,1815.65,No
VA-3451,Femenino,0,Si,Si,35,Si,No,No,No internet service,No internet service,No internet service,No internet service,No internet service,No internet service,Two year,No,Tarjeta de Credito,19.7,730.4,No
QG-3407,Masculino,0,No,Si,3,Si,No,No,No internet service,No internet service,No internet service,No internet service,No internet service,No internet service,Month-to-month,Si,Deposito bancario,20.05,75.45,No
EZ-1842,Masculino,0,Si,Si,50,Si,Si,Fiber optic,No,Si,No,Si,Si,Si,Month-to-month,No,Cheque,103.7,5071.05,Si
WK-2347,Masculino,0,Si,No,42,Si,Si,Fiber optic,Si,No,Si,No,No,Si,Month-to-month,Si,Cheque,94.4,4014.6,No
DC-8735,Masculino,0,Si,No,10,Si,No,DSL,Si,No,No,Si,No,No,Month-to-month,Si,Tarjeta de Credito,54.95,568.85,No
IY-3214,Femenino,0,Si,No,61,Si,No,Fiber optic,Si,Si,No,Si,No,Si,One year,No,Transferencia Bancaria,93.7,5860.7,No
UA-1936,Femenino,0,No,No,68,Si,Si,Fiber optic,Si,Si,No,Si,Si,Si,Two year,No,Tarjeta de Credito,110.25,7279.35,No
PM-3587,Masculino,0,No,No,10,Si,No,Fiber optic,Si,No,Si,No,Si,Si,One year,Si,Cheque,98.9,1064.95,No
XR-8079,Masculino,0,Si,No,65,Si,Si,Fiber optic,Si,Si,Si,No,No,No,One year,No,Cheque,89.75,5769.6,Si
LK-1027,Femenino,0,Si,Si,72,Si,No,DSL,Si,No,Si,Si,Si,Si,Two year,Si,Transferencia Bancaria,80.45,5886.85,No
XZ-7148,Masculino,0,Si,Si,55,Si,No,Fiber optic,No,Si,No,Si,No,No,Month-to-month,No,Cheque,79.4,4238.45,No
IJ-8073,Femenino,0,No,No,1,Si,No,No,No internet service,No internet service,No internet service,No internet service,No internet service,No internet service,Month-to-month,Si,Deposito bancario,20.3,20.3,Si
TA-5309,Femenino,0,No,No,7,Si,No,DSL,No,No,Si,Si,No,Si,Month-to-month,No,Transferencia Bancaria,62.8,418.3,No
RA-6856,Femenino,0,No,No,2,Si,Si,Fiber optic,No,No,No,No,No,No,Month-to-month,Si,Deposito bancario,74.9,136.05,No
LM-8778,Femenino,0,No,No,9,Si,No,Fiber optic,Si,No,No,No,No,No,Month-to-month,Si,Cheque,74.85,708.2,No
IO-9717,Masculino,0,No,Si,27,Si,Si,No,No internet service,No internet service,No internet service,No internet service,No internet service,No internet service,Two year,Si,Tarjeta de Credito,25.85,788.55,No
AD-8884,Masculino,1,Si,No,7,Si,Si,Fiber optic,No,No,Si,No,Si,Si,Month-to-month,Si,Cheque,101.95,700.85,Si
KD-2845,Femenino,0,Si,No,64,Si,No,DSL,No,Si,Si,Si,No,Si,Two year,Si,Deposito bancario,68.3,4378.8,No
SO-0848,Masculino,0,No,No,70,No,No Servicio Telef nico,DSL,Si,No,Si,Si,No,Si,Two year,No,Transferencia Bancaria,48.4,3442.8,No
WG-2720,Masculino,1,No,No,2,Si,Si,Fiber optic,No,No,No,No,Si,Si,Month-to-month,Si,Cheque,94,181.7,Si
FQ-6734,Masculino,1,No,No,67,Si,No,Fiber optic,Si,Si,No,Si,Si,Si,Two year,Si,Cheque,105.05,7171.7,No
AD-2869,Femenino,0,No,No,45,Si,Si,Fiber optic,No,Si,No,No,Si,No,Month-to-month,Si,Tarjeta de Credito,89.3,4016.85,Si
VT-1535,Femenino,0,No,No,24,Si,Si,No,No internet service,No internet service,No internet service,No internet service,No internet service,No internet service,Two year,No,Tarjeta de Credito,25.15,553,No
TZ-6368,Masculino,0,Si,Si,4,Si,No,No,No internet service,No internet service,No internet service,No internet service,No internet service,No internet service,Two year,No,Tarjeta de Credito,19.5,96.85,No
ZQ-0943,Masculino,0,Si,Si,44,Si,No,Fiber optic,No,No,Si,No,Si,Si,Month-to-month,Si,Transferencia Bancaria,92.95,4122.9,No
BS-1293,Femenino,0,Si,Si,72,Si,No,No,No internet service,No internet service,No internet service,No internet service,No internet service,No internet service,Two year,Si,Deposito bancario,20.7,1482.3,No
EZ-9894,Femenino,0,No,No,1,Si,No,Fiber optic,No,Si,No,No,No,No,Month-to-month,Si,Tarjeta de Credito,74.3,74.3,Si
TP-1302,Masculino,0,No,No,66,Si,No,No,No internet service,No internet service,No internet service,No internet service,No internet service,No internet service,Two year,No,Transferencia Bancaria,19.35,1240.8,No
FL-7851,Masculino,0,No,No,1,No,No Servicio Telef nico,DSL,No,Si,No,Si,No,Si,Month-to-month,Si,Deposito bancario,44.65,44.65,Si
UB-0637,Masculino,0,Si,Si,13,Si,No,Fiber optic,Si,No,No,No,No,Si,Month-to-month,No,Cheque,84.05,1095.3,Si
OU-0940,Masculino,0,No,No,10,Si,Si,Fiber optic,No,Si,No,No,No,No,Month-to-month,Si,Transferencia Bancaria,80.7,788.8,Si
VT-2378,Masculino,1,Si,No,65,Si,Si,Fiber optic,No,Si,Si,No,Si,Si,Month-to-month,Si,Cheque,104.35,6578.55,No
CN-0927,Masculino,0,No,Si,1,Si,No,No,No internet service,No internet service,No internet service,No internet service,No internet service,No internet service,Month-to-month,No,Deposito bancario,19.55,19.55,No
OZ-8608,Masculino,0,Si,Si,38,Si,No,DSL,Si,Si,Si,Si,Si,No,One year,No,Cheque,74.05,2802.3,No
GS-2335,Masculino,0,No,Si,23,No,No Servicio Telef nico,DSL,Si,No,Si,Si,No,No,Two year,No,Deposito bancario,40.1,857.75,No
DV-1952,Femenino,0,Si,No,10,Si,No,No,No internet service,No internet service,No internet service,No internet service,No internet service,No internet service,One year,No,Deposito bancario,20.1,184.4,No
PG-0702,Masculino,0,No,Si,4,Si,Si,Fiber optic,No,Si,No,No,Si,Si,Month-to-month,Si,Cheque,101.7,364.55,Si
GU-6656,Masculino,0,Si,Si,72,Si,Si,DSL,Si,No,Si,Si,Si,Si,Two year,Si,Tarjeta de Credito,83.55,6093.3,No
JF-9853,Femenino,0,Si,No,35,Si,No,DSL,No,Si,No,Si,No,No,Month-to-month,No,Cheque,56.85,1861.1,No
VA-1963,Femenino,0,No,No,1,Si,No,No,No internet service,No internet service,No internet service,No internet service,No internet service,No internet service,Month-to-month,No,Deposito bancario,20.4,20.4,Si
XR-3777,Femenino,0,Si,Si,58,Si,No,No,No internet service,No internet service,No internet service,No internet service,No internet service,No internet service,Two year,No,Tarjeta de Credito,19.55,1079.65,No
FG-6994,Masculino,0,Si,Si,70,Si,No,Fiber optic,No,Si,Si,Si,Si,Si,One year,Si,Cheque,106.15,7475.1,No
VG-4000,Masculino,0,Si,Si,38,Si,Si,DSL,No,Si,Si,No,Si,Si,One year,No,Tarjeta de Credito,78.95,2862.55,No
WR-3999,Femenino,0,Si,Si,60,No,No Servicio Telef nico,DSL,No,Si,No,No,Si,Si,Month-to-month,Si,Cheque,49.75,3069.45,No
RI-3466,Masculino,0,No,No,26,Si,Si,Fiber optic,Si,Si,No,No,Si,No,Month-to-month,Si,Tarjeta de Credito,92.4,2349.8,No
XK-2680,Femenino,0,No,No,8,Si,No,DSL,Si,Si,No,Si,No,No,One year,No,Transferencia Bancaria,58.2,469.25,No
HJ-3058,Masculino,0,Si,Si,41,Si,Si,Fiber optic,No,No,Si,Si,Si,Si,One year,Si,Cheque,102.6,4213.35,Si
GG-2974,Femenino,1,Si,No,36,Si,Si,Fiber optic,No,Si,No,No,Si,No,Month-to-month,Si,Tarjeta de Credito,91.95,3301.05,No
XI-7994,Masculino,1,No,No,54,Si,No,DSL,No,No,Si,Si,No,Si,One year,No,Transferencia Bancaria,65.25,3529.95,No
FD-3259,Masculino,0,Si,Si,71,Si,Si,Fiber optic,No,Si,Si,No,Si,Si,Two year,Si,Transferencia Bancaria,106,7723.7,Si
RA-2101,Femenino,0,No,No,55,Si,Si,Fiber optic,No,No,No,No,No,No,Month-to-month,Si,Cheque,73.1,4144.9,No
BE-7921,Femenino,0,No,No,72,Si,Si,DSL,Si,Si,No,No,No,No,Two year,No,Transferencia Bancaria,59.75,4265,No
ZA-0807,Femenino,0,No,Si,3,Si,No,DSL,Si,No,No,Si,No,No,Month-to-month,Si,Deposito bancario,55.1,154.65,Si
TM-8510,Femenino,0,Si,Si,54,Si,Si,DSL,No,Si,Si,No,No,No,Two year,Si,Transferencia Bancaria,59.8,3246.45,No
ZK-3258,Masculino,0,Si,Si,72,Si,Si,Fiber optic,Si,Si,Si,Si,Si,Si,Two year,Si,Transferencia Bancaria,116.6,8337.45,No
IE-1428,Masculino,0,No,No,52,Si,Si,Fiber optic,Si,No,Si,Si,Si,Si,Two year,Si,Cheque,109.3,5731.4,No
GS-5298,Femenino,1,No,No,60,Si,Si,Fiber optic,Si,No,No,No,Si,Si,One year,Si,Transferencia Bancaria,101.4,6176.6,No
YO-4450,Femenino,0,No,No,39,No,No Servicio Telef nico,DSL,No,No,Si,No,Si,Si,Month-to-month,Si,Tarjeta de Credito,50.65,1905.4,No
CZ-6728,Femenino,0,No,No,15,Si,No,DSL,No,No,No,No,Si,No,One year,No,Deposito bancario,56.15,931.9,No
RN-5748,Masculino,0,No,No,69,Si,Si,Fiber optic,No,No,Si,Si,Si,Si,Two year,Si,Transferencia Bancaria,106.5,7348.8,Si
NC-3653,Masculino,0,Si,Si,43,Si,No,No,No internet service,No internet service,No internet service,No internet service,No internet service,No internet service,One year,Si,Deposito bancario,19.2,776.25,No
TN-6121,Femenino,1,No,No,63,Si,Si,DSL,Si,Si,Si,Si,Si,No,One year,No,Transferencia Bancaria,83,5243.05,No
NZ-5119,Masculino,1,Si,No,2,Si,No,Fiber optic,No,No,No,No,No,No,Month-to-month,No,Cheque,70.1,141.65,No
ZH-6519,Femenino,0,Si,Si,72,Si,No,Fiber optic,Si,Si,Si,Si,Si,Si,Two year,Si,Transferencia Bancaria,108.3,7679.65,No
LA-7739,Femenino,0,Si,Si,32,Si,Si,Fiber optic,No,No,Si,No,No,Si,Month-to-month,Si,Transferencia Bancaria,91.05,2954.5,Si
QP-3472,Masculino,0,Si,Si,40,Si,Si,No,No internet service,No internet service,No internet service,No internet service,No internet service,No internet service,Two year,No,Tarjeta de Credito,25.25,1006.9,No
UA-8224,Femenino,0,Si,No,58,No,No Servicio Telef nico,DSL,Si,Si,No,No,Si,No,One year,Si,Cheque,45.35,2540.1,No
WC-9610,Masculino,0,No,No,67,No,No Servicio Telef nico,DSL,Si,No,No,Si,Si,No,Two year,No,Cheque,43.9,3097.2,No
CL-9776,Femenino,1,Si,No,51,Si,Si,Fiber optic,Si,No,No,No,No,No,Month-to-month,Si,Cheque,77.5,3807.35,Si
WY-2486,Masculino,0,Si,No,31,Si,Si,DSL,No,No,Si,Si,Si,Si,One year,Si,Deposito bancario,79.3,2484,No
ZY-3865,Masculino,1,Si,No,69,Si,Si,Fiber optic,Si,Si,No,No,No,No,Month-to-month,Si,Tarjeta de Credito,84.9,5785.65,No
DG-1422,Masculino,0,Si,No,32,Si,Si,Fiber optic,No,No,No,Si,No,No,One year,Si,Cheque,79.25,2619.15,No
AA-2999,Femenino,0,No,No,21,Si,No,DSL,Si,Si,No,Si,Si,No,Two year,No,Tarjeta de Credito,71.05,1524.85,No
KN-8668,Masculino,0,No,No,52,Si,No,DSL,Si,No,Si,No,No,No,One year,No,Cheque,53.75,2790.65,No
KY-0480,Femenino,0,Si,Si,72,Si,Si,No,No internet service,No internet service,No internet service,No internet service,No internet service,No internet service,Two year,No,Tarjeta de Credito,24.25,1784.5,No
ZR-6034,Femenino,0,Si,No,72,No,No Servicio Telef nico,DSL,No,Si,Si,No,Si,Si,Two year,Si,Cheque,54.2,3937.45,Si
YK-9746,Masculino,0,Si,Si,52,No,No Servicio Telef nico,DSL,Si,No,Si,No,No,Si,One year,No,Transferencia Bancaria,44.25,2276.1,No
YZ-3926,Femenino,0,No,No,41,Si,No,DSL,No,No,No,Si,No,No,One year,No,Transferencia Bancaria,50.05,2029.05,No
UK-6000,Masculino,0,No,No,41,Si,No,No,No internet service,No internet service,No internet service,No internet service,No internet service,No internet service,Two year,No,Deposito bancario,20.15,802.35,No
FB-2079,Femenino,0,No,No,6,Si,No,Fiber optic,No,No,No,No,No,No,Month-to-month,Si,Deposito bancario,69.25,418.4,Si
FB-6332,Masculino,0,Si,Si,67,Si,Si,DSL,Si,Si,Si,Si,No,No,One year,Si,Tarjeta de Credito,69.35,4653.25,No
XO-2096,Femenino,0,Si,Si,16,Si,No,No,No internet service,No internet service,No internet service,No internet service,No internet service,No internet service,Month-to-month,No,Deposito bancario,19.35,275.9,No
FT-3266,Masculino,0,No,No,17,Si,No,No,No internet service,No internet service,No internet service,No internet service,No internet service,No internet service,Two year,No,Deposito bancario,19.15,343.45,No
EQ-8221,Masculino,0,Si,No,35,Si,No,DSL,Si,Si,Si,No,No,No,Month-to-month,No,Deposito bancario,61,2130.45,No
LO-2346,Femenino,0,Si,Si,58,Si,No,No,No internet service,No internet service,No internet service,No internet service,No internet service,No internet service,Two year,No,Tarjeta de Credito,20.5,1191.4,No
QQ-6608,Masculino,0,No,No,1,Si,No,DSL,No,No,Si,No,No,No,Month-to-month,Si,Cheque,50.5,50.5,Si
XA-0298,Masculino,0,Si,Si,52,No,No Servicio Telef nico,DSL,No,Si,Si,Si,Si,No,Two year,No,Deposito bancario,50.2,2554,No
QJ-7560,Femenino,0,No,No,70,Si,No,DSL,Si,No,Si,Si,Si,Si,Two year,No,Transferencia Bancaria,79.6,5589.45,No
YW-2995,Femenino,0,Si,Si,19,Si,Si,No,No internet service,No internet service,No internet service,No internet service,No internet service,No internet service,Two year,Si,Transferencia Bancaria,24.9,467.7,No
HU-3551,Masculino,1,No,No,1,Si,Si,Fiber optic,No,No,No,No,No,No,Month-to-month,Si,Cheque,74.4,74.4,Si
UI-9137,Femenino,0,Si,Si,35,Si,No,Fiber optic,Si,No,Si,Si,Si,Si,Month-to-month,Si,Cheque,106.9,3756.45,No
ZM-2809,Femenino,0,No,No,32,Si,Si,Fiber optic,No,No,Si,No,Si,Si,Month-to-month,Si,Cheque,101.35,3334.9,No
OO-5084,Femenino,0,Si,Si,17,Si,No,DSL,Si,No,No,Si,No,No,Month-to-month,Si,Tarjeta de Credito,55.35,920.5,No
WW-0254,Femenino,0,Si,Si,67,Si,No,DSL,No,Si,No,No,No,No,One year,No,Tarjeta de Credito,50.55,3431.75,No
SH-7727,Femenino,0,No,No,9,Si,No,No,No internet service,No internet service,No internet service,No internet service,No internet service,No internet service,Month-to-month,No,Transferencia Bancaria,19.5,150.35,No
JG-6302,Masculino,0,No,Si,31,Si,Si,DSL,No,Si,No,Si,Si,Si,One year,Si,Deposito bancario,79.45,2587.7,Si
PX-5339,Masculino,0,No,No,4,Si,Si,Fiber optic,Si,No,No,No,Si,No,Month-to-month,No,Cheque,90.65,367.95,No
LP-2205,Masculino,1,Si,Si,58,Si,Si,Fiber optic,Si,Si,No,Si,No,No,One year,Si,Transferencia Bancaria,89.85,5125.75,No
NU-8782,Masculino,0,No,No,60,Si,No,DSL,Si,No,Si,Si,Si,Si,One year,No,Deposito bancario,79,4801.1,No
YL-3685,Masculino,0,No,No,58,Si,Si,Fiber optic,No,No,Si,Si,Si,Si,One year,Si,Cheque,104.65,6219.6,Si
WF-7601,Masculino,0,No,No,1,Si,No,No,No internet service,No internet service,No internet service,No internet service,No internet service,No internet service,Month-to-month,No,Deposito bancario,19.55,19.55,No
KN-4609,Femenino,0,Si,Si,27,Si,No,No,No internet service,No internet service,No internet service,No internet service,No internet service,No internet service,Two year,No,Deposito bancario,19.9,550.1,No
AA-4868,Masculino,1,Si,Si,66,Si,Si,Fiber optic,Si,Si,Si,Si,Si,Si,One year,Si,Cheque,116.25,7862.25,No
OF-9529,Masculino,0,No,No,15,Si,Si,Fiber optic,Si,No,No,No,Si,No,Month-to-month,Si,Transferencia Bancaria,87.75,1242.2,No
MP-8634,Masculino,1,Si,No,47,Si,Si,Fiber optic,No,No,Si,No,Si,Si,Month-to-month,Si,Cheque,100.05,4871.05,Si
QV-2669,Femenino,0,No,No,41,Si,Si,Fiber optic,Si,No,No,No,No,No,Month-to-month,Si,Tarjeta de Credito,81.3,3190.65,No
EE-2478,Masculino,0,Si,No,59,No,No Servicio Telef nico,DSL,No,No,No,No,Si,Si,Month-to-month,Si,Cheque,44.3,2666.75,No
IH-9174,Femenino,0,No,Si,50,Si,No,Fiber optic,No,No,No,No,No,No,Two year,No,Tarjeta de Credito,70.35,3533.6,No
TX-2233,Masculino,0,Si,Si,17,No,No Servicio Telef nico,DSL,Si,No,Si,No,Si,No,One year,No,Tarjeta de Credito,44.45,792.15,No
UM-9644,Masculino,0,Si,Si,6,Si,No,DSL,Si,No,No,No,No,No,Month-to-month,Si,Cheque,49.15,295.65,No
EZ-3256,Masculino,1,Si,No,51,No,No Servicio Telef nico,DSL,No,Si,No,No,No,No,Month-to-month,Si,Tarjeta de Credito,29.45,1459.35,No
NS-8761,Masculino,0,No,No,44,Si,No,Fiber optic,No,Si,No,Si,Si,Si,Month-to-month,No,Cheque,100.55,4398.15,Si
YA-0419,Masculino,0,Si,No,49,Si,No,Fiber optic,No,Si,No,No,Si,No,Month-to-month,Si,Tarjeta de Credito,85.3,4297.95,No
VO-8413,Masculino,0,No,No,2,Si,No,Fiber optic,No,Si,No,No,Si,Si,Month-to-month,No,Cheque,95.65,167.3,Si
CA-0872,Masculino,0,Si,No,59,Si,Si,DSL,Si,No,No,Si,No,Si,One year,Si,Deposito bancario,69.1,4096.9,No
DL-4726,Masculino,1,No,No,50,Si,Si,DSL,Si,Si,No,No,Si,No,Month-to-month,Si,Transferencia Bancaria,70.35,3454.6,No
OC-8164,Femenino,0,Si,Si,59,Si,No,No,No internet service,No internet service,No internet service,No internet service,No internet service,No internet service,Two year,No,Deposito bancario,20.6,1286,No
JO-3094,Masculino,0,No,No,18,Si,Si,Fiber optic,No,No,No,No,No,No,Month-to-month,No,Deposito bancario,74.15,1387,No
MR-9494,Masculino,0,No,No,10,Si,Si,Fiber optic,No,No,No,No,No,No,Month-to-month,No,Cheque,75.05,786.3,No
CZ-2599,Masculino,0,Si,No,14,Si,No,DSL,No,No,No,No,No,No,One year,No,Cheque,44.6,641.25,No
PR-7945,Masculino,0,No,No,35,Si,No,No,No internet service,No internet service,No internet service,No internet service,No internet service,No internet service,Two year,No,Transferencia Bancaria,21.45,705.45,No
RX-4544,Masculino,0,Si,Si,8,Si,No,DSL,No,No,No,No,No,No,One year,Si,Deposito bancario,43.45,345.5,No
YG-0859,Masculino,0,Si,Si,18,Si,No,No,No internet service,No internet service,No internet service,No internet service,No internet service,No internet service,One year,No,Transferencia Bancaria,20.05,345.9,No
FT-1150,Femenino,0,Si,Si,60,Si,Si,Fiber optic,Si,Si,No,No,Si,No,One year,No,Transferencia Bancaria,94.15,5811.8,No
UC-9223,Femenino,0,No,No,1,Si,No,Fiber optic,No,No,Si,No,Si,Si,Month-to-month,No,Cheque,94.4,94.4,Si
LI-7196,Femenino,0,No,No,6,Si,No,No,No internet service,No internet service,No internet service,No internet service,No internet service,No internet service,Two year,No,Deposito bancario,19.55,124.45,No
VW-5448,Femenino,0,No,Si,19,Si,Si,DSL,Si,Si,No,Si,Si,No,Month-to-month,Si,Deposito bancario,75.9,1375.6,No
XZ-1177,Masculino,0,Si,Si,53,Si,Si,DSL,Si,Si,No,Si,No,No,One year,No,Transferencia Bancaria,64.15,3491.55,No
FS-3518,Masculino,1,Si,No,72,Si,Si,Fiber optic,Si,Si,Si,No,Si,Si,Two year,Si,Transferencia Bancaria,109.55,7920.7,No
VO-9330,Femenino,0,Si,No,60,Si,Si,Fiber optic,No,Si,Si,Si,Si,Si,Two year,Si,Tarjeta de Credito,110.8,6640.7,No
QL-4351,Femenino,0,No,No,1,Si,No,DSL,No,No,No,No,Si,No,Month-to-month,Si,Tarjeta de Credito,55,55,Si
ER-0939,Femenino,0,No,Si,13,Si,No,DSL,No,No,Si,Si,No,No,Month-to-month,No,Deposito bancario,53.45,718.1,No
AC-9389,Femenino,0,Si,Si,5,Si,No,Fiber optic,No,No,No,No,No,No,Month-to-month,No,Tarjeta de Credito,69.95,320.4,No
JP-5419,Masculino,0,No,No,1,Si,Si,Fiber optic,No,No,Si,No,Si,Si,Month-to-month,Si,Cheque,101.45,101.45,Si
QX-3644,Masculino,0,Si,Si,13,Si,No,Fiber optic,No,No,Si,No,Si,Si,Month-to-month,No,Cheque,97,1334.45,No
IJ-2911,Masculino,0,No,No,37,Si,Si,DSL,Si,Si,Si,Si,Si,Si,One year,Si,Transferencia Bancaria,90.6,3358.65,No
NG-5921,Masculino,0,Si,No,64,Si,No,Fiber optic,Si,No,No,No,No,No,Month-to-month,Si,Deposito bancario,73.55,4764,No
BD-2100,Femenino,0,Si,No,5,Si,Si,DSL,No,No,Si,Si,Si,No,Month-to-month,No,Transferencia Bancaria,67.95,350.3,Si
DZ-5998,Femenino,0,Si,No,61,Si,Si,Fiber optic,No,Si,No,Si,No,Si,Two year,Si,Transferencia Bancaria,94.35,5703,No
GS-0488,Femenino,0,No,No,1,Si,No,Fiber optic,No,No,No,No,No,No,Month-to-month,Si,Cheque,69.5,69.5,Si
NK-9318,Masculino,0,No,No,1,Si,No,No,No internet service,No internet service,No internet service,No internet service,No internet service,No internet service,Month-to-month,Si,Deposito bancario,18.85,18.85,Si
HO-3985,Masculino,0,No,No,26,Si,No,No,No internet service,No internet service,No internet service,No internet service,No internet service,No internet service,One year,No,Deposito bancario,19.4,525.55,No
FT-9728,Femenino,0,No,No,1,Si,No,Fiber optic,No,No,No,No,No,No,Month-to-month,Si,Cheque,69.2,69.2,Si
LE-9548,Masculino,0,Si,No,24,Si,No,No,No internet service,No internet service,No internet service,No internet service,No internet service,No internet service,Two year,No,Deposito bancario,19.75,483.15,No
FB-6576,Masculino,0,Si,No,17,No,No Servicio Telef nico,DSL,No,No,Si,Si,Si,Si,One year,No,Cheque,54.6,934.8,No
KE-4310,Femenino,0,No,Si,26,No,No Servicio Telef nico,DSL,No,No,Si,No,No,No,Month-to-month,Si,Deposito bancario,29.8,786.5,No
IQ-7254,Masculino,0,No,No,1,Si,No,Fiber optic,No,No,No,No,No,No,Month-to-month,Si,Cheque,69.65,69.65,Si
BR-2474,Masculino,1,Si,No,40,Si,Si,Fiber optic,Si,No,No,No,Si,Si,Month-to-month,No,Cheque,101.85,4086.3,Si
HB-4062,Masculino,0,No,No,52,Si,Si,Fiber optic,No,Si,Si,No,Si,Si,Month-to-month,Si,Cheque,103.05,5364.8,No
NX-0742,Femenino,0,No,No,1,Si,No,Fiber optic,No,Si,Si,No,No,No,Month-to-month,Si,Cheque,82.3,82.3,Si
IS-2676,Masculino,0,No,No,1,Si,No,No,No internet service,No internet service,No internet service,No internet service,No internet service,No internet service,Month-to-month,No,Deposito bancario,20.3,20.3,No
ND-9236,Femenino,0,No,No,21,No,No Servicio Telef nico,DSL,Si,No,No,Si,No,No,Two year,No,Deposito bancario,35.1,770.4,No
PA-4753,Femenino,0,Si,No,67,Si,Si,Fiber optic,No,Si,Si,No,Si,Si,One year,Si,Transferencia Bancaria,105.7,6816.95,No
QC-6103,Femenino,0,Si,Si,44,Si,No,DSL,Si,No,No,Si,No,No,Month-to-month,No,Transferencia Bancaria,56.25,2419.55,No
EW-7781,Masculino,0,Si,Si,70,No,No Servicio Telef nico,DSL,No,Si,Si,Si,Si,Si,One year,No,Cheque,60.35,4138.7,No
OH-6110,Masculino,0,No,No,3,Si,No,Fiber optic,No,No,No,No,Si,No,Month-to-month,No,Cheque,79.25,267.6,Si
FP-7018,Masculino,0,Si,Si,56,Si,No,DSL,Si,Si,Si,No,No,No,Two year,Si,Transferencia Bancaria,59.8,3457.45,No
LF-5889,Femenino,0,No,No,13,Si,Si,Fiber optic,No,No,No,No,No,Si,Month-to-month,Si,Cheque,84.6,1115.2,Si
EV-5708,Femenino,0,Si,Si,58,Si,Si,Fiber optic,Si,Si,No,No,No,Si,Month-to-month,Si,Transferencia Bancaria,93.4,5435.6,Si
XP-8708,Femenino,0,Si,Si,42,Si,Si,Fiber optic,No,No,No,No,Si,Si,Month-to-month,Si,Cheque,94.2,4186.3,Si
AT-0616,Masculino,1,Si,No,1,No,No Servicio Telef nico,DSL,No,No,No,No,No,No,Month-to-month,No,Cheque,25.05,25.05,Si
ZJ-0572,Femenino,0,Si,Si,46,Si,Si,Fiber optic,Si,No,Si,Si,No,Si,Two year,No,Deposito bancario,99.65,4630.2,No
RD-5135,Femenino,0,Si,Si,63,Si,No,DSL,Si,No,No,No,No,No,Two year,Si,Transferencia Bancaria,50.65,3221.25,No
LJ-1353,Masculino,0,No,No,11,Si,No,DSL,No,Si,Si,Si,No,No,Month-to-month,Si,Cheque,60.9,688.5,No
SW-1794,Masculino,0,Si,Si,15,Si,Si,DSL,No,No,Si,Si,No,No,Month-to-month,Si,Transferencia Bancaria,59.65,867.1,No
YI-6166,Masculino,0,Si,No,72,No,No Servicio Telef nico,DSL,Si,Si,Si,Si,Si,Si,Two year,Si,Cheque,64.7,4746.05,No
BP-7016,Femenino,0,No,No,29,No,No Servicio Telef nico,DSL,No,No,No,No,No,No,Month-to-month,Si,Tarjeta de Credito,25.1,712.85,Si
AD-6876,Masculino,0,No,Si,1,Si,No,DSL,No,No,Si,No,No,No,Month-to-month,No,Cheque,48.95,48.95,Si
GY-9332,Femenino,0,Si,Si,6,Si,No,DSL,No,No,No,No,Si,No,Month-to-month,No,Cheque,54.85,355.1,No
SV-1963,Masculino,0,No,No,1,Si,No,DSL,No,No,No,No,No,No,Month-to-month,No,Cheque,45.3,45.3,Si
VO-4184,Masculino,0,Si,Si,63,Si,Si,Fiber optic,No,Si,No,No,No,Si,One year,Si,Cheque,91.35,5764.7,No
EB-0220,Masculino,0,No,No,2,Si,No,Fiber optic,No,No,Si,No,No,Si,Month-to-month,Si,Cheque,85.85,167.3,Si
WP-1092,Femenino,0,Si,Si,18,Si,Si,No,No internet service,No internet service,No internet service,No internet service,No internet service,No internet service,Two year,No,Deposito bancario,25.1,428.45,No
IO-7233,Femenino,0,Si,No,43,No,No Servicio Telef nico,DSL,Si,No,No,Si,No,No,Month-to-month,No,Transferencia Bancaria,34,1505.35,No
JK-2834,Femenino,0,No,No,15,No,No Servicio Telef nico,DSL,Si,Si,Si,Si,No,No,One year,No,Deposito bancario,45.9,693.45,No
VD-2754,Masculino,0,No,Si,10,Si,Si,Fiber optic,No,No,No,No,Si,Si,Month-to-month,No,Cheque,95.2,930.4,Si
FE-2400,Masculino,0,Si,Si,55,Si,No,No,No internet service,No internet service,No internet service,No internet service,No internet service,No internet service,Two year,No,Deposito bancario,20.5,1177.95,No
XF-3190,Masculino,0,No,Si,49,Si,Si,Fiber optic,No,No,No,Si,Si,Si,One year,Si,Transferencia Bancaria,100.6,5069.65,Si
DA-7551,Masculino,0,Si,Si,6,Si,No,DSL,No,Si,Si,No,No,No,Month-to-month,Si,Deposito bancario,55.3,324.25,Si
SR-4957,Masculino,0,Si,Si,70,Si,No,No,No internet service,No internet service,No internet service,No internet service,No internet service,No internet service,Two year,No,Tarjeta de Credito,20.35,1458.1,No
NX-7235,Masculino,1,No,No,2,Si,Si,Fiber optic,No,No,No,No,No,No,Month-to-month,Si,Deposito bancario,74.85,156.4,Si
UB-0230,Masculino,1,Si,No,63,No,No Servicio Telef nico,DSL,Si,No,No,Si,No,No,One year,No,Transferencia Bancaria,36.1,2298.9,No
AD-4923,Femenino,0,No,No,25,Si,No,DSL,No,Si,No,Si,No,Si,Month-to-month,Si,Transferencia Bancaria,65.8,1679.65,No
KU-1763,Femenino,1,No,No,18,Si,No,No,No internet service,No internet service,No internet service,No internet service,No internet service,No internet service,One year,No,Transferencia Bancaria,20.35,369.6,No
TN-1104,Masculino,1,Si,No,28,Si,Si,Fiber optic,No,Si,No,Si,Si,Si,Month-to-month,Si,Cheque,105.8,2998,No
KP-5195,Femenino,1,No,No,53,Si,No,Fiber optic,Si,Si,No,Si,No,Si,One year,Si,Deposito bancario,96.75,5206.55,No
FD-0520,Masculino,0,No,No,35,Si,No,Fiber optic,No,Si,Si,No,Si,Si,One year,Si,Transferencia Bancaria,102.35,3626.1,Si
GV-3439,Masculino,0,No,No,1,No,No Servicio Telef nico,DSL,No,No,No,No,No,No,Month-to-month,No,Deposito bancario,24.4,24.4,No
VV-1444,Masculino,0,Si,No,70,Si,Si,Fiber optic,Si,Si,Si,Si,Si,Si,One year,No,Tarjeta de Credito,115.65,7968.85,Si
PT-5712,Masculino,0,No,No,2,Si,No,Fiber optic,No,No,Si,Si,No,No,Month-to-month,Si,Cheque,79.85,152.45,Si
HG-5949,Femenino,0,Si,No,26,Si,No,DSL,No,Si,No,Si,Si,Si,Month-to-month,Si,Cheque,73.05,1959.5,No
XE-5203,Femenino,0,No,No,34,Si,No,DSL,Si,Si,No,No,No,Si,One year,No,Cheque,64.35,2053.05,No
HD-1635,Femenino,0,No,Si,19,Si,No,No,No internet service,No internet service,No internet service,No internet service,No internet service,No internet service,Two year,No,Deposito bancario,20.5,398.55,No
TO-3315,Masculino,0,No,No,15,Si,Si,Fiber optic,No,No,No,No,No,No,Month-to-month,Si,Deposito bancario,76,1130.85,Si
XG-8050,Femenino,0,Si,Si,62,Si,No,DSL,Si,No,Si,No,No,No,One year,No,Tarjeta de Credito,54.75,3425.35,No
HB-6661,Femenino,1,No,No,42,Si,Si,Fiber optic,No,Si,Si,No,Si,Si,Month-to-month,Si,Transferencia Bancaria,104.75,4323.45,Si
VO-1518,Femenino,0,No,No,9,Si,No,DSL,Si,Si,No,No,Si,Si,Month-to-month,Si,Cheque,74.65,703.55,Si
QH-9828,Masculino,0,No,No,24,Si,No,DSL,Si,No,No,No,No,No,Month-to-month,Si,Cheque,51.15,1275.7,No
MK-3908,Masculino,1,Si,No,68,No,No Servicio Telef nico,DSL,Si,Si,Si,No,No,No,Two year,Si,Cheque,41.95,2965.75,No
YS-5012,Masculino,0,Si,Si,31,Si,No,DSL,No,No,Si,Si,No,No,Month-to-month,No,Deposito bancario,54.35,1647,No
EC-5909,Femenino,0,No,No,1,Si,No,DSL,No,No,No,No,No,Si,Month-to-month,Si,Cheque,56.25,56.25,Si
BX-1309,Masculino,0,Si,No,21,Si,Si,Fiber optic,No,No,Si,Si,Si,Si,Month-to-month,Si,Cheque,106.1,2249.95,Si
VO-6728,Femenino,0,Si,No,63,Si,No,Fiber optic,No,Si,No,No,Si,Si,One year,Si,Cheque,96,6109.75,No
WZ-9317,Femenino,1,No,No,2,Si,No,Fiber optic,No,No,No,No,No,Si,Month-to-month,Si,Transferencia Bancaria,79.75,159.4,Si
NL-4891,Femenino,0,Si,Si,61,No,No Servicio Telef nico,DSL,No,Si,Si,Si,Si,Si,Two year,Si,Transferencia Bancaria,61.45,3751.15,No
HY-2856,Femenino,0,No,No,1,Si,No,Fiber optic,No,No,No,No,No,No,Month-to-month,No,Cheque,68.65,68.65,Si
PR-8969,Masculino,0,No,No,18,Si,No,No,No internet service,No internet service,No internet service,No internet service,No internet service,No internet service,One year,No,Deposito bancario,19.65,411.25,No
KQ-0661,Femenino,0,Si,Si,6,Si,No,No,No internet service,No internet service,No internet service,No internet service,No internet service,No internet service,One year,No,Tarjeta de Credito,19,105.5,No
KR-8709,Femenino,0,No,No,33,Si,Si,Fiber optic,No,Si,No,No,Si,Si,Month-to-month,Si,Cheque,100,3320.6,No
PS-4488,Masculino,0,No,No,16,Si,No,No,No internet service,No internet service,No internet service,No internet service,No internet service,No internet service,Month-to-month,No,Transferencia Bancaria,20.25,327.45,Si
VE-1427,Femenino,0,Si,No,56,Si,No,Fiber optic,No,No,Si,Si,Si,Si,Month-to-month,Si,Cheque,98.7,5669.5,No
NO-9801,Masculino,0,No,Si,23,Si,No,No,No internet service,No internet service,No internet service,No internet service,No internet service,No internet service,One year,No,Deposito bancario,19.8,465.45,No
YP-6339,Masculino,0,No,No,9,Si,No,Fiber optic,No,No,Si,No,No,No,Month-to-month,Si,Cheque,73.8,704.3,No
CE-3621,Femenino,1,Si,No,14,Si,Si,Fiber optic,No,Si,No,No,Si,Si,Month-to-month,Si,Cheque,100.2,1369.8,Si
AN-6906,Masculino,0,Si,Si,15,Si,Si,Fiber optic,No,No,No,No,No,No,Month-to-month,Si,Transferencia Bancaria,74.9,1107.25,Si
TU-2159,Masculino,0,No,No,5,Si,No,No,No internet service,No internet service,No internet service,No internet service,No internet service,No internet service,Month-to-month,No,Tarjeta de Credito,20.05,95.55,No
FE-1548,Masculino,0,Si,No,61,Si,Si,Fiber optic,Si,Si,No,No,Si,Si,Month-to-month,Si,Cheque,106.2,6375.2,No
CA-3795,Masculino,0,Si,Si,70,Si,Si,Fiber optic,Si,Si,Si,Si,Si,Si,Two year,Si,Tarjeta de Credito,116.55,8152.3,No
NQ-6215,Masculino,0,No,No,15,Si,Si,Fiber optic,Si,No,No,No,Si,Si,Month-to-month,Si,Cheque,99.7,1566.75,No
UR-5647,Masculino,0,Si,Si,8,Si,No,No,No internet service,No internet service,No internet service,No internet service,No internet service,No internet service,Two year,No,Deposito bancario,19.7,130.25,No
DP-2229,Femenino,0,Si,Si,8,Si,No,No,No internet service,No internet service,No internet service,No internet service,No internet service,No internet service,Two year,No,Deposito bancario,19.5,162.15,No
WE-9626,Femenino,0,No,No,4,No,No Servicio Telef nico,DSL,Si,No,No,No,No,No,Month-to-month,Si,Deposito bancario,29.15,110.05,No
SX-2188,Femenino,0,No,No,34,Si,No,DSL,Si,Si,No,No,No,No,One year,No,Deposito bancario,55,1885.15,No
PV-6258,Masculino,0,Si,No,68,Si,Si,DSL,Si,Si,Si,Si,Si,Si,Two year,Si,Tarjeta de Credito,90.8,6302.85,No
BK-1094,Femenino,0,Si,Si,45,No,No Servicio Telef nico,DSL,No,Si,Si,Si,No,Si,One year,No,Transferencia Bancaria,51,2264.5,No
MV-6969,Femenino,1,No,No,9,Si,Si,Fiber optic,No,No,Si,No,Si,No,Month-to-month,Si,Cheque,90.1,816.8,No
XX-2978,Femenino,0,No,No,22,Si,Si,DSL,Si,No,No,Si,No,No,Month-to-month,Si,Deposito bancario,59.05,1253.5,No
CK-2342,Femenino,0,No,No,2,Si,No,No,No internet service,No internet service,No internet service,No internet service,No internet service,No internet service,Month-to-month,No,Deposito bancario,20.3,41.2,No
PB-6953,Masculino,0,Si,No,70,Si,Si,DSL,No,Si,Si,Si,Si,No,Two year,No,Transferencia Bancaria,72.95,5265.55,No
BS-3898,Femenino,0,No,Si,10,Si,Si,DSL,Si,No,Si,Si,No,Si,One year,No,Tarjeta de Credito,73.55,693.3,No
YF-3938,Masculino,0,No,No,72,Si,Si,DSL,Si,No,Si,Si,Si,Si,Two year,No,Tarjeta de Credito,84.3,5997.1,No
AM-7696,Femenino,0,Si,Si,49,Si,No,DSL,No,Si,Si,No,Si,Si,One year,No,Tarjeta de Credito,78,3824.2,No
SA-2453,Femenino,1,No,No,54,Si,Si,DSL,No,Si,No,Si,Si,No,One year,No,Deposito bancario,72.1,3886.05,No
IH-9558,Femenino,0,No,No,71,Si,Si,Fiber optic,Si,Si,Si,No,Si,Si,Two year,Si,Tarjeta de Credito,106.75,7283.25,No
UD-9617,Femenino,0,No,No,22,Si,No,No,No internet service,No internet service,No internet service,No internet service,No internet service,No internet service,One year,Si,Deposito bancario,19.25,412.55,No
DA-6340,Femenino,0,Si,Si,50,Si,No,No,No internet service,No internet service,No internet service,No internet service,No internet service,No internet service,Two year,No,Tarjeta de Credito,20.55,1070.25,No
VC-4955,Femenino,0,Si,Si,43,Si,No,No,No internet service,No internet service,No internet service,No internet service,No internet service,No internet service,One year,No,Deposito bancario,20,817.95,No
GZ-6813,Femenino,0,Si,Si,45,Si,Si,No,No internet service,No internet service,No internet service,No internet service,No internet service,No internet service,Two year,Si,Tarjeta de Credito,24.65,1171.3,No
GS-7426,Masculino,1,No,No,64,Si,Si,Fiber optic,Si,Si,No,No,Si,Si,Month-to-month,Si,Transferencia Bancaria,103.5,6548.65,No
KT-3389,Femenino,0,Si,Si,23,Si,Si,No,No internet service,No internet service,No internet service,No internet service,No internet service,No internet service,Two year,No,Deposito bancario,23.85,625.65,No
UH-3118,Femenino,0,Si,No,68,Si,Si,No,No internet service,No internet service,No internet service,No internet service,No internet service,No internet service,Two year,No,Tarjeta de Credito,25.8,1911.5,No
II-1031,Femenino,0,No,No,1,Si,No,Fiber optic,No,No,No,No,No,No,Month-to-month,Si,Cheque,70.85,70.85,Si
XK-5832,Masculino,0,No,No,2,Si,No,Fiber optic,No,No,No,No,No,No,Month-to-month,Si,Tarjeta de Credito,69.8,134.7,Si
MX-3205,Masculino,0,No,No,26,Si,No,DSL,No,No,No,Si,Si,No,One year,No,Tarjeta de Credito,59.45,1507,No
AH-4701,Masculino,0,Si,No,55,No,No Servicio Telef nico,DSL,No,No,Si,Si,Si,Si,Month-to-month,Si,Transferencia Bancaria,54.55,2978.3,Si
BV-8317,Masculino,0,No,No,14,Si,No,No,No internet service,No internet service,No internet service,No internet service,No internet service,No internet service,Month-to-month,Si,Cheque,20.05,299.3,No
KV-5702,Masculino,0,Si,No,71,Si,No,DSL,Si,No,Si,Si,Si,Si,Two year,Si,Cheque,82.55,5832.65,No
PI-0083,Masculino,0,No,No,64,Si,Si,DSL,Si,Si,Si,Si,Si,No,One year,No,Cheque,81.25,5567.55,No
IA-9210,Femenino,0,No,No,7,Si,No,DSL,No,No,No,Si,Si,Si,Month-to-month,Si,Tarjeta de Credito,70.75,450.8,Si
PG-6169,Femenino,0,No,No,57,Si,No,DSL,Si,Si,Si,Si,Si,No,Two year,Si,Tarjeta de Credito,74.3,4166.35,No
XU-0023,Femenino,0,Si,No,13,Si,Si,Fiber optic,No,Si,Si,No,Si,No,Month-to-month,No,Cheque,94.1,1215.6,Si
IW-4592,Femenino,0,Si,Si,3,No,No Servicio Telef nico,DSL,Si,No,No,No,No,No,Month-to-month,No,Tarjeta de Credito,29.7,91.7,Si
JO-4909,Masculino,1,Si,No,72,Si,Si,Fiber optic,No,Si,Si,Si,Si,Si,Two year,No,Tarjeta de Credito,109.7,7898.45,No
FW-4657,Femenino,0,Si,Si,40,Si,Si,Fiber optic,No,Si,Si,No,Si,No,Month-to-month,Si,Tarjeta de Credito,96.35,3915.4,No
BO-2257,Masculino,0,Si,No,14,Si,Si,DSL,No,No,No,Si,Si,No,Month-to-month,Si,Tarjeta de Credito,66.6,979.5,No
JT-7729,Masculino,0,Si,Si,2,Si,No,DSL,No,No,No,No,No,No,Month-to-month,Si,Cheque,44.5,90.05,No
MN-7632,Masculino,1,No,No,66,Si,Si,Fiber optic,No,Si,Si,Si,Si,Si,One year,No,Tarjeta de Credito,110.9,7432.05,Si
LG-6518,Femenino,0,Si,No,38,Si,Si,Fiber optic,No,No,Si,Si,Si,Si,Month-to-month,Si,Cheque,105,4026.4,Si
QZ-7242,Masculino,0,No,Si,1,No,No Servicio Telef nico,DSL,No,No,No,No,No,No,Month-to-month,Si,Cheque,25.3,25.3,Si
CS-4576,Masculino,0,No,No,22,Si,No,DSL,No,Si,No,Si,No,No,One year,Si,Tarjeta de Credito,55.15,1193.05,Si
AJ-1000,Masculino,0,No,No,1,Si,No,No,No internet service,No internet service,No internet service,No internet service,No internet service,No internet service,Month-to-month,Si,Deposito bancario,20.1,20.1,Si
RM-9696,Masculino,0,No,No,5,Si,No,Fiber optic,No,No,No,No,Si,No,Month-to-month,Si,Deposito bancario,80.1,398.55,No
UP-8690,Masculino,0,Si,Si,29,Si,Si,DSL,Si,No,No,Si,Si,No,One year,No,Transferencia Bancaria,69.05,1958.45,No
LH-1062,Masculino,0,Si,Si,1,Si,No,Fiber optic,No,No,No,No,No,No,Month-to-month,Si,Deposito bancario,69.9,69.9,Si
LX-9770,Femenino,0,No,No,3,Si,No,No,No internet service,No internet service,No internet service,No internet service,No internet service,No internet service,Month-to-month,No,Deposito bancario,20.4,63.15,No
WI-4086,Masculino,0,Si,Si,71,Si,No,No,No internet service,No internet service,No internet service,No internet service,No internet service,No internet service,Two year,No,Tarjeta de Credito,19.7,1301.1,No
WF-8344,Masculino,0,No,Si,9,Si,No,DSL,No,Si,No,No,No,No,Month-to-month,Si,Cheque,50.1,484.05,No
NA-9600,Masculino,0,No,No,43,Si,Si,Fiber optic,No,Si,No,No,Si,Si,Month-to-month,Si,Cheque,101.4,4528,Si
KN-8822,Femenino,0,No,No,48,Si,Si,DSL,Si,Si,Si,No,Si,Si,One year,Si,Tarjeta de Credito,83.45,3887.85,No
FY-8404,Masculino,0,No,No,26,Si,Si,Fiber optic,Si,Si,No,No,No,No,Month-to-month,Si,Tarjeta de Credito,86.65,2208.75,No
SF-2791,Femenino,0,No,No,9,Si,No,No,No internet service,No internet service,No internet service,No internet service,No internet service,No internet service,Month-to-month,No,Transferencia Bancaria,20.15,238.15,No
US-6457,Masculino,0,No,No,1,Si,No,Fiber optic,No,No,No,No,No,Si,Month-to-month,Si,Cheque,80.8,80.8,Si
NS-6762,Femenino,0,Si,Si,46,Si,No,No,No internet service,No internet service,No internet service,No internet service,No internet service,No internet service,Two year,No,Tarjeta de Credito,19.4,958.15,No
EK-4662,Masculino,0,No,No,2,Si,Si,DSL,No,No,No,No,No,Si,Month-to-month,No,Transferencia Bancaria,62.05,118.3,Si
OJ-9248,Masculino,1,No,No,1,Si,Si,Fiber optic,No,No,No,No,No,No,Month-to-month,Si,Cheque,76.45,76.45,Si
ZC-9888,Masculino,0,Si,Si,64,No,No Servicio Telef nico,DSL,Si,No,Si,Si,Si,Si,Two year,Si,Transferencia Bancaria,60.05,3845.45,No
FS-3398,Femenino,1,No,No,12,Si,Si,Fiber optic,No,Si,No,No,Si,No,Month-to-month,Si,Cheque,91.3,1094.5,Si
DW-3319,Masculino,1,Si,No,6,Si,No,Fiber optic,No,No,Si,No,Si,Si,Month-to-month,Si,Cheque,95.75,573.75,Si
WV-1074,Femenino,0,Si,No,59,Si,No,No,No internet service,No internet service,No internet service,No internet service,No internet service,No internet service,One year,No,Deposito bancario,20.35,1267,No
RG-9979,Femenino,0,No,No,7,Si,No,Fiber optic,No,Si,No,No,Si,Si,One year,Si,Deposito bancario,94.05,633.45,No
UD-6437,Femenino,1,Si,No,72,Si,Si,DSL,Si,Si,Si,No,Si,Si,Two year,Si,Tarjeta de Credito,84.1,6129.65,No
IE-1226,Masculino,1,No,No,16,Si,No,Fiber optic,No,No,No,No,No,Si,Month-to-month,Si,Cheque,78.75,1218.25,No
GL-2108,Masculino,0,Si,No,25,Si,Si,DSL,No,No,Si,No,No,No,Month-to-month,No,Tarjeta de Credito,55.55,1405.3,No
PA-9259,Femenino,0,Si,No,34,Si,Si,DSL,Si,Si,No,Si,No,No,Month-to-month,No,Cheque,62.65,2274.9,Si
IJ-4415,Femenino,0,No,No,1,Si,Si,Fiber optic,No,No,No,No,No,No,Month-to-month,Si,Cheque,74.5,74.5,Si
VI-1465,Femenino,0,Si,Si,10,Si,Si,Fiber optic,No,Si,Si,No,Si,Si,Month-to-month,Si,Tarjeta de Credito,102.1,1068.85,Si
LA-5474,Masculino,0,Si,No,24,Si,No,No,No internet service,No internet service,No internet service,No internet service,No internet service,No internet service,One year,No,Deposito bancario,20.1,533.9,No
DR-3468,Femenino,0,Si,Si,10,Si,Si,DSL,Si,Si,No,No,Si,No,One year,No,Cheque,70.3,676.15,No
YJ-1122,Masculino,0,Si,No,69,Si,No,DSL,Si,Si,No,No,No,No,One year,Si,Tarjeta de Credito,53.65,3804.4,No
AL-4990,Masculino,0,No,No,57,Si,No,No,No internet service,No internet service,No internet service,No internet service,No internet service,No internet service,Two year,No,Deposito bancario,20.75,1118.8,No
OK-4816,Masculino,0,Si,Si,50,Si,No,Fiber optic,No,Si,Si,Si,Si,Si,One year,Si,Transferencia Bancaria,103.4,5236.4,No
IK-3315,Masculino,0,Si,Si,28,No,No Servicio Telef nico,DSL,Si,No,Si,Si,Si,No,One year,No,Deposito bancario,50.8,1386.8,No
FT-2810,Femenino,0,No,No,16,Si,No,DSL,Si,No,No,No,No,No,Month-to-month,Si,Cheque,50.15,762.25,Si
LC-4747,Masculino,0,No,No,25,Si,No,DSL,Si,Si,No,Si,Si,Si,Month-to-month,Si,Deposito bancario,79,1902,No
WL-3411,Femenino,1,Si,No,3,Si,No,Fiber optic,No,Si,No,No,No,No,Month-to-month,Si,Transferencia Bancaria,74.6,239.05,No
XC-0898,Masculino,0,Si,No,61,Si,Si,Fiber optic,No,No,No,No,Si,Si,One year,Si,Transferencia Bancaria,96.5,5673.7,No
PY-8006,Femenino,0,No,No,2,Si,No,No,No internet service,No internet service,No internet service,No internet service,No internet service,No internet service,Month-to-month,No,Deposito bancario,20.1,39.8,No
TH-8249,Masculino,0,Si,Si,51,Si,No,No,No internet service,No internet service,No internet service,No internet service,No internet service,No internet service,One year,No,Deposito bancario,19.4,997.75,No
PR-8722,Femenino,0,Si,Si,71,Si,No,DSL,Si,No,Si,No,Si,Si,Two year,No,Tarjeta de Credito,77.55,5574.35,No
SO-2164,Femenino,0,Si,Si,20,Si,No,No,No internet service,No internet service,No internet service,No internet service,No internet service,No internet service,Month-to-month,No,Deposito bancario,20.05,406.05,No
KI-4020,Masculino,0,Si,Si,6,Si,No,No,No internet service,No internet service,No internet service,No internet service,No internet service,No internet service,Month-to-month,No,Tarjeta de Credito,19.85,138.85,No
BD-5850,Femenino,0,No,No,6,Si,No,No,No internet service,No internet service,No internet service,No internet service,No internet service,No internet service,Month-to-month,No,Deposito bancario,20.2,123.65,No
YS-2038,Femenino,0,No,No,29,Si,Si,DSL,Si,Si,No,Si,No,No,Month-to-month,No,Deposito bancario,67.45,1801.1,No
IT-0827,Masculino,0,No,No,36,Si,No,No,No internet service,No internet service,No internet service,No internet service,No internet service,No internet service,Two year,Si,Tarjeta de Credito,18.55,689,No
OX-8799,Femenino,0,No,No,28,No,No Servicio Telef nico,DSL,No,No,Si,No,No,No,Month-to-month,Si,Deposito bancario,29.75,790.7,No
TI-1925,Femenino,0,Si,No,7,Si,Si,Fiber optic,No,No,No,No,Si,No,Month-to-month,Si,Cheque,86.5,582.5,Si
GU-1705,Femenino,0,No,No,63,Si,Si,No,No internet service,No internet service,No internet service,No internet service,No internet service,No internet service,Two year,No,Deposito bancario,24.2,1618.2,No
ZG-4779,Masculino,0,Si,Si,48,Si,Si,No,No internet service,No internet service,No internet service,No internet service,No internet service,No internet service,Two year,No,Deposito bancario,23.55,1173.35,No
PI-0048,Femenino,0,Si,No,49,Si,No,No,No internet service,No internet service,No internet service,No internet service,No internet service,No internet service,One year,No,Transferencia Bancaria,20.45,900.9,No
OC-0818,Masculino,1,No,No,27,Si,Si,Fiber optic,No,Si,No,No,No,No,Month-to-month,Si,Cheque,81.45,2122.05,Si
KX-3967,Masculino,0,Si,No,72,Si,Si,DSL,Si,Si,Si,Si,Si,Si,Two year,No,Tarjeta de Credito,92.3,6719.9,No
GI-1447,Masculino,0,Si,No,1,Si,No,Fiber optic,No,No,No,No,No,No,Month-to-month,Si,Cheque,69.15,69.15,Si
IE-3704,Femenino,0,Si,Si,72,No,No Servicio Telef nico,DSL,No,Si,No,Si,Si,Si,Two year,No,Tarjeta de Credito,53.65,3784,No
VC-6810,Femenino,0,No,No,47,No,No Servicio Telef nico,DSL,Si,Si,No,Si,No,No,One year,No,Tarjeta de Credito,39.65,1798.65,No
EY-0674,Femenino,0,No,No,1,Si,No,DSL,No,No,No,No,Si,No,Month-to-month,Si,Cheque,54.65,54.65,No
MB-4480,Femenino,0,No,No,36,Si,Si,Fiber optic,No,Si,Si,No,Si,Si,One year,Si,Transferencia Bancaria,104.8,3886.45,No
OF-1395,Masculino,0,Si,Si,43,No,No Servicio Telef nico,DSL,No,Si,No,No,No,No,Month-to-month,No,Tarjeta de Credito,29.3,1224.05,No
QG-0822,Femenino,1,Si,No,27,Si,Si,DSL,No,Si,Si,Si,Si,Si,Month-to-month,No,Cheque,83.85,2310.2,No
NX-0872,Femenino,0,No,No,9,Si,No,Fiber optic,No,No,No,No,No,Si,Month-to-month,Si,Cheque,79.55,723.4,Si
KJ-2832,Femenino,0,No,No,38,Si,Si,Fiber optic,No,No,Si,Si,Si,Si,Month-to-month,Si,Cheque,103.65,3988.5,No
WS-3588,Femenino,1,No,No,35,Si,Si,Fiber optic,Si,No,No,No,Si,Si,Month-to-month,Si,Cheque,99.05,3554.6,No
WK-4075,Femenino,0,Si,Si,0,Si,Si,DSL,No,Si,Si,Si,Si,No,Two year,No,Deposito bancario,73.35, ,No
EM-5090,Femenino,0,Si,No,59,Si,No,Fiber optic,No,Si,No,Si,Si,Si,Two year,Si,Deposito bancario,100.05,6034.85,No
CZ-2346,Masculino,0,No,No,27,Si,No,No,No internet service,No internet service,No internet service,No internet service,No internet service,No internet service,Two year,No,Tarjeta de Credito,20.35,531.6,No
EP-3798,Femenino,1,No,No,2,Si,No,DSL,No,No,No,No,No,No,Month-to-month,No,Cheque,43.95,85.1,No
NG-6258,Masculino,0,No,No,7,Si,Si,No,No internet service,No internet service,No internet service,No internet service,No internet service,No internet service,Month-to-month,No,Deposito bancario,23.5,173,No
ZB-4186,Femenino,0,No,No,36,Si,Si,DSL,No,Si,No,Si,No,Si,One year,Si,Deposito bancario,70.7,2511.95,No
XH-5274,Femenino,0,Si,Si,41,Si,Si,Fiber optic,Si,Si,No,No,Si,No,Month-to-month,Si,Transferencia Bancaria,94.3,3893.6,No
BQ-1442,Femenino,0,No,No,13,No,No Servicio Telef nico,DSL,No,Si,No,No,No,No,Month-to-month,No,Cheque,29.15,357.15,No
YN-3978,Masculino,0,No,Si,19,Si,No,No,No internet service,No internet service,No internet service,No internet service,No internet service,No internet service,Two year,No,Tarjeta de Credito,20.85,467.5,No
KH-4940,Femenino,0,Si,No,60,No,No Servicio Telef nico,DSL,Si,Si,No,Si,No,No,Two year,No,Transferencia Bancaria,37.7,2288.7,No
AR-9412,Femenino,0,No,Si,48,Si,No,Fiber optic,No,Si,Si,Si,Si,No,Two year,Si,Deposito bancario,95.5,4627.85,Si
CX-1389,Masculino,1,No,No,3,Si,Si,Fiber optic,No,No,Si,No,Si,No,Month-to-month,No,Cheque,91.05,289.1,Si
AB-9589,Masculino,0,Si,No,69,Si,Si,Fiber optic,No,Si,No,Si,Si,No,Two year,Si,Deposito bancario,92.45,6460.55,No
ZE-9388,Masculino,0,No,No,43,No,No Servicio Telef nico,DSL,No,No,Si,Si,No,Si,One year,No,Cheque,44.15,1931.3,No
SQ-0305,Femenino,0,No,Si,11,No,No Servicio Telef nico,DSL,Si,No,No,Si,No,No,One year,Si,Deposito bancario,36.05,402.6,No
SN-7605,Femenino,0,Si,No,45,Si,No,DSL,No,No,Si,No,No,No,Month-to-month,Si,Tarjeta de Credito,50.25,2221.55,No
TA-4670,Masculino,0,Si,No,72,Si,Si,Fiber optic,No,Si,Si,Si,Si,Si,Two year,Si,Tarjeta de Credito,109.75,7758.9,No
NW-5561,Femenino,1,Si,No,2,Si,Si,Fiber optic,No,No,Si,No,No,No,Month-to-month,No,Cheque,79.2,172.85,Si
SU-0064,Femenino,0,Si,Si,12,Si,No,No,No internet service,No internet service,No internet service,No internet service,No internet service,No internet service,Two year,No,Transferencia Bancaria,20.3,224.5,No
NM-8561,Femenino,0,Si,Si,67,Si,Si,Fiber optic,No,Si,Si,Si,Si,Si,One year,Si,Tarjeta de Credito,112.35,7388.45,No
XE-5161,Masculino,0,Si,No,37,Si,Si,Fiber optic,No,No,Si,Si,Si,No,Two year,No,Deposito bancario,94.3,3460.95,No
FR-8292,Femenino,0,No,No,39,No,No Servicio Telef nico,DSL,Si,Si,No,Si,No,No,One year,No,Transferencia Bancaria,41.15,1700.9,No
NX-8591,Femenino,0,No,No,41,Si,Si,DSL,Si,No,Si,Si,No,Si,Month-to-month,Si,Transferencia Bancaria,74.65,3090.65,No
VO-7895,Femenino,0,No,No,25,No,No Servicio Telef nico,DSL,No,No,Si,No,Si,Si,Month-to-month,Si,Cheque,48.25,1293.8,No
RM-4526,Masculino,0,Si,Si,8,Si,Si,DSL,Si,Si,No,Si,No,Si,Two year,Si,Tarjeta de Credito,76.15,645.8,No
GN-6253,Femenino,0,Si,Si,71,Si,Si,DSL,Si,Si,Si,Si,No,No,Two year,No,Deposito bancario,71.1,5224.95,No
NE-4566,Masculino,0,No,No,5,Si,Si,Fiber optic,No,Si,Si,No,No,Si,Month-to-month,No,Cheque,96.55,500.1,No
PO-8080,Femenino,0,No,No,30,Si,Si,DSL,Si,No,Si,No,Si,Si,One year,Si,Tarjeta de Credito,79.3,2427.1,No
MP-6906,Masculino,0,No,No,40,Si,No,Fiber optic,No,Si,No,Si,No,Si,One year,Si,Tarjeta de Credito,89.6,3488.15,No
FX-3662,Femenino,0,No,No,54,Si,No,No,No internet service,No internet service,No internet service,No internet service,No internet service,No internet service,Two year,Si,Deposito bancario,20.5,1035.7,No
RZ-8107,Masculino,0,Si,No,72,Si,Si,Fiber optic,No,Si,Si,No,Si,Si,Two year,Si,Transferencia Bancaria,106.3,7565.35,No
OO-0516,Masculino,0,Si,Si,28,Si,No,Fiber optic,No,Si,Si,No,Si,Si,One year,No,Transferencia Bancaria,100.35,2799,No
CW-2027,Masculino,0,Si,Si,18,Si,No,Fiber optic,No,No,No,Si,No,Si,Month-to-month,Si,Cheque,85.6,1601.5,No
WF-2737,Femenino,0,No,No,2,No,No Servicio Telef nico,DSL,No,No,No,No,Si,Si,Month-to-month,Si,Cheque,45.25,85.5,Si
OM-9912,Femenino,0,Si,Si,59,Si,Si,Fiber optic,No,Si,Si,No,Si,Si,One year,Si,Cheque,106.15,6256.2,No
ZE-3733,Masculino,0,Si,Si,22,Si,No,DSL,No,No,No,Si,No,No,Month-to-month,Si,Cheque,51.1,1232.9,No
RT-7878,Femenino,0,No,No,1,Si,No,No,No internet service,No internet service,No internet service,No internet service,No internet service,No internet service,Month-to-month,No,Deposito bancario,19.9,19.9,No
MR-2452,Femenino,1,Si,No,72,Si,Si,No,No internet service,No internet service,No internet service,No internet service,No internet service,No internet service,Two year,Si,Tarjeta de Credito,25.7,1937.4,No
QA-2272,Femenino,1,No,No,14,Si,Si,Fiber optic,No,No,No,No,No,No,Month-to-month,Si,Cheque,74.3,1096.25,Si
IP-7103,Masculino,0,Si,No,50,Si,Si,Fiber optic,No,No,No,Si,Si,Si,One year,No,Cheque,99.4,5059.75,No
HF-4342,Femenino,0,Si,Si,48,Si,No,DSL,Si,No,Si,Si,Si,No,One year,No,Transferencia Bancaria,69.7,3023.65,No
CN-3545,Femenino,0,Si,Si,49,Si,Si,Fiber optic,No,Si,No,No,Si,Si,Month-to-month,Si,Cheque,98.35,4889.2,No
BP-1785,Masculino,0,Si,Si,28,Si,No,Fiber optic,No,No,Si,No,Si,No,Month-to-month,No,Cheque,85.45,2289.9,No
LI-4989,Masculino,1,No,No,68,Si,Si,Fiber optic,No,Si,Si,No,No,Si,Month-to-month,Si,Cheque,95.9,6503.2,No
WY-7315,Masculino,0,No,No,13,Si,Si,Fiber optic,No,No,No,Si,Si,Si,Month-to-month,No,Cheque,100.75,1313.25,No
XZ-1173,Femenino,0,No,No,11,Si,Si,Fiber optic,No,No,Si,No,Si,No,Month-to-month,Si,Cheque,89.2,990.3,No
OW-9850,Femenino,0,Si,No,3,Si,Si,Fiber optic,No,No,No,No,No,No,Month-to-month,Si,Tarjeta de Credito,74.1,228,Si
NL-3768,Masculino,1,Si,No,57,Si,Si,Fiber optic,No,No,Si,No,Si,Si,Month-to-month,No,Cheque,100.6,5746.15,Si
TR-8676,Masculino,0,No,No,3,Si,Si,Fiber optic,No,No,No,No,No,No,Month-to-month,No,Deposito bancario,75,209.1,Si
TF-2509,Masculino,0,Si,No,72,Si,Si,No,No internet service,No internet service,No internet service,No internet service,No internet service,No internet service,Two year,No,Tarjeta de Credito,25.75,1864.2,No
GR-9530,Masculino,0,Si,Si,70,Si,Si,DSL,No,Si,Si,Si,Si,Si,Two year,Si,Cheque,84.1,5979.7,No
RB-6898,Femenino,0,Si,Si,49,Si,Si,DSL,No,Si,No,Si,Si,Si,Two year,No,Transferencia Bancaria,79.3,3902.45,No
NT-5481,Femenino,1,Si,No,67,Si,Si,Fiber optic,Si,No,Si,No,Si,Si,One year,Si,Tarjeta de Credito,107.05,7142.5,No
WW-2068,Masculino,0,No,No,46,Si,No,No,No internet service,No internet service,No internet service,No internet service,No internet service,No internet service,Two year,No,Transferencia Bancaria,20.05,902,No
SS-7359,Femenino,1,No,No,64,Si,No,DSL,Si,Si,No,Si,Si,No,Two year,Si,Tarjeta de Credito,70.2,4481,Si
VV-2061,Femenino,0,Si,No,37,Si,No,No,No internet service,No internet service,No internet service,No internet service,No internet service,No internet service,Month-to-month,No,Transferencia Bancaria,19.5,805.2,No
ML-0685,Femenino,1,No,No,2,Si,No,Fiber optic,No,No,No,No,No,No,Month-to-month,No,Cheque,70.75,154.85,Si
IR-0749,Femenino,1,Si,No,13,No,No Servicio Telef nico,DSL,No,No,No,No,Si,Si,Month-to-month,No,Cheque,45.3,528.45,No
DA-2380,Femenino,0,Si,No,72,Si,Si,Fiber optic,Si,Si,Si,Si,Si,Si,Two year,No,Cheque,115.15,8349.7,No
YL-2256,Masculino,0,Si,Si,68,Si,No,DSL,No,No,Si,Si,Si,Si,Two year,Si,Transferencia Bancaria,72.95,4953.25,No
IL-1272,Masculino,0,Si,Si,15,Si,No,No,No internet service,No internet service,No internet service,No internet service,No internet service,No internet service,One year,No,Deposito bancario,19.65,332.65,No
XA-0164,Femenino,0,No,No,24,Si,No,No,No internet service,No internet service,No internet service,No internet service,No internet service,No internet service,Two year,Si,Transferencia Bancaria,19.55,470.2,No
CY-5666,Femenino,0,No,No,24,Si,Si,Fiber optic,No,No,No,Si,No,Si,Month-to-month,Si,Cheque,89.55,2259.35,No
AR-4011,Masculino,0,No,No,27,Si,No,DSL,Si,No,No,No,No,No,Month-to-month,No,Deposito bancario,50.35,1411.35,No
PN-8182,Masculino,0,No,No,12,Si,No,DSL,No,No,No,Si,No,No,Month-to-month,No,Transferencia Bancaria,50.25,593.75,Si
HI-6365,Femenino,0,Si,Si,71,Si,No,DSL,Si,Si,Si,Si,Si,Si,Two year,No,Tarjeta de Credito,87.25,6328.7,No
IM-7558,Masculino,0,Si,Si,67,Si,No,No,No internet service,No internet service,No internet service,No internet service,No internet service,No internet service,Two year,Si,Deposito bancario,20.8,1411.9,No
FY-9488,Femenino,0,Si,No,63,Si,Si,Fiber optic,No,Si,Si,Si,Si,Si,Two year,Si,Transferencia Bancaria,109.25,6841.4,No
TC-3590,Masculino,0,No,No,1,Si,No,No,No internet service,No internet service,No internet service,No internet service,No internet service,No internet service,Month-to-month,No,Deposito bancario,20.35,20.35,No
KE-6994,Masculino,0,No,No,4,Si,No,DSL,No,No,No,No,No,Si,Month-to-month,Si,Cheque,55.9,238.5,No
RY-7957,Femenino,1,No,No,40,Si,No,Fiber optic,Si,Si,No,No,No,No,Month-to-month,Si,Tarjeta de Credito,79.2,3233.85,Si
DX-2180,Femenino,0,No,No,12,Si,No,Fiber optic,No,No,Si,No,Si,Si,Month-to-month,Si,Cheque,96,1062.1,Si
UO-1960,Masculino,0,Si,Si,52,Si,No,DSL,Si,Si,Si,No,Si,Si,Two year,No,Cheque,79.2,4016.3,No
JF-2740,Masculino,0,No,No,10,Si,Si,No,No internet service,No internet service,No internet service,No internet service,No internet service,No internet service,Month-to-month,Si,Cheque,24,226.55,No
JV-6500,Masculino,0,No,No,68,Si,Si,Fiber optic,Si,Si,Si,No,Si,No,One year,No,Transferencia Bancaria,101.35,7110.75,No
AK-5515,Femenino,0,No,No,54,Si,Si,Fiber optic,No,No,No,Si,Si,Si,Month-to-month,Si,Cheque,100.1,5440.9,Si
OQ-8976,Femenino,0,Si,Si,4,Si,No,DSL,No,Si,No,Si,No,No,Month-to-month,No,Deposito bancario,56.5,235.1,Si
VD-5245,Femenino,0,Si,No,52,No,No Servicio Telef nico,DSL,Si,No,Si,No,No,No,One year,No,Deposito bancario,35.45,1958.95,No
BS-6230,Femenino,1,No,No,1,Si,No,Fiber optic,No,No,Si,No,No,Si,Month-to-month,Si,Cheque,85,85,Si
SN-8469,Masculino,0,Si,No,70,Si,Si,DSL,Si,Si,Si,Si,Si,No,One year,No,Transferencia Bancaria,79.4,5528.9,No
ES-2144,Masculino,0,No,No,43,No,No Servicio Telef nico,DSL,Si,No,Si,No,No,No,One year,Si,Tarjeta de Credito,35.2,1463.7,No
FP-1241,Masculino,0,No,No,52,Si,No,No,No internet service,No internet service,No internet service,No internet service,No internet service,No internet service,Two year,No,Deposito bancario,19.65,1025.05,No
BZ-9928,Femenino,0,No,No,12,No,No Servicio Telef nico,DSL,Si,No,Si,Si,No,Si,Two year,No,Deposito bancario,49.85,552.1,No
QM-4114,Femenino,0,Si,Si,56,Si,Si,DSL,Si,Si,No,No,No,Si,One year,No,Transferencia Bancaria,68.75,3815.4,No
SE-2775,Masculino,0,No,Si,0,Si,Si,DSL,Si,Si,No,Si,No,No,Two year,Si,Transferencia Bancaria,61.9, ,No
CP-9003,Masculino,0,No,No,42,Si,Si,Fiber optic,No,No,Si,No,No,No,Month-to-month,No,Cheque,79.9,3313.4,No
GK-1754,Masculino,1,Si,No,22,Si,No,Fiber optic,No,No,No,No,Si,Si,Month-to-month,Si,Transferencia Bancaria,89.75,1938.9,No
CD-5294,Masculino,0,Si,Si,51,No,No Servicio Telef nico,DSL,Si,Si,Si,No,Si,Si,One year,No,Cheque,59.3,3014.65,Si
XQ-7956,Masculino,0,No,No,27,Si,No,No,No internet service,No internet service,No internet service,No internet service,No internet service,No internet service,Month-to-month,Si,Tarjeta de Credito,19.4,460.25,No
MQ-1591,Masculino,1,Si,No,51,Si,Si,Fiber optic,Si,No,Si,No,No,Si,One year,Si,Transferencia Bancaria,93.65,4839.15,No
PC-5295,Masculino,0,No,Si,4,Si,No,DSL,Si,No,No,No,No,No,Month-to-month,Si,Cheque,49.4,184.4,Si
FE-2369,Masculino,0,No,No,1,Si,No,No,No internet service,No internet service,No internet service,No internet service,No internet service,No internet service,Month-to-month,Si,Deposito bancario,19.9,19.9,No
JZ-9863,Masculino,0,No,No,35,Si,No,DSL,No,No,No,No,Si,No,Month-to-month,No,Deposito bancario,55,2010.55,Si
MQ-7471,Masculino,1,Si,Si,71,Si,Si,DSL,No,Si,Si,Si,No,Si,One year,Si,Transferencia Bancaria,72.9,5139.65,No
HD-7660,Femenino,0,No,No,1,Si,No,Fiber optic,No,No,No,No,No,No,Month-to-month,Si,Cheque,69.2,69.2,Si
SQ-5115,Femenino,0,Si,Si,69,Si,Si,No,No internet service,No internet service,No internet service,No internet service,No internet service,No internet service,Two year,Si,Transferencia Bancaria,25.6,1673.4,No
QO-9845,Masculino,0,Si,Si,14,Si,No,No,No internet service,No internet service,No internet service,No internet service,No internet service,No internet service,One year,No,Deposito bancario,19.75,309.35,No
VF-7672,Masculino,0,Si,No,57,Si,No,DSL,Si,No,No,Si,No,No,Month-to-month,No,Cheque,55.7,3171.6,No
JL-9739,Femenino,0,Si,Si,72,Si,Si,Fiber optic,Si,Si,Si,Si,Si,Si,Two year,No,Tarjeta de Credito,117.5,8670.1,No
AY-9916,Masculino,0,No,No,48,Si,No,No,No internet service,No internet service,No internet service,No internet service,No internet service,No internet service,Two year,No,Tarjeta de Credito,19.85,916,No
ON-3855,Femenino,0,Si,Si,4,Si,No,Fiber optic,No,No,No,No,Si,No,Month-to-month,Si,Deposito bancario,78.9,299.75,No
SY-1488,Masculino,0,Si,Si,31,Si,No,No,No internet service,No internet service,No internet service,No internet service,No internet service,No internet service,Month-to-month,Si,Cheque,20.65,702.05,No
PX-7931,Masculino,0,No,No,38,Si,No,DSL,No,No,Si,Si,No,Si,One year,Si,Deposito bancario,62.3,2354.8,Si
QY-3990,Masculino,1,Si,No,37,Si,Si,Fiber optic,No,No,No,No,Si,Si,Month-to-month,Si,Cheque,92.5,3473.4,Si
QX-0970,Femenino,0,No,No,1,Si,No,No,No internet service,No internet service,No internet service,No internet service,No internet service,No internet service,Month-to-month,No,Deposito bancario,19.65,19.65,No
KN-3259,Masculino,1,No,No,57,Si,Si,DSL,No,Si,Si,No,Si,Si,Two year,Si,Transferencia Bancaria,79.75,4438.2,No
RJ-6120,Femenino,1,Si,No,62,Si,No,DSL,Si,No,Si,Si,Si,Si,Two year,Si,Tarjeta de Credito,79.95,4819.75,No
WU-9572,Masculino,0,Si,No,3,No,No Servicio Telef nico,DSL,No,No,No,Si,No,No,Month-to-month,Si,Cheque,29.9,92.25,No
KC-5893,Femenino,0,No,Si,72,Si,No,No,No internet service,No internet service,No internet service,No internet service,No internet service,No internet service,Two year,Si,Deposito bancario,19.75,1567,No
LV-0076,Masculino,0,No,Si,29,No,No Servicio Telef nico,DSL,Si,Si,Si,Si,No,No,Month-to-month,Si,Deposito bancario,45,1242.45,No
JQ-3640,Masculino,0,Si,Si,13,Si,No,DSL,No,No,No,No,No,No,Month-to-month,No,Transferencia Bancaria,44.8,559.2,No
MO-4919,Masculino,0,No,Si,3,Si,No,Fiber optic,No,No,No,No,No,No,Month-to-month,No,Cheque,69.65,220.1,Si
OQ-1596,Femenino,0,No,No,11,Si,No,DSL,No,Si,No,No,No,No,Month-to-month,No,Cheque,51.1,531.15,No
XO-9867,Femenino,0,No,Si,21,No,No Servicio Telef nico,DSL,Si,Si,Si,Si,Si,No,Two year,No,Deposito bancario,53.15,1183.2,No
KD-9546,Femenino,0,No,No,19,Si,Si,No,No internet service,No internet service,No internet service,No internet service,No internet service,No internet service,Month-to-month,No,Transferencia Bancaria,24.7,465.85,No
HA-3090,Masculino,0,No,No,61,Si,Si,Fiber optic,Si,No,Si,Si,Si,Si,Two year,Si,Tarjeta de Credito,111.6,6876.05,Si
RM-9820,Femenino,0,No,No,11,Si,No,DSL,Si,No,No,No,No,No,Month-to-month,No,Tarjeta de Credito,48.55,501,Si
RK-3174,Masculino,0,Si,Si,35,Si,Si,Fiber optic,No,Si,Si,Si,Si,Si,Month-to-month,Si,Cheque,109.95,3782.4,No
CA-1760,Masculino,0,No,Si,25,Si,No,No,No internet service,No internet service,No internet service,No internet service,No internet service,No internet service,Month-to-month,No,Deposito bancario,20.8,460.2,No
QR-7839,Femenino,0,No,No,1,Si,No,No,No internet service,No internet service,No internet service,No internet service,No internet service,No internet service,Month-to-month,Si,Deposito bancario,20.2,20.2,Si
SH-8441,Femenino,0,No,No,67,Si,Si,No,No internet service,No internet service,No internet service,No internet service,No internet service,No internet service,Two year,Si,Transferencia Bancaria,25.6,1790.35,No
QZ-5204,Masculino,0,No,No,19,No,No Servicio Telef nico,DSL,No,No,Si,No,Si,No,Month-to-month,Si,Cheque,39.65,733.35,Si
EL-4597,Masculino,0,No,No,56,Si,Si,No,No internet service,No internet service,No internet service,No internet service,No internet service,No internet service,One year,No,Cheque,24.9,1334,Si
GV-1320,Masculino,0,Si,Si,72,Si,Si,Fiber optic,Si,Si,Si,No,Si,Si,Two year,Si,Tarjeta de Credito,108.4,7767.25,No
RN-1047,Masculino,0,No,No,43,Si,No,No,No internet service,No internet service,No internet service,No internet service,No internet service,No internet service,Two year,No,Deposito bancario,19.55,876.15,No
ZN-3541,Femenino,0,Si,Si,55,Si,Si,Fiber optic,Si,Si,No,No,No,No,Month-to-month,Si,Cheque,85.1,4600.95,No
JO-8450,Masculino,0,Si,Si,2,Si,Si,DSL,Si,No,No,No,No,No,Month-to-month,No,Deposito bancario,56.7,113.55,Si
JE-8725,Masculino,0,No,No,27,Si,No,Fiber optic,No,No,No,No,No,No,Month-to-month,Si,Deposito bancario,69.05,1793.25,No
UX-7562,Femenino,0,No,No,13,Si,No,Fiber optic,No,No,No,No,No,No,Month-to-month,Si,Deposito bancario,70.15,886.7,No
SB-8071,Femenino,0,No,No,70,Si,Si,Fiber optic,Si,Si,Si,No,Si,Si,Two year,Si,Deposito bancario,111.15,7737.55,No
IU-1113,Femenino,0,Si,No,14,Si,No,Fiber optic,Si,Si,No,Si,Si,Si,One year,No,Deposito bancario,105.95,1348.9,Si
CN-6668,Femenino,0,Si,Si,19,Si,Si,Fiber optic,No,No,No,Si,No,Si,One year,Si,Transferencia Bancaria,89.35,1686.85,No
MG-5626,Femenino,0,No,No,20,Si,Si,Fiber optic,Si,No,No,No,Si,No,Month-to-month,Si,Transferencia Bancaria,89.1,1879.25,No
LL-5681,Masculino,0,Si,Si,43,Si,Si,Fiber optic,Si,No,Si,Si,No,No,One year,Si,Tarjeta de Credito,91.25,4013.8,No
DJ-8212,Masculino,0,Si,Si,5,Si,No,Fiber optic,Si,No,Si,No,No,Si,Month-to-month,Si,Deposito bancario,90.35,434.5,No
OH-4323,Femenino,1,Si,No,70,Si,Si,Fiber optic,No,Si,No,Si,Si,Si,One year,Si,Transferencia Bancaria,105.55,7195.35,No
BS-4933,Femenino,0,Si,No,40,Si,No,No,No internet service,No internet service,No internet service,No internet service,No internet service,No internet service,Two year,No,Deposito bancario,19.1,780.1,No
BT-2030,Masculino,0,Si,Si,6,Si,No,No,No internet service,No internet service,No internet service,No internet service,No internet service,No internet service,Two year,Si,Tarjeta de Credito,20.4,107.6,No
DX-1116,Masculino,0,No,No,39,Si,No,Fiber optic,Si,No,Si,No,Si,Si,Two year,Si,Cheque,100.45,3801.7,No
CN-9274,Masculino,1,Si,No,4,Si,Si,Fiber optic,No,No,No,No,No,No,Month-to-month,No,Cheque,74.95,308.7,Si
XK-7758,Masculino,0,No,No,15,No,No Servicio Telef nico,DSL,No,No,No,Si,No,No,Month-to-month,Si,Cheque,29.7,438.25,Si
JQ-8992,Masculino,0,Si,No,1,No,No Servicio Telef nico,DSL,No,No,Si,No,Si,Si,Month-to-month,Si,Cheque,50.35,50.35,Si
VN-6563,Femenino,1,No,No,45,Si,No,Fiber optic,Si,Si,No,Si,No,No,Month-to-month,Si,Transferencia Bancaria,85.7,3778.1,No
AQ-0617,Femenino,0,Si,No,64,No,No Servicio Telef nico,DSL,Si,No,Si,Si,No,Si,Two year,No,Cheque,47.85,3147.5,Si
WT-2267,Femenino,1,Si,No,57,Si,Si,Fiber optic,No,Si,Si,No,No,Si,Month-to-month,No,Tarjeta de Credito,94,5438.95,No
TH-0270,Masculino,0,Si,Si,72,Si,Si,DSL,Si,Si,Si,Si,No,No,Two year,No,Transferencia Bancaria,69.85,5102.35,No
PL-2446,Masculino,0,No,No,1,Si,No,Fiber optic,No,No,No,No,No,No,Month-to-month,Si,Cheque,70.3,70.3,Si
MA-4707,Masculino,0,Si,No,72,Si,Si,No,No internet service,No internet service,No internet service,No internet service,No internet service,No internet service,Two year,No,Tarjeta de Credito,25.85,1872.2,No
WY-2710,Femenino,0,No,No,3,Si,No,DSL,Si,Si,No,Si,No,Si,Two year,No,Deposito bancario,71.1,213.35,No
NF-3005,Masculino,1,No,No,55,Si,Si,Fiber optic,Si,No,No,No,Si,Si,Month-to-month,Si,Cheque,98.8,5617.75,Si
BW-6300,Femenino,0,Si,No,59,Si,Si,Fiber optic,No,No,Si,Si,Si,No,Month-to-month,No,Cheque,93.35,5386.5,No
CG-8784,Femenino,0,No,No,18,Si,Si,Fiber optic,No,No,No,Si,Si,Si,Month-to-month,Si,Transferencia Bancaria,99.85,1776.95,Si
FF-5389,Masculino,1,Si,No,32,Si,No,Fiber optic,No,No,No,No,No,Si,Month-to-month,Si,Tarjeta de Credito,80.3,2483.05,Si
LG-7009,Femenino,0,No,No,4,Si,No,DSL,Si,No,No,No,No,No,Month-to-month,Si,Transferencia Bancaria,50.55,235.65,No
WR-8444,Femenino,1,No,No,66,Si,Si,Fiber optic,No,Si,No,No,No,No,Month-to-month,Si,Tarjeta de Credito,80.45,5224.35,Si
KV-5022,Masculino,0,No,No,27,Si,Si,Fiber optic,No,No,Si,No,No,No,Month-to-month,Si,Cheque,81.3,2272.8,No
CI-7976,Masculino,0,No,No,4,Si,No,No,No internet service,No internet service,No internet service,No internet service,No internet service,No internet service,Month-to-month,Si,Tarjeta de Credito,20.7,83.75,No
GU-1036,Masculino,0,Si,Si,60,Si,No,DSL,Si,Si,No,Si,Si,Si,Month-to-month,Si,Tarjeta de Credito,79.05,4663.4,No
DW-2005,Femenino,0,Si,Si,8,Si,No,No,No internet service,No internet service,No internet service,No internet service,No internet service,No internet service,Two year,No,Deposito bancario,19.05,201.7,No
WO-8148,Masculino,0,Si,Si,8,Si,No,No,No internet service,No internet service,No internet service,No internet service,No internet service,No internet service,Two year,No,Tarjeta de Credito,19.6,125,No
PD-7815,Masculino,0,No,No,35,Si,No,No,No internet service,No internet service,No internet service,No internet service,No internet service,No internet service,Two year,Si,Deposito bancario,20.2,684.4,No
LP-9451,Masculino,0,No,No,7,Si,Si,Fiber optic,No,No,No,No,No,Si,Month-to-month,Si,Cheque,86.8,620.35,Si
IV-9173,Femenino,0,Si,Si,53,Si,No,No,No internet service,No internet service,No internet service,No internet service,No internet service,No internet service,Two year,No,Deposito bancario,20.9,1146.05,No
UX-9129,Femenino,1,No,No,18,Si,Si,Fiber optic,No,Si,No,Si,Si,Si,Month-to-month,Si,Tarjeta de Credito,103.6,1806.35,No
JB-3635,Femenino,0,No,No,15,No,No Servicio Telef nico,DSL,No,Si,No,No,No,Si,Two year,Si,Deposito bancario,38.8,603,No
ZR-7964,Masculino,0,Si,No,67,Si,Si,Fiber optic,No,Si,No,No,Si,No,One year,Si,Transferencia Bancaria,88.4,5798.3,No
YW-5868,Masculino,1,Si,No,6,Si,No,Fiber optic,No,Si,No,No,No,Si,Month-to-month,Si,Cheque,84.2,519.15,Si
LS-6229,Masculino,1,No,No,6,Si,No,Fiber optic,No,No,No,No,Si,No,Month-to-month,Si,Cheque,79.7,497.6,No
JK-2025,Masculino,0,No,No,13,Si,Si,Fiber optic,No,No,No,Si,Si,Si,Month-to-month,Si,Deposito bancario,99,1301.7,Si
SA-4078,Femenino,0,No,No,11,Si,Si,Fiber optic,No,No,Si,No,Si,Si,Month-to-month,Si,Cheque,100.75,1129.75,Si
IQ-1724,Masculino,0,No,Si,1,Si,No,No,No internet service,No internet service,No internet service,No internet service,No internet service,No internet service,Month-to-month,Si,Deposito bancario,19.3,19.3,No
QY-8217,Masculino,0,No,No,5,Si,No,DSL,Si,No,No,Si,No,No,Month-to-month,Si,Deposito bancario,55.75,266.95,No
QU-5546,Masculino,0,No,No,13,Si,No,No,No internet service,No internet service,No internet service,No internet service,No internet service,No internet service,One year,Si,Deposito bancario,19.95,257,No
HP-9940,Femenino,0,Si,No,9,Si,Si,Fiber optic,Si,Si,Si,No,No,No,Month-to-month,No,Transferencia Bancaria,91.75,865.8,Si
UU-6897,Masculino,0,No,No,29,Si,No,Fiber optic,No,Si,No,Si,Si,No,Month-to-month,No,Deposito bancario,89.65,2623.65,No
IY-6127,Masculino,1,No,No,1,Si,No,DSL,No,No,No,No,No,No,Month-to-month,Si,Deposito bancario,45.85,45.85,No
RY-6618,Femenino,0,No,No,1,Si,Si,Fiber optic,No,No,Si,No,No,No,Month-to-month,Si,Deposito bancario,79.55,79.55,Si
XO-8930,Femenino,0,Si,Si,18,Si,No,DSL,No,No,No,No,Si,No,Month-to-month,No,Deposito bancario,55.95,1082.8,No
QE-5916,Femenino,0,Si,No,2,Si,No,DSL,No,No,Si,No,Si,Si,Month-to-month,No,Tarjeta de Credito,69,147.8,No
TQ-5060,Masculino,0,Si,Si,30,Si,Si,Fiber optic,No,Si,No,Si,No,No,Month-to-month,Si,Transferencia Bancaria,83.55,2570.2,No
XB-0531,Masculino,0,No,Si,66,Si,Si,DSL,Si,Si,No,Si,No,No,Two year,No,Transferencia Bancaria,65.7,4378.9,No
SB-8465,Masculino,0,Si,Si,38,Si,Si,Fiber optic,No,No,Si,Si,Si,No,Two year,Si,Transferencia Bancaria,94.9,3616.25,No
PS-2408,Masculino,0,Si,Si,44,Si,No,DSL,No,Si,Si,Si,No,No,Month-to-month,Si,Deposito bancario,61.9,2924.05,No
YE-9079,Femenino,0,No,No,54,Si,Si,Fiber optic,No,Si,Si,Si,Si,Si,Month-to-month,No,Cheque,111.1,6014.85,Si
ZC-9700,Masculino,0,No,No,2,Si,No,No,No internet service,No internet service,No internet service,No internet service,No internet service,No internet service,Month-to-month,No,Deposito bancario,20,32.7,No
JO-8738,Femenino,0,No,No,42,Si,No,DSL,Si,Si,No,Si,No,Si,One year,Si,Deposito bancario,67.7,2882.25,No
WG-4534,Femenino,0,Si,Si,58,Si,Si,No,No internet service,No internet service,No internet service,No internet service,No internet service,No internet service,Two year,No,Tarjeta de Credito,25.15,1509.9,No
WN-1930,Masculino,0,Si,Si,58,Si,No,Fiber optic,No,Si,No,No,Si,Si,Month-to-month,Si,Cheque,92.85,5305.05,No
SR-2685,Femenino,0,Si,Si,25,Si,Si,Fiber optic,No,No,Si,No,No,Si,Month-to-month,Si,Cheque,89.1,2368.4,Si
CF-3508,Femenino,0,No,No,71,Si,Si,Fiber optic,Si,Si,Si,Si,Si,Si,Two year,No,Deposito bancario,111.3,7985.9,No
CQ-0402,Femenino,0,No,No,37,Si,Si,Fiber optic,No,Si,Si,No,Si,Si,Month-to-month,Si,Transferencia Bancaria,101.9,3545.35,Si
UD-6692,Femenino,0,Si,Si,14,Si,Si,Fiber optic,No,No,No,Si,Si,No,Month-to-month,Si,Cheque,91.65,1301,Si
MT-1273,Femenino,1,No,No,4,Si,Si,Fiber optic,No,No,Si,No,No,Si,Month-to-month,Si,Cheque,88.85,372.45,Si
DO-0657,Femenino,0,Si,No,48,Si,Si,DSL,Si,No,No,Si,No,No,One year,Si,Transferencia Bancaria,60.6,2985.25,No
HP-5480,Femenino,1,No,No,3,No,No Servicio Telef nico,DSL,No,No,No,No,No,No,Month-to-month,No,Cheque,25.3,77.75,Si
AO-8792,Femenino,0,Si,No,8,Si,No,DSL,Si,No,No,Si,No,Si,Two year,No,Deposito bancario,65.5,564.35,No
PP-0295,Masculino,0,No,No,1,Si,Si,Fiber optic,No,No,No,No,Si,Si,Month-to-month,Si,Cheque,95.45,95.45,Si
YY-5146,Masculino,0,No,No,67,Si,No,No,No internet service,No internet service,No internet service,No internet service,No internet service,No internet service,Two year,No,Transferencia Bancaria,19.95,1311.75,No
OI-1195,Masculino,0,No,No,13,Si,No,Fiber optic,No,No,No,No,Si,Si,Month-to-month,Si,Cheque,91.1,1135.7,Si
CV-5906,Femenino,0,Si,Si,45,Si,No,DSL,No,Si,No,Si,No,No,One year,Si,Tarjeta de Credito,54.15,2319.8,Si
SR-3452,Masculino,0,No,No,49,Si,Si,Fiber optic,No,No,No,No,No,No,Month-to-month,Si,Transferencia Bancaria,74.6,3720.35,No
OK-4070,Femenino,0,Si,No,52,Si,Si,Fiber optic,No,Si,Si,No,Si,No,Month-to-month,No,Transferencia Bancaria,94.6,5025.8,No
MD-5297,Femenino,0,Si,No,63,Si,No,Fiber optic,Si,No,Si,No,No,No,One year,Si,Tarjeta de Credito,81.15,5224.5,No
MC-6369,Femenino,0,Si,Si,68,Si,Si,DSL,Si,Si,Si,Si,Si,Si,Two year,Si,Transferencia Bancaria,89.05,6185.8,No
UM-4926,Femenino,0,Si,No,31,Si,No,DSL,No,No,No,Si,No,No,Month-to-month,Si,Deposito bancario,49.2,1498.55,No
HJ-6848,Femenino,0,Si,No,64,Si,No,No,No internet service,No internet service,No internet service,No internet service,No internet service,No internet service,Two year,No,Tarjeta de Credito,19.45,1208.6,No
AE-6341,Femenino,0,Si,No,62,Si,No,Fiber optic,Si,No,Si,Si,Si,Si,One year,Si,Cheque,104.3,6613.65,No
EQ-4501,Femenino,0,No,No,1,Si,No,Fiber optic,No,No,No,No,No,No,Month-to-month,No,Transferencia Bancaria,69.7,69.7,Si
HW-2990,Femenino,0,No,No,6,Si,No,Fiber optic,No,No,No,No,Si,Si,Month-to-month,Si,Cheque,89.5,573.3,Si
US-0682,Femenino,0,Si,No,21,Si,No,Fiber optic,No,No,No,Si,Si,No,Month-to-month,Si,Cheque,86.05,1818.9,No
BW-6976,Femenino,0,Si,Si,72,Si,Si,No,No internet service,No internet service,No internet service,No internet service,No internet service,No internet service,Two year,No,Transferencia Bancaria,25.2,1787.35,No
NV-7078,Femenino,0,Si,Si,32,No,No Servicio Telef nico,DSL,Si,Si,No,No,No,No,Month-to-month,Si,Cheque,35.15,1051.05,No
QB-8065,Femenino,1,No,No,71,Si,Si,Fiber optic,Si,Si,No,Si,Si,No,One year,Si,Tarjeta de Credito,99.65,7181.25,No
TS-2133,Femenino,0,No,Si,34,Si,No,Fiber optic,Si,Si,Si,No,Si,Si,Month-to-month,Si,Transferencia Bancaria,105.35,3688.6,No
GH-7384,Masculino,0,Si,No,3,No,No Servicio Telef nico,DSL,No,No,No,No,No,Si,Month-to-month,Si,Cheque,35.15,99.75,Si
US-7603,Masculino,0,No,Si,12,Si,Si,Fiber optic,No,No,No,No,No,No,Month-to-month,Si,Tarjeta de Credito,73.75,871.4,Si
FE-7234,Femenino,1,No,No,8,Si,Si,Fiber optic,No,No,Si,No,Si,Si,Month-to-month,No,Cheque,101.35,780.5,Si
AL-2511,Femenino,0,Si,Si,35,Si,Si,No,No internet service,No internet service,No internet service,No internet service,No internet service,No internet service,Two year,No,Transferencia Bancaria,24.3,821.6,No
CS-3191,Femenino,0,Si,Si,3,Si,No,Fiber optic,No,No,No,No,Si,No,Month-to-month,Si,Cheque,80.7,239.45,No
OB-7952,Masculino,0,No,No,3,Si,No,Fiber optic,No,No,Si,Si,Si,No,Month-to-month,Si,Deposito bancario,89.85,244.45,No
DY-7470,Masculino,0,No,No,53,Si,No,DSL,No,No,Si,No,No,Si,One year,Si,Cheque,61.1,3357.9,No
OE-7853,Femenino,0,Si,No,4,No,No Servicio Telef nico,DSL,Si,No,No,No,No,No,Month-to-month,Si,Cheque,29.05,129.6,No
AC-1545,Femenino,0,Si,Si,48,Si,No,Fiber optic,Si,No,Si,No,Si,Si,One year,Si,Transferencia Bancaria,99.7,4977.2,No
HZ-5876,Femenino,0,Si,Si,6,Si,No,DSL,Si,Si,No,No,No,No,Month-to-month,No,Tarjeta de Credito,55.9,365.35,Si
MM-1400,Masculino,1,Si,No,3,Si,Si,Fiber optic,No,Si,Si,No,Si,Si,Month-to-month,Si,Cheque,105.9,334.65,Si
RC-5126,Masculino,0,Si,Si,54,No,No Servicio Telef nico,DSL,No,No,Si,Si,No,Si,Two year,No,Tarjeta de Credito,46,2424.05,No
QU-3085,Femenino,0,No,No,1,Si,No,DSL,No,No,No,No,No,No,Month-to-month,No,Deposito bancario,43.95,43.95,Si
BJ-2363,Masculino,0,No,No,62,Si,No,DSL,No,Si,Si,Si,Si,Si,Month-to-month,Si,Transferencia Bancaria,80.4,4981.15,No
YI-1956,Masculino,0,Si,Si,22,Si,No,Fiber optic,No,Si,Si,No,Si,Si,One year,Si,Deposito bancario,100.05,2090.25,No
CU-3926,Masculino,0,No,No,1,Si,No,DSL,No,No,No,No,No,No,Month-to-month,Si,Transferencia Bancaria,45.1,45.1,Si
LM-7921,Masculino,1,No,No,51,Si,No,Fiber optic,No,No,Si,No,Si,Si,One year,Si,Transferencia Bancaria,94,4905.75,No
MX-2925,Femenino,0,No,No,30,Si,Si,DSL,No,Si,Si,No,Si,No,One year,Si,Tarjeta de Credito,68.95,2038.7,No
PT-5820,Femenino,1,Si,No,56,Si,Si,DSL,Si,Si,Si,Si,No,No,One year,Si,Tarjeta de Credito,68.45,4014,No
BE-9609,Masculino,0,Si,No,35,Si,Si,DSL,No,Si,No,Si,Si,No,One year,Si,Cheque,69,2441.7,No
WH-6211,Femenino,1,No,No,64,No,No Servicio Telef nico,DSL,No,Si,No,Si,Si,No,Month-to-month,Si,Cheque,43.85,2751,No
BB-4459,Masculino,0,No,Si,30,No,No Servicio Telef nico,DSL,No,No,No,No,Si,Si,Month-to-month,Si,Cheque,44.5,1307.8,No
PS-9945,Femenino,0,Si,Si,25,Si,No,No,No internet service,No internet service,No internet service,No internet service,No internet service,No internet service,Two year,Si,Deposito bancario,18.7,383.65,No
RX-1041,Femenino,0,No,No,41,Si,No,Fiber optic,No,No,No,No,No,No,Month-to-month,No,Transferencia Bancaria,70.25,2868.05,Si
CS-1750,Masculino,0,No,Si,9,Si,No,DSL,No,No,No,No,Si,No,Month-to-month,No,Cheque,55.35,449.75,Si
EJ-9108,Femenino,0,Si,No,1,Si,No,DSL,Si,Si,No,No,No,No,Month-to-month,Si,Deposito bancario,53.55,53.55,No
IJ-0530,Masculino,0,No,Si,70,Si,Si,Fiber optic,Si,Si,Si,Si,Si,Si,Two year,Si,Cheque,114.6,7882.5,No
SQ-0508,Femenino,0,Si,Si,57,Si,No,No,No internet service,No internet service,No internet service,No internet service,No internet service,No internet service,Two year,Si,Transferencia Bancaria,20.1,1087.7,No
ZA-2215,Masculino,0,No,No,9,Si,Si,Fiber optic,No,No,No,No,Si,No,Month-to-month,Si,Cheque,85.5,791.7,No
TA-8213,Femenino,0,Si,Si,69,Si,Si,Fiber optic,No,Si,Si,Si,Si,Si,One year,Si,Transferencia Bancaria,108.75,7493.05,No
HV-7142,Masculino,1,Si,No,43,Si,Si,Fiber optic,No,Si,Si,No,Si,Si,Month-to-month,Si,Cheque,103,4414.3,Si
SE-1304,Femenino,0,Si,No,72,Si,Si,Fiber optic,No,No,Si,No,Si,Si,Two year,Si,Cheque,97.85,6841.3,No
ED-7242,Masculino,0,No,Si,44,Si,No,No,No internet service,No internet service,No internet service,No internet service,No internet service,No internet service,Two year,No,Transferencia Bancaria,19.55,819.95,No
GG-2904,Femenino,0,Si,No,72,Si,Si,Fiber optic,Si,Si,No,No,No,No,Two year,Si,Transferencia Bancaria,84.05,6052.25,No
ZN-8267,Femenino,0,Si,No,33,Si,No,Fiber optic,Si,No,Si,Si,Si,Si,One year,Si,Cheque,103.75,3361.05,Si
GF-5136,Masculino,0,No,No,54,Si,Si,Fiber optic,No,No,Si,No,No,Si,Month-to-month,No,Tarjeta de Credito,89.4,4869.5,No
KI-2595,Masculino,0,No,Si,27,Si,No,No,No internet service,No internet service,No internet service,No internet service,No internet service,No internet service,Two year,No,Tarjeta de Credito,19.7,509.3,No
SA-5243,Masculino,0,No,No,54,Si,Si,Fiber optic,No,Si,No,No,No,No,Month-to-month,Si,Transferencia Bancaria,79.85,4308.25,No
MM-9398,Masculino,0,No,No,3,Si,No,Fiber optic,No,Si,No,No,No,No,Month-to-month,No,Tarjeta de Credito,74.45,221.1,No
PL-7619,Femenino,0,Si,No,53,Si,Si,DSL,Si,Si,Si,No,No,Si,One year,No,Transferencia Bancaria,74.1,3833.95,No
GI-6457,Masculino,0,No,No,1,Si,No,Fiber optic,No,No,No,No,No,No,Month-to-month,Si,Cheque,69.35,69.35,Si
NJ-6508,Masculino,0,Si,No,15,Si,No,No,No internet service,No internet service,No internet service,No internet service,No internet service,No internet service,One year,No,Deposito bancario,18.8,294.95,No
SK-1450,Femenino,0,No,No,56,Si,No,Fiber optic,No,Si,No,No,No,No,Month-to-month,Si,Cheque,73.85,4092.85,Si
NK-4710,Masculino,0,Si,Si,5,Si,Si,DSL,Si,Si,No,Si,No,No,Month-to-month,No,Tarjeta de Credito,64.4,316.9,No
BV-5306,Masculino,0,Si,Si,48,Si,No,DSL,No,Si,Si,No,No,No,One year,Si,Tarjeta de Credito,55.8,2651.2,No
NV-0357,Femenino,0,No,Si,25,Si,No,No,No internet service,No internet service,No internet service,No internet service,No internet service,No internet service,Month-to-month,No,Tarjeta de Credito,20.05,471.7,No
PT-5570,Femenino,0,Si,No,3,Si,Si,Fiber optic,No,No,No,No,No,No,Month-to-month,Si,Tarjeta de Credito,75.15,216.75,Si
KF-2371,Masculino,0,No,No,58,Si,No,Fiber optic,Si,Si,No,No,Si,Si,One year,No,Transferencia Bancaria,99.15,5720.95,No
ZS-0463,Masculino,0,No,No,10,Si,No,DSL,No,No,No,No,No,Si,Month-to-month,Si,Transferencia Bancaria,56.75,503.25,No
MJ-6502,Masculino,0,No,No,1,Si,No,Fiber optic,No,No,No,No,No,No,Month-to-month,Si,Cheque,69.6,69.6,Si
DT-6257,Masculino,0,Si,No,71,Si,Si,Fiber optic,No,Si,No,Si,Si,Si,Two year,Si,Tarjeta de Credito,104.15,7365.3,No
UL-4616,Femenino,0,Si,Si,65,Si,Si,Fiber optic,No,Si,Si,Si,Si,Si,Two year,Si,Tarjeta de Credito,110.8,7245.9,No
LC-7693,Masculino,0,Si,Si,5,Si,Si,Fiber optic,No,Si,No,No,No,No,Month-to-month,Si,Cheque,80.15,385,Si
AW-7746,Femenino,0,No,No,28,No,No Servicio Telef nico,DSL,No,No,Si,Si,No,No,Month-to-month,Si,Deposito bancario,35.75,961.4,No
EB-5996,Femenino,0,Si,Si,67,Si,Si,DSL,No,No,Si,Si,No,Si,Two year,Si,Transferencia Bancaria,69.9,4615.9,No
RN-2758,Masculino,0,No,No,35,Si,No,Fiber optic,Si,No,No,Si,No,Si,One year,Si,Cheque,89.2,3251.3,No
TN-2314,Femenino,0,Si,Si,72,No,No Servicio Telef nico,DSL,Si,Si,Si,Si,No,Si,Two year,No,Tarjeta de Credito,55.65,3880.05,No
LB-2405,Femenino,0,Si,Si,61,No,No Servicio Telef nico,DSL,Si,Si,No,Si,No,Si,One year,Si,Transferencia Bancaria,50.7,3088.75,No
JF-3454,Masculino,1,No,No,68,Si,No,No,No internet service,No internet service,No internet service,No internet service,No internet service,No internet service,Two year,Si,Tarjeta de Credito,20,1396,No
PG-0032,Femenino,0,Si,Si,1,No,No Servicio Telef nico,DSL,Si,No,No,No,No,No,Month-to-month,No,Transferencia Bancaria,30.5,30.5,Si
ZV-9039,Masculino,0,No,No,3,Si,No,No,No internet service,No internet service,No internet service,No internet service,No internet service,No internet service,Month-to-month,Si,Deposito bancario,19.1,53.05,No
LN-6797,Masculino,0,Si,Si,70,Si,Si,Fiber optic,No,Si,No,No,Si,Si,Two year,No,Transferencia Bancaria,98.3,6859.5,Si
AQ-9013,Femenino,0,No,Si,48,No,No Servicio Telef nico,DSL,No,Si,Si,No,No,Si,Month-to-month,No,Tarjeta de Credito,45.55,2108.35,No
MR-2898,Masculino,0,Si,Si,68,Si,Si,Fiber optic,No,Si,No,No,Si,Si,One year,Si,Tarjeta de Credito,101.05,6770.5,No
BJ-2750,Femenino,0,No,No,47,Si,No,Fiber optic,Si,No,Si,Si,Si,Si,One year,Si,Cheque,103.7,4730.6,No
GZ-3648,Masculino,0,Si,Si,32,No,No Servicio Telef nico,DSL,No,No,Si,Si,No,No,One year,Si,Deposito bancario,36.25,1151.05,No
RM-2075,Femenino,0,Si,Si,5,Si,No,DSL,Si,No,No,No,No,No,Month-to-month,Si,Deposito bancario,49.4,232.55,No
YR-9588,Masculino,0,No,No,49,Si,No,No,No internet service,No internet service,No internet service,No internet service,No internet service,No internet service,Two year,Si,Tarjeta de Credito,19.9,1022.6,No
MF-6394,Femenino,0,No,No,48,Si,Si,Fiber optic,No,Si,Si,No,Si,Si,Month-to-month,Si,Transferencia Bancaria,107.4,5121.3,Si
NT-1564,Femenino,1,No,No,13,Si,Si,Fiber optic,No,No,No,No,No,Si,Month-to-month,Si,Cheque,82,1127.2,Si
YK-9364,Masculino,0,No,No,15,Si,No,No,No internet service,No internet service,No internet service,No internet service,No internet service,No internet service,Month-to-month,Si,Deposito bancario,19.8,309.4,No
AK-5392,Femenino,0,No,No,12,Si,No,DSL,No,No,No,No,No,No,Month-to-month,Si,Cheque,45.05,523.1,No
YM-2451,Masculino,1,No,No,67,Si,Si,DSL,Si,Si,No,Si,No,No,Two year,Si,Transferencia Bancaria,64.55,4250.1,No
FD-3914,Masculino,0,No,No,9,Si,No,Fiber optic,No,No,No,Si,Si,No,Month-to-month,No,Cheque,86.25,770.5,No
ZK-3078,Femenino,0,Si,Si,13,Si,No,No,No internet service,No internet service,No internet service,No internet service,No internet service,No internet service,Two year,Si,Transferencia Bancaria,19.75,246.7,No
KP-1024,Femenino,0,No,No,38,Si,No,Fiber optic,No,No,No,No,Si,Si,One year,Si,Deposito bancario,89.1,3342,No
PK-4690,Femenino,1,Si,No,42,Si,Si,Fiber optic,No,Si,Si,No,Si,No,Month-to-month,Si,Cheque,95.55,3930.6,No
IB-8155,Femenino,0,Si,No,24,Si,Si,Fiber optic,No,No,No,No,No,No,Month-to-month,Si,Tarjeta de Credito,75.4,1747.85,Si
QG-0886,Femenino,1,Si,No,27,Si,No,Fiber optic,Si,No,Si,No,Si,Si,Month-to-month,Si,Cheque,101.25,2754.45,Si
IT-9547,Masculino,0,Si,Si,9,Si,Si,Fiber optic,No,Si,Si,No,Si,Si,Month-to-month,Si,Tarjeta de Credito,102.6,897.75,No
FU-1264,Femenino,0,Si,No,49,No,No Servicio Telef nico,DSL,No,Si,No,Si,Si,Si,One year,Si,Tarjeta de Credito,56.3,2780.6,No
CR-7789,Femenino,1,Si,No,61,Si,Si,Fiber optic,Si,Si,Si,Si,No,No,Month-to-month,Si,Tarjeta de Credito,94.2,5895.45,No
KE-6598,Masculino,0,No,Si,50,No,No Servicio Telef nico,DSL,Si,Si,No,No,Si,No,One year,Si,Transferencia Bancaria,43.05,2208.05,No
WW-8739,Masculino,1,No,No,25,Si,Si,Fiber optic,No,Si,No,No,Si,No,Month-to-month,Si,Cheque,89.5,2196.15,Si
WH-8685,Femenino,1,No,No,22,Si,Si,Fiber optic,No,No,No,No,No,No,Month-to-month,Si,Transferencia Bancaria,74.4,1692.6,Si
LS-4745,Masculino,0,No,No,1,Si,No,No,No internet service,No internet service,No internet service,No internet service,No internet service,No internet service,Month-to-month,No,Deposito bancario,20.5,20.5,Si
YT-8083,Masculino,0,No,No,4,Si,Si,Fiber optic,No,No,No,No,No,No,Month-to-month,Si,Cheque,74.35,265.35,Si
FQ-7240,Femenino,1,Si,No,18,Si,Si,Fiber optic,No,No,No,Si,Si,Si,Month-to-month,No,Transferencia Bancaria,99.75,1836.25,Si
FP-6664,Femenino,1,No,No,56,Si,Si,Fiber optic,No,Si,Si,Si,Si,Si,One year,Si,Cheque,111.95,6418.9,Si
VA-9972,Femenino,1,Si,No,53,Si,No,Fiber optic,No,Si,Si,Si,Si,No,One year,Si,Cheque,94,4871.45,No
UX-0422,Femenino,0,Si,No,51,Si,Si,Fiber optic,No,No,Si,No,Si,Si,One year,Si,Cheque,98.85,4947.55,No
WA-1904,Femenino,0,Si,Si,24,Si,Si,DSL,Si,Si,Si,No,No,No,Two year,No,Cheque,64.35,1558.65,No
YP-5130,Femenino,0,Si,No,62,Si,No,DSL,Si,Si,Si,No,Si,No,Two year,Si,Tarjeta de Credito,72,4284.2,No
CQ-2843,Masculino,0,No,No,24,Si,No,DSL,No,Si,No,No,No,No,Month-to-month,Si,Deposito bancario,49.7,1218.25,No
PK-6439,Femenino,0,Si,Si,70,Si,Si,DSL,Si,Si,Si,Si,Si,No,Two year,No,Cheque,80.7,5617.95,No
QE-5351,Masculino,0,No,Si,1,No,No Servicio Telef nico,DSL,No,No,No,No,No,No,Month-to-month,No,Deposito bancario,24.2,24.2,No
VS-0786,Masculino,1,No,No,16,No,No Servicio Telef nico,DSL,No,Si,No,No,Si,No,Month-to-month,Si,Deposito bancario,39,679.85,Si
DM-5568,Femenino,0,No,No,8,Si,No,DSL,No,Si,No,Si,Si,No,Month-to-month,Si,Cheque,65.45,554.45,No
FZ-8468,Femenino,0,Si,Si,72,Si,No,DSL,Si,Si,Si,Si,No,Si,Two year,Si,Cheque,74.35,5237.4,No
SY-6633,Femenino,0,No,No,23,Si,No,Fiber optic,No,Si,Si,Si,No,No,Month-to-month,No,Transferencia Bancaria,83.2,2032.3,No
GO-6447,Masculino,0,No,Si,31,No,No Servicio Telef nico,DSL,No,No,No,No,No,No,Month-to-month,No,Tarjeta de Credito,25,789.2,No
PE-6967,Masculino,0,Si,Si,37,No,No Servicio Telef nico,DSL,Si,No,Si,Si,No,No,One year,Si,Cheque,40.2,1525.35,No
BW-3976,Femenino,0,Si,No,30,Si,Si,Fiber optic,No,Si,No,Si,Si,No,Month-to-month,Si,Tarjeta de Credito,94.1,2804.45,Si
ZV-5981,Femenino,1,No,No,35,Si,Si,Fiber optic,Si,Si,Si,No,Si,Si,One year,Si,Cheque,108.35,3726.15,No
FL-1684,Femenino,0,Si,Si,23,Si,Si,DSL,No,Si,No,Si,Si,No,Month-to-month,Si,Tarjeta de Credito,69.5,1652.1,No
WN-1389,Femenino,0,Si,Si,20,Si,Si,DSL,Si,No,No,No,Si,Si,One year,No,Transferencia Bancaria,76,1588.75,No
OI-0376,Masculino,0,Si,No,36,Si,No,Fiber optic,Si,No,No,No,Si,Si,Month-to-month,Si,Cheque,93.6,3366.05,No
IS-3585,Femenino,0,No,No,8,Si,Si,Fiber optic,No,No,No,No,Si,Si,Month-to-month,No,Transferencia Bancaria,95.65,778.1,Si
QN-0218,Masculino,0,Si,Si,71,Si,Si,Fiber optic,No,Si,No,No,Si,Si,One year,No,Transferencia Bancaria,100.55,7113.75,No
QG-6583,Femenino,1,Si,No,50,Si,Si,Fiber optic,No,Si,No,No,Si,No,Month-to-month,Si,Cheque,88.05,4367.35,Si
YG-0804,Femenino,0,Si,Si,43,Si,Si,No,No internet service,No internet service,No internet service,No internet service,No internet service,No internet service,One year,Si,Transferencia Bancaria,24.45,993.15,No
BP-7164,Masculino,0,No,Si,57,Si,Si,DSL,Si,Si,Si,Si,Si,Si,Two year,No,Deposito bancario,89.55,5012.35,No
LP-4174,Femenino,0,Si,Si,41,Si,No,DSL,No,Si,No,Si,No,Si,One year,Si,Transferencia Bancaria,66.5,2728.6,Si
EW-2523,Femenino,0,Si,No,27,Si,No,Fiber optic,No,Si,No,No,No,No,Month-to-month,Si,Cheque,76.1,2093.4,No
XU-0928,Femenino,0,No,No,13,Si,No,Fiber optic,No,No,No,No,No,Si,Month-to-month,Si,Cheque,80.5,1011.8,No
XW-2108,Masculino,0,No,No,3,No,No Servicio Telef nico,DSL,Si,Si,No,No,No,No,Month-to-month,Si,Deposito bancario,35.45,106.85,Si
YN-0052,Femenino,0,No,No,67,Si,No,No,No internet service,No internet service,No internet service,No internet service,No internet service,No internet service,One year,No,Cheque,20.55,1343.4,No
IJ-6304,Masculino,0,No,No,3,Si,No,DSL,No,Si,No,No,No,No,Month-to-month,Si,Deposito bancario,49.9,130.1,Si
JG-9586,Femenino,0,Si,No,64,Si,Si,Fiber optic,No,Si,No,Si,Si,Si,Two year,Si,Transferencia Bancaria,105.4,6794.75,No
VC-4501,Masculino,0,No,No,26,No,No Servicio Telef nico,DSL,No,No,Si,Si,No,No,Month-to-month,No,Cheque,35.75,1022.5,No
SL-6075,Masculino,0,No,No,38,Si,Si,Fiber optic,No,Si,Si,No,No,Si,Month-to-month,Si,Tarjeta de Credito,95.1,3691.2,No
AE-9347,Masculino,0,Si,No,23,Si,No,No,No internet service,No internet service,No internet service,No internet service,No internet service,No internet service,One year,No,Tarjeta de Credito,19.3,486.2,No
XW-0093,Masculino,0,No,No,40,Si,Si,Fiber optic,No,Si,Si,No,Si,Si,Month-to-month,Si,Tarjeta de Credito,104.5,4036.85,Si
XU-2274,Masculino,1,Si,No,72,No,No Servicio Telef nico,DSL,Si,Si,Si,Si,Si,Si,Two year,Si,Transferencia Bancaria,63.1,4685.55,No
KX-1980,Femenino,1,No,No,3,Si,Si,Fiber optic,No,No,No,No,No,No,Month-to-month,Si,Tarjeta de Credito,75.05,256.25,Si
ZE-7703,Masculino,0,No,No,23,Si,Si,Fiber optic,No,No,Si,No,No,No,Month-to-month,Si,Cheque,81,1917.1,Si
DR-0723,Femenino,1,Si,No,1,Si,Si,Fiber optic,No,No,No,No,No,No,Month-to-month,Si,Cheque,74.45,74.45,Si
NU-5482,Femenino,0,No,No,4,Si,No,DSL,Si,Si,No,Si,No,No,Month-to-month,Si,Deposito bancario,60.4,272.15,Si
CC-6691,Femenino,0,Si,No,62,Si,Si,DSL,Si,Si,No,Si,Si,Si,Two year,Si,Cheque,84.95,5150.55,No
BQ-1685,Femenino,0,No,No,40,Si,Si,Fiber optic,No,Si,Si,No,Si,No,Month-to-month,Si,Transferencia Bancaria,93.4,3756.4,No
EJ-9053,Masculino,0,No,No,41,Si,Si,Fiber optic,No,Si,No,No,Si,No,Month-to-month,Si,Cheque,89.2,3645.75,No
UX-0666,Masculino,1,Si,No,34,Si,No,Fiber optic,No,No,Si,No,Si,No,Month-to-month,Si,Tarjeta de Credito,85.2,2874.45,No
GI-1471,Femenino,0,No,No,1,Si,No,DSL,No,Si,No,No,No,No,Month-to-month,No,Cheque,49.95,49.95,No
IZ-4807,Femenino,0,No,No,51,Si,No,No,No internet service,No internet service,No internet service,No internet service,No internet service,No internet service,Two year,No,Transferencia Bancaria,20.65,1020.75,No
JW-1122,Masculino,0,Si,Si,1,Si,No,Fiber optic,No,No,No,No,No,No,Month-to-month,Si,Deposito bancario,70.65,70.65,Si
NJ-9710,Femenino,0,No,No,39,Si,No,No,No internet service,No internet service,No internet service,No internet service,No internet service,No internet service,Two year,No,Deposito bancario,20.15,826,No
FW-9837,Masculino,0,Si,Si,12,Si,No,No,No internet service,No internet service,No internet service,No internet service,No internet service,No internet service,Month-to-month,Si,Cheque,19.2,239,No
HP-1699,Masculino,0,No,No,12,Si,No,DSL,No,No,No,Si,Si,No,One year,Si,Cheque,59.8,727.8,Si
OY-7203,Masculino,0,No,No,72,Si,Si,Fiber optic,No,Si,Si,No,Si,Si,One year,Si,Cheque,104.95,7544.3,No
IP-1035,Femenino,1,Si,No,63,Si,Si,Fiber optic,No,Si,Si,No,Si,Si,Month-to-month,Si,Cheque,103.5,6479.4,No
LX-7398,Masculino,0,Si,No,44,Si,Si,Fiber optic,Si,No,Si,No,No,No,Month-to-month,Si,Tarjeta de Credito,84.8,3626.35,No
LK-2823,Femenino,0,No,No,18,Si,Si,Fiber optic,No,No,Si,Si,No,Si,Month-to-month,Si,Transferencia Bancaria,95.05,1679.4,No
CE-8775,Femenino,0,No,No,9,Si,No,DSL,No,No,No,No,No,No,Month-to-month,Si,Transferencia Bancaria,44.2,403.35,Si
DC-0550,Masculino,0,No,No,13,Si,No,DSL,No,Si,No,Si,Si,Si,Month-to-month,No,Deposito bancario,73.35,931.55,No
CE-9281,Femenino,0,Si,No,68,Si,No,DSL,No,Si,No,Si,Si,No,Two year,No,Transferencia Bancaria,64.1,4326.25,No
DW-2235,Femenino,1,No,No,6,No,No Servicio Telef nico,DSL,No,No,No,No,Si,Si,Month-to-month,Si,Cheque,44.4,263.05,No
OP-0871,Femenino,0,No,No,2,Si,No,No,No internet service,No internet service,No internet service,No internet service,No internet service,No internet service,Month-to-month,Si,Deposito bancario,20.05,39.25,No
JI-3605,Masculino,1,Si,No,55,Si,Si,DSL,Si,Si,No,No,No,No,One year,No,Tarjeta de Credito,60,3316.1,No
LF-6894,Masculino,1,No,No,1,Si,Si,Fiber optic,No,No,No,No,No,No,Month-to-month,Si,Cheque,75.75,75.75,Si
FF-9767,Masculino,0,No,No,38,Si,No,Fiber optic,No,No,No,No,No,No,Month-to-month,Si,Tarjeta de Credito,69.5,2625.25,No
TS-0639,Femenino,0,No,No,67,Si,Si,Fiber optic,Si,Si,Si,No,Si,No,Month-to-month,Si,Tarjeta de Credito,102.95,6886.25,Si
QD-8456,Masculino,0,No,No,19,Si,No,Fiber optic,No,No,No,No,Si,No,Month-to-month,Si,Transferencia Bancaria,78.7,1495.1,No
EY-7750,Femenino,0,No,No,12,No,No Servicio Telef nico,DSL,No,Si,Si,Si,Si,Si,One year,No,Cheque,60.65,743.3,No
WG-2569,Femenino,0,No,No,72,Si,No,No,No internet service,No internet service,No internet service,No internet service,No internet service,No internet service,Two year,Si,Transferencia Bancaria,21.15,1419.4,No
RE-6840,Masculino,0,Si,Si,24,Si,Si,DSL,Si,No,Si,Si,Si,Si,One year,Si,Deposito bancario,84.8,1990.5,No
XA-2234,Femenino,0,Si,Si,72,Si,Si,Fiber optic,No,Si,Si,No,Si,Si,One year,Si,Tarjeta de Credito,103.2,7362.9,No
JZ-4801,Femenino,0,Si,Si,11,No,No Servicio Telef nico,DSL,Si,No,No,No,No,No,Month-to-month,Si,Cheque,29.6,346.45,No
LT-8361,Masculino,1,Si,No,4,Si,Si,Fiber optic,No,No,No,No,No,No,Month-to-month,Si,Deposito bancario,74.4,306.6,Si
AJ-3186,Masculino,0,No,No,66,Si,No,Fiber optic,Si,No,Si,Si,Si,Si,Two year,Si,Transferencia Bancaria,105.65,6844.5,No
VH-7590,Femenino,0,Si,No,1,No,No Servicio Telef nico,DSL,No,Si,No,No,No,No,Month-to-month,Si,Cheque,29.85,29.85,No
GN-5575,Masculino,0,No,No,34,Si,No,DSL,Si,No,Si,No,No,No,One year,No,Deposito bancario,56.95,1889.5,No
QP-3668,Masculino,0,No,No,2,Si,No,DSL,Si,Si,No,No,No,No,Month-to-month,Si,Deposito bancario,53.85,108.15,Si
CF-7795,Masculino,0,No,No,45,No,No Servicio Telef nico,DSL,Si,No,Si,Si,No,No,One year,No,Transferencia Bancaria,42.3,1840.75,No
HQ-9237,Femenino,0,No,No,2,Si,No,Fiber optic,No,No,No,No,No,No,Month-to-month,Si,Cheque,70.7,151.65,Si
CD-9305,Femenino,0,No,No,8,Si,Si,Fiber optic,No,No,Si,No,Si,Si,Month-to-month,Si,Cheque,99.65,820.5,Si
KI-1452,Masculino,0,No,Si,22,Si,Si,Fiber optic,No,Si,No,No,Si,No,Month-to-month,Si,Tarjeta de Credito,89.1,1949.4,No
OK-6713,Femenino,0,No,No,10,No,No Servicio Telef nico,DSL,Si,No,No,No,No,No,Month-to-month,No,Deposito bancario,29.75,301.9,No
PO-7892,Femenino,0,Si,No,28,Si,Si,Fiber optic,No,No,Si,Si,Si,Si,Month-to-month,Si,Cheque,104.8,3046.05,Si
TA-6388,Masculino,0,No,Si,62,Si,No,DSL,Si,Si,No,No,No,No,One year,No,Transferencia Bancaria,56.15,3487.95,No
GR-9763,Masculino,0,Si,Si,13,Si,No,DSL,Si,No,No,No,No,No,Month-to-month,Si,Deposito bancario,49.95,587.45,No
LK-7469,Masculino,0,No,No,16,Si,No,No,No internet service,No internet service,No internet service,No internet service,No internet service,No internet service,Two year,No,Tarjeta de Credito,18.95,326.8,No
TT-8091,Masculino,0,Si,No,58,Si,Si,Fiber optic,No,No,Si,No,Si,Si,One year,No,Tarjeta de Credito,100.35,5681.1,No
XJ-0280,Masculino,0,No,No,49,Si,Si,Fiber optic,No,Si,Si,No,Si,Si,Month-to-month,Si,Transferencia Bancaria,103.7,5036.3,Si
JL-5129,Masculino,0,No,No,25,Si,No,Fiber optic,Si,No,Si,Si,Si,Si,Month-to-month,Si,Cheque,105.5,2686.05,No
SN-3655,Femenino,0,Si,Si,69,Si,Si,Fiber optic,Si,Si,Si,Si,Si,Si,Two year,No,Tarjeta de Credito,113.25,7895.15,No
XW-8191,Femenino,0,No,No,52,Si,No,No,No internet service,No internet service,No internet service,No internet service,No internet service,No internet service,One year,No,Deposito bancario,20.65,1022.95,No
WO-9959,Masculino,0,No,Si,71,Si,Si,Fiber optic,Si,No,Si,No,Si,Si,Two year,No,Transferencia Bancaria,106.7,7382.25,No
MF-4190,Femenino,0,Si,Si,10,Si,No,DSL,No,No,Si,Si,No,No,Month-to-month,No,Tarjeta de Credito,55.2,528.35,Si
MY-4183,Femenino,0,No,No,21,Si,No,Fiber optic,No,Si,Si,No,No,Si,Month-to-month,Si,Cheque,90.05,1862.9,No
QR-8779,Masculino,1,No,No,1,No,No Servicio Telef nico,DSL,No,No,Si,No,No,Si,Month-to-month,Si,Cheque,39.65,39.65,Si
VD-1680,Masculino,0,Si,No,12,Si,No,No,No internet service,No internet service,No internet service,No internet service,No internet service,No internet service,One year,No,Transferencia Bancaria,19.8,202.25,No
JK-1066,Masculino,0,No,No,1,Si,No,No,No internet service,No internet service,No internet service,No internet service,No internet service,No internet service,Month-to-month,No,Deposito bancario,20.15,20.15,Si
WE-3638,Femenino,0,Si,No,58,Si,Si,DSL,No,Si,No,Si,No,No,Two year,Si,Tarjeta de Credito,59.9,3505.1,No
HR-6322,Masculino,0,Si,Si,49,Si,No,DSL,Si,Si,No,Si,No,No,Month-to-month,No,Tarjeta de Credito,59.6,2970.3,No
JZ-6865,Femenino,0,No,No,30,Si,No,DSL,Si,Si,No,No,No,No,Month-to-month,Si,Transferencia Bancaria,55.3,1530.6,No
CH-6467,Masculino,0,Si,Si,47,Si,Si,Fiber optic,No,Si,No,No,Si,Si,Month-to-month,Si,Cheque,99.35,4749.15,Si
UT-8665,Masculino,0,Si,Si,1,No,No Servicio Telef nico,DSL,No,Si,No,No,No,No,Month-to-month,No,Cheque,30.2,30.2,Si
YG-5248,Masculino,0,Si,No,72,Si,Si,DSL,Si,Si,Si,Si,Si,Si,Two year,Si,Tarjeta de Credito,90.25,6369.45,No
HH-8773,Femenino,0,No,Si,17,Si,No,DSL,No,No,No,No,Si,Si,Month-to-month,Si,Deposito bancario,64.7,1093.1,Si
NF-3841,Femenino,1,Si,No,71,Si,Si,Fiber optic,Si,Si,Si,Si,No,No,Two year,Si,Tarjeta de Credito,96.35,6766.95,No
XI-4929,Masculino,1,Si,No,2,Si,No,Fiber optic,No,No,Si,No,Si,Si,Month-to-month,Si,Tarjeta de Credito,95.5,181.65,No
IE-6827,Femenino,0,Si,Si,27,Si,No,DSL,Si,Si,Si,Si,No,No,One year,No,Deposito bancario,66.15,1874.45,No
EG-7310,Masculino,0,No,No,1,Si,No,No,No internet service,No internet service,No internet service,No internet service,No internet service,No internet service,Month-to-month,No,Transferencia Bancaria,20.2,20.2,No
BM-3413,Masculino,1,No,No,1,Si,No,DSL,No,No,No,No,No,No,Month-to-month,No,Transferencia Bancaria,45.25,45.25,No
RA-6234,Femenino,0,Si,Si,72,Si,Si,Fiber optic,Si,Si,No,Si,Si,No,Two year,No,Transferencia Bancaria,99.9,7251.7,No
YH-6047,Masculino,0,No,No,5,Si,No,Fiber optic,No,No,No,No,No,No,Month-to-month,Si,Cheque,69.7,316.9,Si
AD-6572,Femenino,0,No,No,46,Si,No,Fiber optic,No,No,Si,No,No,No,Month-to-month,Si,Tarjeta de Credito,74.8,3548.3,No
WJ-5380,Masculino,0,No,No,34,Si,Si,Fiber optic,No,Si,Si,No,Si,Si,Month-to-month,Si,Cheque,106.35,3549.25,Si
UQ-8168,Femenino,0,No,No,11,Si,Si,Fiber optic,No,No,Si,No,Si,Si,Month-to-month,Si,Transferencia Bancaria,97.85,1105.4,Si
TN-8865,Masculino,0,Si,Si,10,Si,No,DSL,No,Si,No,No,No,No,One year,No,Deposito bancario,49.55,475.7,No
DE-9489,Femenino,0,Si,Si,70,Si,Si,DSL,Si,Si,No,No,Si,No,Two year,Si,Tarjeta de Credito,69.2,4872.35,No
JC-9867,Femenino,0,Si,Si,17,Si,No,No,No internet service,No internet service,No internet service,No internet service,No internet service,No internet service,One year,No,Deposito bancario,20.75,418.25,No
VJ-4671,Femenino,0,No,No,63,Si,Si,DSL,Si,Si,Si,Si,Si,No,Two year,Si,Tarjeta de Credito,79.85,4861.45,No
II-4080,Femenino,0,Si,No,13,Si,Si,DSL,Si,Si,No,Si,Si,No,Month-to-month,Si,Cheque,76.2,981.45,No
NT-3714,Femenino,0,No,No,49,Si,Si,Fiber optic,No,No,No,No,No,Si,Month-to-month,Si,Cheque,84.5,3906.7,No
UJ-5948,Masculino,0,No,No,2,Si,No,DSL,No,Si,No,No,No,No,Month-to-month,No,Deposito bancario,49.25,97,No
OY-7760,Femenino,0,No,No,2,Si,No,Fiber optic,No,No,No,No,Si,No,Month-to-month,Si,Cheque,80.65,144.15,Si
LI-7639,Masculino,0,No,No,52,Si,Si,DSL,Si,No,No,Si,Si,Si,Two year,Si,Tarjeta de Credito,79.75,4217.8,No
PI-2954,Femenino,0,Si,Si,69,Si,Si,DSL,Si,No,Si,Si,No,No,Two year,Si,Tarjeta de Credito,64.15,4254.1,No
SO-8012,Femenino,1,No,No,43,Si,Si,Fiber optic,No,Si,No,No,Si,No,Month-to-month,Si,Cheque,90.25,3838.75,No
LO-9420,Femenino,0,No,No,15,Si,No,Fiber optic,Si,Si,No,No,Si,Si,Month-to-month,Si,Tarjeta de Credito,99.1,1426.4,Si
SU-6575,Femenino,1,Si,No,25,Si,Si,DSL,Si,No,No,Si,Si,No,Month-to-month,Si,Tarjeta de Credito,69.5,1752.65,No
OO-7495,Femenino,1,Si,No,8,Si,Si,Fiber optic,No,Si,No,No,No,No,Month-to-month,Si,Tarjeta de Credito,80.65,633.3,Si
QO-4667,Femenino,1,Si,Si,60,Si,No,DSL,Si,Si,Si,Si,No,Si,One year,Si,Tarjeta de Credito,74.85,4456.35,No
BY-1658,Masculino,1,No,No,18,Si,Si,Fiber optic,No,No,No,No,Si,Si,Month-to-month,Si,Cheque,95.45,1752.55,Si
KK-8769,Femenino,0,Si,Si,63,Si,Si,Fiber optic,Si,No,No,No,Si,Si,One year,Si,Tarjeta de Credito,99.65,6311.2,No
XJ-5067,Masculino,1,Si,Si,66,Si,Si,Fiber optic,No,Si,Si,Si,Si,Si,One year,Si,Cheque,108.45,7076.35,No
SQ-3957,Femenino,0,Si,Si,34,Si,Si,No,No internet service,No internet service,No internet service,No internet service,No internet service,No internet service,Two year,No,Tarjeta de Credito,24.95,894.3,No
BD-5954,Femenino,0,No,No,72,Si,Si,Fiber optic,No,No,Si,Si,Si,Si,Two year,Si,Tarjeta de Credito,107.5,7853.7,No
CS-0434,Femenino,0,Si,No,47,Si,Si,Fiber optic,No,No,Si,No,Si,Si,Month-to-month,Si,Cheque,100.5,4707.1,No
FI-1215,Masculino,0,No,No,60,Si,Si,Fiber optic,No,Si,No,No,Si,No,Month-to-month,Si,Transferencia Bancaria,89.9,5450.7,No
SX-0526,Masculino,0,Si,No,72,No,No Servicio Telef nico,DSL,Si,Si,Si,No,No,No,Two year,No,Transferencia Bancaria,42.1,2962,No
AS-0557,Femenino,0,Si,Si,18,Si,No,DSL,No,No,Si,Si,No,No,One year,Si,Tarjeta de Credito,54.4,957.1,No
BQ-5698,Femenino,0,No,No,9,Si,Si,Fiber optic,No,No,No,No,Si,Si,Month-to-month,No,Cheque,94.4,857.25,Si
CY-5122,Femenino,0,No,No,3,Si,No,DSL,No,Si,No,Si,Si,Si,Month-to-month,Si,Cheque,75.3,244.1,No
ZY-8627,Masculino,0,Si,No,47,Si,Si,Fiber optic,No,Si,No,No,No,No,One year,Si,Cheque,78.9,3650.35,No
YO-3410,Femenino,0,No,No,31,Si,No,DSL,No,Si,Si,Si,Si,Si,Two year,No,Deposito bancario,79.2,2497.2,No
NM-3170,Femenino,0,Si,Si,50,Si,No,No,No internet service,No internet service,No internet service,No internet service,No internet service,No internet service,Two year,No,Transferencia Bancaria,20.15,930.9,No
OI-7410,Masculino,0,No,No,10,Si,No,Fiber optic,Si,No,Si,No,No,No,Month-to-month,Si,Deposito bancario,79.85,887.35,No
QC-2273,Masculino,0,No,No,1,Si,No,DSL,No,No,No,Si,No,No,Month-to-month,No,Deposito bancario,49.05,49.05,No
EB-0731,Femenino,0,Si,Si,52,Si,No,No,No internet service,No internet service,No internet service,No internet service,No internet service,No internet service,One year,Si,Cheque,20.4,1090.65,No
QR-1891,Masculino,1,Si,Si,64,Si,Si,Fiber optic,Si,No,Si,Si,Si,Si,Two year,Si,Transferencia Bancaria,111.6,7099,No
PN-8028,Masculino,0,Si,Si,62,Si,Si,No,No internet service,No internet service,No internet service,No internet service,No internet service,No internet service,Two year,Si,Transferencia Bancaria,24.25,1424.6,No
AH-5630,Femenino,0,No,Si,3,Si,No,DSL,Si,No,No,Si,No,Si,Month-to-month,Si,Transferencia Bancaria,64.5,177.4,No
CX-2673,Femenino,1,No,No,56,Si,Si,Fiber optic,Si,Si,Si,No,Si,Si,One year,No,Cheque,110.5,6139.5,No
JN-6416,Femenino,0,No,No,46,Si,No,DSL,No,No,No,No,No,Si,One year,No,Tarjeta de Credito,55.65,2688.85,No
ZS-5590,Femenino,0,Si,Si,8,Si,No,DSL,Si,Si,No,No,No,No,Month-to-month,No,Deposito bancario,54.65,482.25,No
ZH-0191,Masculino,1,No,No,30,Si,No,DSL,Si,Si,No,No,Si,Si,Month-to-month,Si,Cheque,74.75,2111.3,No
PB-3887,Femenino,0,Si,Si,45,Si,Si,No,No internet service,No internet service,No internet service,No internet service,No internet service,No internet service,One year,Si,Tarjeta de Credito,25.9,1216.6,No
TM-5919,Femenino,0,No,Si,1,Si,No,Fiber optic,No,No,No,No,Si,No,Month-to-month,Si,Cheque,79.35,79.35,Si
UX-8108,Femenino,0,Si,Si,11,No,No Servicio Telef nico,DSL,Si,No,No,No,Si,Si,Month-to-month,No,Cheque,50.55,565.35,No
MY-9191,Femenino,0,Si,No,7,Si,No,Fiber optic,No,No,Si,No,No,No,Month-to-month,Si,Transferencia Bancaria,75.15,496.9,Si
YL-9919,Femenino,0,No,No,42,Si,No,Fiber optic,No,Si,Si,Si,Si,Si,Month-to-month,Si,Transferencia Bancaria,103.8,4327.5,No
ZO-0318,Femenino,0,Si,No,49,Si,No,No,No internet service,No internet service,No internet service,No internet service,No internet service,No internet service,Two year,Si,Transferencia Bancaria,20.15,973.35,No
ZJ-4445,Masculino,0,No,No,9,Si,Si,Fiber optic,No,Si,No,No,Si,Si,Month-to-month,Si,Tarjeta de Credito,99.3,918.75,No
YN-4808,Femenino,0,Si,No,35,Si,No,DSL,Si,No,No,No,Si,No,One year,Si,Transferencia Bancaria,62.15,2215.45,No
QR-1862,Femenino,0,Si,Si,48,Si,No,No,No internet service,No internet service,No internet service,No internet service,No internet service,No internet service,Two year,No,Transferencia Bancaria,20.65,1057,No
NN-2796,Femenino,0,Si,Si,46,Si,No,No,No internet service,No internet service,No internet service,No internet service,No internet service,No internet service,Two year,Si,Deposito bancario,19.95,927.1,No
KS-3016,Masculino,0,Si,No,29,No,No Servicio Telef nico,DSL,No,No,No,No,Si,No,Month-to-month,No,Deposito bancario,33.75,1009.25,No
HZ-4767,Masculino,0,Si,Si,30,Si,No,Fiber optic,No,Si,Si,No,No,No,Month-to-month,No,Transferencia Bancaria,82.05,2570.2,No
WV-2424,Masculino,1,No,No,1,Si,No,Fiber optic,No,No,No,Si,No,No,Month-to-month,No,Cheque,74.7,74.7,No
PA-7233,Masculino,0,Si,Si,66,Si,Si,DSL,Si,No,Si,Si,Si,Si,Two year,Si,Deposito bancario,84,5714.25,No
NG-6067,Femenino,0,No,No,65,Si,Si,Fiber optic,Si,Si,Si,No,Si,Si,Month-to-month,Si,Tarjeta de Credito,111.05,7107,No
JQ-9848,Masculino,0,No,No,72,Si,Si,Fiber optic,No,Si,Si,No,Si,Si,Two year,Si,Transferencia Bancaria,100.9,7459.05,No
XJ-8637,Femenino,0,No,No,12,Si,Si,Fiber optic,Si,No,No,No,No,No,Month-to-month,Si,Cheque,78.95,927.35,Si
FT-9803,Masculino,0,Si,Si,71,Si,Si,DSL,Si,Si,No,Si,No,No,One year,Si,Tarjeta de Credito,66.85,4748.7,No
YX-0278,Masculino,0,No,No,5,Si,No,No,No internet service,No internet service,No internet service,No internet service,No internet service,No internet service,Month-to-month,No,Deposito bancario,21.05,113.85,Si
KX-3212,Masculino,0,No,No,52,Si,No,No,No internet service,No internet service,No internet service,No internet service,No internet service,No internet service,Two year,No,Transferencia Bancaria,21,1107.2,No
XL-4598,Femenino,1,Si,No,25,Si,No,Fiber optic,No,Si,Si,No,Si,Si,Month-to-month,Si,Cheque,98.5,2514.5,Si
AR-6380,Masculino,0,No,No,1,Si,No,No,No internet service,No internet service,No internet service,No internet service,No internet service,No internet service,Month-to-month,No,Deposito bancario,20.2,20.2,No
XA-3679,Femenino,0,Si,Si,1,Si,No,No,No internet service,No internet service,No internet service,No internet service,No internet service,No internet service,Month-to-month,No,Cheque,19.45,19.45,No
WQ-7123,Masculino,0,No,No,38,Si,Si,Fiber optic,No,No,Si,Si,Si,No,One year,No,Transferencia Bancaria,95,3605.6,No
TH-5386,Femenino,1,Si,No,66,No,No Servicio Telef nico,DSL,No,Si,Si,No,Si,No,One year,No,Transferencia Bancaria,45.55,3027.25,No
NQ-3192,Masculino,0,Si,No,68,Si,Si,Fiber optic,No,Si,Si,Si,Si,Si,Two year,Si,Transferencia Bancaria,110,7611.85,Si
YB-6180,Masculino,0,No,No,5,No,No Servicio Telef nico,DSL,No,No,No,No,No,No,Month-to-month,No,Deposito bancario,24.3,100.2,No
DK-6728,Femenino,0,Si,Si,72,Si,Si,Fiber optic,Si,Si,No,No,Si,Si,One year,Si,Cheque,104.15,7303.05,No
BO-9750,Femenino,0,No,No,32,No,No Servicio Telef nico,DSL,Si,No,No,No,No,No,One year,No,Deposito bancario,30.15,927.65,No
CW-8597,Masculino,0,No,No,43,Si,Si,Fiber optic,No,No,No,No,Si,Si,One year,No,Deposito bancario,94.35,3921.3,No
YX-2848,Masculino,0,Si,Si,72,Si,No,No,No internet service,No internet service,No internet service,No internet service,No internet service,No internet service,Two year,No,Tarjeta de Credito,19.4,1363.25,No
HE-0486,Masculino,0,Si,No,55,Si,Si,Fiber optic,Si,Si,No,No,Si,No,Month-to-month,Si,Cheque,96.75,5238.9,Si
ZD-4549,Femenino,0,No,No,52,Si,No,DSL,Si,No,Si,Si,No,No,One year,No,Tarjeta de Credito,57.95,3042.25,No
AH-5712,Femenino,0,No,No,43,Si,No,Fiber optic,No,Si,Si,No,Si,No,Month-to-month,Si,Cheque,91.65,3954.1,No
WH-4846,Femenino,1,Si,No,37,Si,Si,Fiber optic,No,No,No,No,No,No,Month-to-month,Si,Cheque,76.5,2868.15,Si
SK-5256,Femenino,0,Si,Si,64,No,No Servicio Telef nico,DSL,No,Si,No,Si,Si,Si,Two year,Si,Cheque,54.6,3423.5,No
VB-3071,Masculino,0,Si,Si,3,Si,No,Fiber optic,Si,Si,No,No,Si,No,Month-to-month,No,Cheque,89.85,248.4,No
BB-9560,Femenino,0,No,No,36,No,No Servicio Telef nico,DSL,Si,No,No,No,No,No,Two year,No,Transferencia Bancaria,31.05,1126.35,No
RU-5299,Femenino,0,Si,Si,10,Si,Si,Fiber optic,Si,No,No,No,Si,Si,Month-to-month,Si,Cheque,100.25,1064.65,Si
OO-8402,Femenino,0,No,No,41,Si,No,No,No internet service,No internet service,No internet service,No internet service,No internet service,No internet service,Two year,No,Deposito bancario,20.65,835.15,No
ZU-9445,Masculino,0,Si,Si,27,Si,Si,Fiber optic,No,Si,No,Si,No,No,Month-to-month,Si,Tarjeta de Credito,85.2,2151.6,No
SO-1091,Femenino,0,Si,Si,56,Si,Si,Fiber optic,No,No,Si,No,Si,Si,One year,Si,Tarjeta de Credito,99.8,5515.45,No
HL-2928,Femenino,0,No,No,6,Si,No,No,No internet service,No internet service,No internet service,No internet service,No internet service,No internet service,Month-to-month,No,Deposito bancario,20.7,112.75,No
SW-0404,Masculino,0,No,No,3,Si,Si,Fiber optic,No,No,No,No,No,No,Month-to-month,Si,Cheque,74.4,229.55,Si
TI-6497,Femenino,0,Si,Si,7,Si,No,DSL,Si,No,No,No,No,No,Month-to-month,No,Deposito bancario,50.7,350.35,No
TL-7219,Femenino,0,Si,Si,4,Si,No,No,No internet service,No internet service,No internet service,No internet service,No internet service,No internet service,Month-to-month,No,Deposito bancario,20.85,62.9,No
YN-4622,Masculino,0,No,No,33,Si,No,Fiber optic,Si,No,No,Si,Si,No,Two year,Si,Cheque,88.95,3027.65,No
YL-4412,Femenino,1,No,No,27,Si,Si,Fiber optic,No,No,Si,No,No,No,Month-to-month,Si,Cheque,78.05,2135.5,Si
PS-6734,Masculino,0,Si,No,72,Si,Si,No,No internet service,No internet service,No internet service,No internet service,No internet service,No internet service,Two year,Si,Transferencia Bancaria,23.55,1723.95,No
ZG-3930,Masculino,0,No,No,1,Si,No,No,No internet service,No internet service,No internet service,No internet service,No internet service,No internet service,Month-to-month,No,Deposito bancario,19.75,19.75,No
UG-2639,Masculino,1,No,No,71,No,No Servicio Telef nico,DSL,Si,Si,No,No,Si,Si,One year,Si,Cheque,56.45,3985.35,No
GZ-2876,Femenino,0,No,No,13,Si,Si,Fiber optic,No,No,No,No,No,Si,Month-to-month,Si,Cheque,85.95,1215.65,No
WI-6207,Femenino,0,Si,Si,25,No,No Servicio Telef nico,DSL,Si,Si,Si,No,Si,Si,Month-to-month,Si,Tarjeta de Credito,58.6,1502.65,Si
XY-8587,Masculino,0,No,No,67,Si,No,DSL,No,No,No,Si,No,No,Two year,No,Transferencia Bancaria,50.55,3260.1,No
FY-3091,Masculino,0,No,No,1,No,No Servicio Telef nico,DSL,No,No,No,No,No,Si,Month-to-month,Si,Cheque,35.45,35.45,Si
HW-2372,Masculino,0,No,No,2,Si,No,DSL,No,No,No,No,No,No,Month-to-month,No,Cheque,44.35,81.25,Si
LG-7799,Femenino,0,No,No,43,Si,Si,No,No internet service,No internet service,No internet service,No internet service,No internet service,No internet service,Two year,Si,Tarjeta de Credito,25.7,1188.2,No
VW-7850,Femenino,0,No,No,23,Si,No,Fiber optic,Si,No,No,No,No,No,Month-to-month,Si,Transferencia Bancaria,75,1778.5,No
VB-3774,Femenino,0,Si,Si,64,Si,No,No,No internet service,No internet service,No internet service,No internet service,No internet service,No internet service,Two year,No,Deposito bancario,20.2,1277.75,No
KD-6217,Masculino,0,No,Si,57,Si,No,No,No internet service,No internet service,No internet service,No internet service,No internet service,No internet service,Two year,Si,Deposito bancario,19.6,1170.55,No
DC-0390,Femenino,1,Si,No,1,Si,No,Fiber optic,No,No,No,No,No,No,Month-to-month,Si,Deposito bancario,70.45,70.45,Si
MS-3146,Femenino,1,Si,Si,72,Si,Si,DSL,Si,Si,Si,Si,Si,Si,Two year,Si,Tarjeta de Credito,88.05,6425.65,No
OG-4080,Femenino,0,No,No,8,Si,Si,DSL,Si,No,No,Si,No,Si,Month-to-month,No,Cheque,71.15,563.65,Si
WG-1095,Femenino,0,Si,No,61,Si,Si,Fiber optic,No,Si,No,No,Si,Si,Two year,Si,Transferencia Bancaria,101.05,5971.25,No
SJ-2636,Masculino,0,No,No,64,Si,Si,Fiber optic,Si,Si,No,No,No,No,One year,Si,Tarjeta de Credito,84.3,5289.05,No
QQ-1131,Masculino,1,Si,No,71,Si,Si,No,No internet service,No internet service,No internet service,No internet service,No internet service,No internet service,Two year,No,Transferencia Bancaria,23.95,1756.2,No
EZ-5716,Femenino,0,Si,Si,65,Si,Si,Fiber optic,Si,Si,No,Si,Si,No,Two year,Si,Tarjeta de Credito,99.05,6416.7,No
BJ-6837,Masculino,0,No,No,3,Si,No,No,No internet service,No internet service,No internet service,No internet service,No internet service,No internet service,One year,No,Deposito bancario,19.6,61.35,No
RX-2135,Masculino,0,No,No,1,Si,No,DSL,No,No,No,No,No,No,Month-to-month,Si,Cheque,45.65,45.65,Si
DK-6440,Masculino,0,No,Si,30,Si,No,DSL,No,Si,Si,No,Si,No,One year,No,Tarjeta de Credito,64.5,1929.95,No
BY-3466,Masculino,0,Si,Si,15,Si,No,DSL,No,Si,Si,Si,No,Si,Month-to-month,Si,Deposito bancario,69.5,1071.4,No
YV-3780,Femenino,0,Si,Si,8,Si,No,DSL,No,No,No,Si,Si,Si,Month-to-month,Si,Cheque,68.55,564.35,No
EQ-3874,Masculino,0,No,No,7,Si,Si,Fiber optic,No,No,No,No,Si,Si,Month-to-month,No,Deposito bancario,95,655.5,Si
JR-1679,Femenino,0,Si,Si,70,Si,Si,Fiber optic,Si,Si,Si,No,Si,Si,One year,Si,Tarjeta de Credito,108.15,7930.55,No
ZZ-9073,Masculino,0,Si,Si,62,Si,No,DSL,Si,Si,Si,Si,Si,Si,Two year,No,Cheque,86.1,5215.25,No
RS-3077,Femenino,0,Si,Si,6,Si,No,No,No internet service,No internet service,No internet service,No internet service,No internet service,No internet service,Month-to-month,No,Deposito bancario,19.7,113.5,No
GN-6551,Femenino,0,Si,Si,14,Si,No,Fiber optic,No,No,No,No,No,Si,Month-to-month,Si,Transferencia Bancaria,80.9,1152.8,No
AP-9167,Femenino,0,No,No,22,Si,Si,Fiber optic,No,No,No,No,Si,No,Month-to-month,Si,Transferencia Bancaria,84.15,1821.95,No
CT-2749,Masculino,0,Si,Si,22,Si,No,No,No internet service,No internet service,No internet service,No internet service,No internet service,No internet service,One year,No,Deposito bancario,20.15,419.9,No
NZ-6371,Masculino,0,Si,Si,16,Si,No,DSL,Si,No,Si,No,Si,No,Two year,No,Deposito bancario,64.25,1024,No
NE-7554,Masculino,0,No,No,10,Si,Si,No,No internet service,No internet service,No internet service,No internet service,No internet service,No internet service,Two year,No,Transferencia Bancaria,25.7,251.6,No
VO-8992,Femenino,0,No,Si,13,Si,No,DSL,Si,Si,No,No,No,No,Month-to-month,Si,Cheque,56,764.55,No
MK-0867,Femenino,0,Si,No,20,Si,Si,Fiber optic,Si,No,No,No,No,No,Month-to-month,No,Cheque,82.4,1592.35,Si
EW-4482,Femenino,0,No,No,2,Si,No,Fiber optic,No,No,No,No,No,No,Month-to-month,Si,Cheque,69.7,135.2,No
YP-4648,Masculino,0,No,No,53,Si,Si,DSL,No,Si,Si,Si,No,Si,Two year,Si,Transferencia Bancaria,73.9,3958.25,No
IL-2907,Femenino,0,Si,Si,11,Si,No,No,No internet service,No internet service,No internet service,No internet service,No internet service,No internet service,One year,No,Deposito bancario,20.6,233.9,No
FZ-6345,Masculino,0,Si,No,69,Si,No,No,No internet service,No internet service,No internet service,No internet service,No internet service,No internet service,Two year,No,Deposito bancario,19.9,1363.45,No
BM-3376,Femenino,0,No,No,4,Si,No,Fiber optic,No,No,No,No,No,No,Month-to-month,Si,Transferencia Bancaria,70.9,273,Si
OP-5997,Masculino,0,Si,No,72,Si,Si,DSL,Si,Si,Si,Si,Si,Si,Two year,Si,Transferencia Bancaria,89.05,6254.45,No
HX-3445,Masculino,1,Si,No,58,No,No Servicio Telef nico,DSL,No,Si,Si,No,No,Si,Month-to-month,Si,Cheque,45.3,2651.2,Si
WF-1159,Femenino,0,Si,Si,16,Si,No,No,No internet service,No internet service,No internet service,No internet service,No internet service,No internet service,Month-to-month,No,Cheque,20.4,321.4,No
YW-7654,Masculino,0,Si,No,43,Si,No,Fiber optic,Si,No,Si,Si,No,No,One year,Si,Transferencia Bancaria,84.25,3539.25,No
QI-1875,Femenino,0,Si,No,2,Si,Si,Fiber optic,No,No,Si,Si,Si,Si,Month-to-month,Si,Cheque,104.4,242.8,Si
IO-6727,Masculino,0,Si,No,14,Si,No,DSL,No,Si,Si,Si,Si,Si,Two year,No,Deposito bancario,81.95,1181.75,No
JV-0691,Femenino,0,Si,No,53,Si,No,Fiber optic,No,No,Si,No,Si,Si,One year,Si,Transferencia Bancaria,94.85,5000.2,Si
VU-5918,Femenino,0,No,No,32,Si,No,No,No internet service,No internet service,No internet service,No internet service,No internet service,No internet service,One year,No,Transferencia Bancaria,20.55,654.55,No
JH-1744,Femenino,0,Si,No,34,Si,Si,No,No internet service,No internet service,No internet service,No internet service,No internet service,No internet service,Month-to-month,No,Cheque,24.7,780.2,No
FM-2656,Femenino,1,No,No,15,Si,Si,Fiber optic,No,No,No,No,No,No,Month-to-month,Si,Deposito bancario,74.45,1145.7,Si
FN-2070,Femenino,1,No,No,7,Si,No,Fiber optic,Si,No,No,No,No,No,Month-to-month,No,Transferencia Bancaria,76.45,503.6,Si
SG-5947,Femenino,0,Si,Si,15,Si,Si,Fiber optic,No,Si,Si,No,Si,Si,Month-to-month,Si,Transferencia Bancaria,105.35,1559.25,No
PK-3712,Masculino,0,Si,No,61,Si,No,No,No internet service,No internet service,No internet service,No internet service,No internet service,No internet service,One year,Si,Tarjeta de Credito,20.55,1252,No
YP-6317,Femenino,0,No,No,1,No,No Servicio Telef nico,DSL,No,Si,No,No,No,No,Month-to-month,No,Transferencia Bancaria,29.95,29.95,Si
OI-6582,Femenino,0,No,No,1,Si,No,DSL,No,No,No,No,No,No,Month-to-month,No,Deposito bancario,45.3,45.3,No
WX-9367,Masculino,0,No,No,8,Si,Si,Fiber optic,No,No,No,No,No,Si,Month-to-month,No,Transferencia Bancaria,84.5,662.65,Si
KH-5524,Masculino,0,Si,Si,33,Si,No,DSL,Si,No,Si,No,Si,Si,One year,No,Tarjeta de Credito,74.75,2453.3,No
ZB-1918,Femenino,0,No,No,13,Si,No,Fiber optic,No,Si,Si,No,No,No,Month-to-month,Si,Cheque,79.25,1111.65,Si
GU-1024,Femenino,0,Si,No,1,No,No Servicio Telef nico,DSL,No,No,No,No,No,No,Month-to-month,Si,Cheque,24.8,24.8,Si
US-4827,Masculino,0,No,No,20,Si,No,DSL,No,Si,No,No,No,No,Month-to-month,Si,Deposito bancario,51.8,1023.85,No
GJ-8167,Masculino,0,No,No,3,No,No Servicio Telef nico,DSL,No,No,No,Si,No,No,Month-to-month,No,Cheque,30.4,82.15,No
SY-0956,Femenino,0,No,No,13,Si,No,No,No internet service,No internet service,No internet service,No internet service,No internet service,No internet service,One year,No,Cheque,19.65,244.8,No
UV-8017,Femenino,0,Si,No,40,Si,Si,DSL,No,Si,No,No,No,No,Month-to-month,No,Tarjeta de Credito,56.6,2379.1,No
FQ-7100,Masculino,0,Si,Si,43,Si,Si,DSL,Si,No,No,Si,No,Si,One year,Si,Tarjeta de Credito,71.9,3173.35,No
OV-2472,Masculino,0,Si,No,6,Si,No,Fiber optic,No,Si,Si,No,No,Si,Month-to-month,Si,Cheque,91,531,Si
RG-2984,Femenino,0,Si,Si,69,Si,No,No,No internet service,No internet service,No internet service,No internet service,No internet service,No internet service,Two year,No,Transferencia Bancaria,19.75,1375.4,No
NI-9680,Femenino,0,Si,Si,72,Si,Si,Fiber optic,Si,Si,Si,No,Si,Si,Two year,No,Tarjeta de Credito,109.7,8129.3,No
EG-2146,Masculino,0,Si,Si,59,Si,No,No,No internet service,No internet service,No internet service,No internet service,No internet service,No internet service,Two year,No,Tarjeta de Credito,19.3,1192.7,No
IJ-2604,Femenino,0,Si,No,20,Si,No,Fiber optic,Si,Si,No,Si,Si,No,Month-to-month,Si,Cheque,96.55,1901.65,No
JH-9178,Masculino,0,Si,Si,24,Si,Si,No,No internet service,No internet service,No internet service,No internet service,No internet service,No internet service,Two year,Si,Transferencia Bancaria,24.1,587.4,No
YB-6168,Masculino,0,No,No,59,Si,Si,Fiber optic,No,Si,Si,Si,Si,Si,Month-to-month,Si,Cheque,111.35,6519.75,No
SS-7255,Masculino,0,Si,Si,72,Si,Si,Fiber optic,No,Si,Si,Si,Si,Si,Two year,Si,Transferencia Bancaria,112.25,8041.65,No
DE-3645,Masculino,0,No,Si,1,Si,No,No,No internet service,No internet service,No internet service,No internet service,No internet service,No internet service,Month-to-month,No,Deposito bancario,20.75,20.75,No
HG-9323,Femenino,0,Si,No,27,Si,No,Fiber optic,Si,No,No,Si,Si,Si,One year,Si,Tarjeta de Credito,101.9,2681.15,No
GO-8544,Femenino,0,No,No,14,Si,No,Fiber optic,No,Si,No,Si,No,No,Month-to-month,Si,Tarjeta de Credito,80.05,1112.3,No
DT-3363,Masculino,0,Si,Si,71,Si,Si,Fiber optic,Si,No,Si,No,Si,Si,Two year,No,Cheque,105.55,7405.5,No
WB-7018,Masculino,0,No,Si,13,Si,No,Fiber optic,No,No,No,No,Si,No,Month-to-month,Si,Tarjeta de Credito,78.3,1033.95,No
KZ-9142,Masculino,0,No,No,44,Si,No,Fiber optic,No,No,No,No,No,No,Month-to-month,No,Tarjeta de Credito,68.85,2958.95,No
YT-7674,Femenino,0,No,No,33,Si,No,Fiber optic,No,Si,No,Si,No,No,One year,Si,Transferencia Bancaria,79.95,2684.85,No
SN-6348,Masculino,0,Si,Si,72,No,No Servicio Telef nico,DSL,Si,Si,Si,Si,No,Si,Two year,Si,Tarjeta de Credito,55.45,4179.2,No
OK-1285,Masculino,0,No,No,1,Si,No,Fiber optic,No,No,No,No,No,Si,Month-to-month,No,Cheque,79.9,79.9,Si
EC-7825,Femenino,0,No,No,19,Si,No,Fiber optic,Si,No,Si,Si,Si,Si,Month-to-month,Si,Cheque,106.6,1934.45,Si
KT-1347,Masculino,0,Si,No,64,Si,No,Fiber optic,No,Si,Si,Si,Si,Si,One year,Si,Tarjeta de Credito,102.45,6654.1,No
TZ-7841,Masculino,0,No,No,2,Si,No,DSL,No,No,No,No,No,No,Month-to-month,Si,Tarjeta de Credito,46,84.5,Si
NZ-4195,Femenino,0,No,No,1,No,No Servicio Telef nico,DSL,No,No,No,No,No,No,Month-to-month,No,Cheque,25.25,25.25,No
SM-7157,Masculino,0,No,Si,61,Si,No,No,No internet service,No internet service,No internet service,No internet service,No internet service,No internet service,Two year,No,Deposito bancario,19.75,1124.2,No
LK-4709,Femenino,0,Si,Si,29,Si,No,No,No internet service,No internet service,No internet service,No internet service,No internet service,No internet service,One year,No,Cheque,20,540.05,No
DS-2504,Masculino,1,Si,No,23,Si,Si,Fiber optic,No,No,No,No,No,Si,Month-to-month,No,Cheque,86.8,1975.85,No
ND-0699,Femenino,0,Si,No,57,No,No Servicio Telef nico,DSL,Si,Si,Si,No,Si,Si,Month-to-month,Si,Transferencia Bancaria,58.75,3437.45,No
BH-9286,Masculino,0,Si,Si,72,No,No Servicio Telef nico,DSL,Si,Si,Si,Si,No,No,Two year,No,Tarjeta de Credito,45.25,3139.8,No
WE-0230,Masculino,0,Si,No,66,No,No Servicio Telef nico,DSL,Si,Si,Si,Si,Si,No,Two year,Si,Transferencia Bancaria,56.6,3789.2,No
LD-2040,Masculino,0,Si,Si,65,Si,Si,DSL,No,Si,Si,Si,Si,Si,Two year,Si,Transferencia Bancaria,84.2,5324.5,No
JD-6496,Femenino,0,No,No,8,Si,No,Fiber optic,No,No,No,No,Si,No,Month-to-month,Si,Transferencia Bancaria,80,624.6,No
SS-9408,Femenino,0,No,No,4,Si,No,Fiber optic,No,No,No,No,No,No,Month-to-month,Si,Cheque,70.15,268.35,Si
EM-4443,Femenino,0,Si,No,71,Si,Si,No,No internet service,No internet service,No internet service,No internet service,No internet service,No internet service,Two year,No,Transferencia Bancaria,24.75,1836.9,No
MR-6469,Masculino,0,Si,Si,1,Si,No,No,No internet service,No internet service,No internet service,No internet service,No internet service,No internet service,One year,Si,Cheque,20.2,20.2,No
MO-0742,Masculino,0,Si,No,4,Si,No,DSL,No,No,No,Si,No,No,Month-to-month,No,Deposito bancario,50.05,179.35,Si
VU-5961,Femenino,0,No,No,12,Si,No,No,No internet service,No internet service,No internet service,No internet service,No internet service,No internet service,One year,Si,Transferencia Bancaria,19.35,219.35,No
JF-6778,Masculino,0,No,No,24,No,No Servicio Telef nico,DSL,Si,No,No,No,Si,Si,One year,Si,Deposito bancario,50.6,1288.75,No
JV-6341,Femenino,0,Si,Si,31,Si,No,DSL,Si,No,Si,Si,Si,Si,One year,Si,Deposito bancario,81.15,2545.75,No
DM-2232,Femenino,0,Si,No,1,Si,No,DSL,No,No,No,No,Si,No,Month-to-month,No,Deposito bancario,55.2,55.2,Si
JB-4811,Masculino,0,No,No,30,Si,Si,Fiber optic,No,No,No,Si,No,Si,Month-to-month,Si,Tarjeta de Credito,89.9,2723.15,No
TS-0945,Femenino,0,Si,Si,47,Si,Si,DSL,Si,Si,No,Si,Si,Si,Two year,Si,Tarjeta de Credito,85.3,4107.25,No
ZC-2651,Masculino,0,No,No,54,Si,Si,Fiber optic,Si,Si,No,Si,Si,Si,Two year,Si,Tarjeta de Credito,108,5760.65,No
UW-3316,Masculino,0,No,No,50,Si,No,Fiber optic,Si,Si,No,Si,No,Si,Month-to-month,Si,Tarjeta de Credito,93.5,4747.5,No
RD-8937,Masculino,0,No,No,1,Si,No,Fiber optic,Si,No,No,No,No,Si,Month-to-month,Si,Deposito bancario,84.6,84.6,Si
MI-7083,Femenino,0,No,No,72,Si,No,No,No internet service,No internet service,No internet service,No internet service,No internet service,No internet service,Two year,No,Tarjeta de Credito,20.25,1566.9,No
GP-1984,Femenino,0,No,No,29,Si,Si,No,No internet service,No internet service,No internet service,No internet service,No internet service,No internet service,Month-to-month,No,Cheque,25.15,702,No
KR-1251,Masculino,0,No,No,2,Si,Si,DSL,No,Si,No,No,No,No,Month-to-month,Si,Deposito bancario,54.4,114.1,Si
JF-0621,Femenino,0,No,No,10,No,No Servicio Telef nico,DSL,No,No,No,Si,No,No,Two year,Si,Deposito bancario,29.6,299.05,No
LY-9903,Masculino,0,Si,No,18,Si,Si,Fiber optic,No,No,No,No,No,No,Month-to-month,Si,Cheque,73.15,1305.95,No
OI-0094,Femenino,1,No,No,11,Si,No,Fiber optic,No,Si,No,No,Si,Si,Month-to-month,Si,Cheque,95,1120.3,Si
UA-9227,Masculino,0,No,No,16,Si,No,No,No internet service,No internet service,No internet service,No internet service,No internet service,No internet service,Two year,No,Deposito bancario,19.75,284.35,No
AB-7301,Femenino,0,No,No,72,Si,Si,DSL,No,Si,Si,Si,Si,Si,Two year,No,Transferencia Bancaria,86.6,6350.5,No
FH-6614,Masculino,0,No,No,72,Si,Si,Fiber optic,No,Si,Si,Si,Si,Si,Two year,No,Transferencia Bancaria,109.2,7878.3,No
AS-7576,Femenino,0,Si,Si,41,Si,No,DSL,Si,No,No,Si,Si,Si,One year,Si,Tarjeta de Credito,74.7,3187.65,No
HR-9058,Femenino,1,Si,No,65,Si,No,Fiber optic,Si,Si,Si,No,No,Si,Month-to-month,No,Cheque,94.4,6126.15,No
AK-4522,Femenino,1,No,No,13,Si,No,DSL,No,Si,Si,No,No,No,Month-to-month,Si,Cheque,54.8,731.3,No
WM-0221,Masculino,1,No,No,4,Si,No,Fiber optic,Si,No,No,No,No,No,Month-to-month,No,Cheque,75.35,273.4,No
UN-0303,Masculino,0,No,No,41,Si,Si,DSL,No,No,Si,No,No,Si,One year,No,Deposito bancario,65,2531.8,No
OT-9947,Masculino,1,No,No,15,Si,No,Fiber optic,No,Si,No,No,No,No,Month-to-month,Si,Cheque,74.4,1074.3,Si
YI-0322,Masculino,0,No,No,1,Si,No,DSL,Si,No,No,No,No,No,Month-to-month,Si,Deposito bancario,48.55,48.55,Si
WH-0959,Masculino,0,No,No,42,Si,Si,Fiber optic,Si,Si,Si,No,No,Si,One year,Si,Cheque,99,4298.45,No
JF-4075,Femenino,0,Si,No,51,Si,No,Fiber optic,Si,Si,Si,No,Si,No,One year,Si,Cheque,93.5,4619.55,No
NR-4629,Femenino,0,Si,Si,2,Si,No,Fiber optic,No,No,No,No,No,No,Month-to-month,No,Cheque,70.4,147.15,Si
JD-9514,Masculino,1,Si,No,1,No,No Servicio Telef nico,DSL,No,Si,No,No,Si,No,Month-to-month,No,Cheque,40.2,40.2,Si
ZI-3282,Masculino,0,No,Si,32,Si,Si,DSL,No,Si,Si,Si,Si,Si,One year,No,Tarjeta de Credito,83.7,2633.3,No
YD-3675,Masculino,0,No,No,10,Si,No,No,No internet service,No internet service,No internet service,No internet service,No internet service,No internet service,Month-to-month,Si,Deposito bancario,19.85,193.05,No
BN-4111,Femenino,0,Si,Si,67,No,No Servicio Telef nico,DSL,No,Si,Si,Si,Si,Si,Two year,Si,Cheque,59.55,4103.9,No
VF-7017,Femenino,0,Si,Si,61,Si,Si,Fiber optic,Si,Si,Si,Si,Si,Si,Two year,No,Tarjeta de Credito,115.1,7008.15,No
LH-6655,Masculino,0,No,No,50,Si,Si,Fiber optic,Si,Si,Si,Si,Si,Si,One year,No,Tarjeta de Credito,114.35,5791.1,No
JO-4959,Femenino,0,Si,No,2,Si,No,DSL,No,No,No,No,No,No,Month-to-month,Si,Tarjeta de Credito,44.6,80.55,Si
NU-5046,Femenino,1,Si,No,29,No,No Servicio Telef nico,DSL,Si,No,Si,No,No,Si,Month-to-month,Si,Cheque,45,1228.65,No
TE-7273,Masculino,1,No,No,3,No,No Servicio Telef nico,DSL,No,No,Si,No,No,Si,Month-to-month,Si,Cheque,41.15,132.2,Si
TW-3606,Masculino,1,No,No,13,Si,Si,Fiber optic,No,Si,Si,No,Si,Si,Month-to-month,Si,Cheque,106.9,1364.3,Si
ZD-7529,Masculino,1,Si,No,57,Si,Si,Fiber optic,No,Si,No,No,No,Si,Month-to-month,Si,Cheque,89.85,4925.35,No
BD-7605,Femenino,0,No,No,31,No,No Servicio Telef nico,DSL,Si,Si,No,Si,No,Si,Two year,Si,Transferencia Bancaria,49.85,1520.1,No
KS-1950,Femenino,0,Si,No,45,Si,Si,Fiber optic,Si,Si,Si,Si,Si,Si,One year,No,Deposito bancario,113.3,5032.25,No
CR-0123,Femenino,0,Si,Si,61,Si,Si,DSL,Si,Si,Si,Si,Si,Si,Two year,No,Deposito bancario,88.1,5526.75,No
TO-6292,Masculino,0,No,No,50,Si,Si,No,No internet service,No internet service,No internet service,No internet service,No internet service,No internet service,Two year,No,Transferencia Bancaria,24.9,1195.25,No
AR-3197,Femenino,1,No,No,19,Si,No,Fiber optic,Si,Si,No,Si,Si,Si,Month-to-month,Si,Deposito bancario,105,2007.25,No
AY-6323,Masculino,0,No,No,59,Si,No,No,No internet service,No internet service,No internet service,No internet service,No internet service,No internet service,Two year,No,Deposito bancario,19.35,1099.6,Si
ZZ-7014,Femenino,0,Si,No,71,Si,Si,No,No internet service,No internet service,No internet service,No internet service,No internet service,No internet service,Two year,Si,Tarjeta de Credito,24.25,1732.95,No
GZ-4385,Femenino,1,No,No,16,Si,No,Fiber optic,No,No,No,Si,Si,Si,Month-to-month,Si,Cheque,94.45,1511.2,Si
MV-7633,Masculino,0,Si,No,57,Si,No,DSL,Si,Si,No,Si,No,No,Two year,Si,Cheque,59.75,3450.15,No
ZG-6366,Masculino,0,No,No,1,No,No Servicio Telef nico,DSL,No,No,No,No,No,No,Month-to-month,No,Transferencia Bancaria,24.8,24.8,Si
HH-4716,Masculino,1,Si,No,20,Si,Si,Fiber optic,No,Si,No,Si,Si,Si,Month-to-month,No,Cheque,107.05,2172.05,No
AH-5940,Masculino,0,No,No,1,Si,No,Fiber optic,No,No,No,No,No,No,Month-to-month,No,Deposito bancario,70.6,70.6,Si
TW-6432,Masculino,0,Si,No,5,Si,Si,Fiber optic,No,Si,No,Si,No,No,Month-to-month,Si,Cheque,85.4,401.1,Si
GL-4484,Femenino,0,Si,No,52,Si,Si,Fiber optic,No,Si,Si,No,Si,Si,Month-to-month,Si,Cheque,105.05,5624.85,Si
GB-3179,Masculino,1,Si,No,21,Si,No,DSL,Si,Si,No,No,No,Si,Month-to-month,Si,Transferencia Bancaria,64.95,1339.8,No
KW-8645,Masculino,0,No,No,14,No,No Servicio Telef nico,DSL,No,No,Si,Si,Si,Si,Month-to-month,Si,Cheque,55,771.95,No
MZ-4130,Femenino,0,No,No,5,Si,No,DSL,No,Si,No,No,No,No,Month-to-month,No,Transferencia Bancaria,50.55,244.75,No
TK-0314,Femenino,0,No,No,6,Si,No,DSL,Si,Si,No,No,No,No,Month-to-month,No,Deposito bancario,55.15,322.9,No
MY-8229,Femenino,0,No,No,10,Si,No,DSL,No,Si,No,No,No,No,Month-to-month,No,Cheque,51.2,498.25,No
SR-2080,Femenino,0,No,Si,1,Si,Si,No,No internet service,No internet service,No internet service,No internet service,No internet service,No internet service,Month-to-month,No,Deposito bancario,25.4,25.4,No
WJ-9577,Femenino,0,No,No,68,Si,Si,DSL,Si,No,No,No,No,No,Month-to-month,No,Deposito bancario,54.45,3687.75,No
UI-9512,Masculino,0,Si,Si,18,Si,No,Fiber optic,No,No,Si,No,Si,Si,Month-to-month,No,Deposito bancario,95.15,1779.95,Si
DY-6202,Femenino,0,No,No,22,Si,Si,Fiber optic,No,No,No,No,No,No,One year,Si,Tarjeta de Credito,76,1783.6,No
HF-3808,Femenino,0,No,No,20,Si,No,DSL,No,No,No,No,No,No,Month-to-month,Si,Cheque,44.35,927.15,No
SX-5583,Masculino,0,Si,No,1,Si,No,Fiber optic,No,No,No,No,No,No,Month-to-month,No,Cheque,70,70,Si
PG-3488,Masculino,1,No,No,8,Si,No,Fiber optic,No,Si,No,No,No,No,Month-to-month,Si,Cheque,74.5,606.55,Si
RE-3580,Masculino,0,No,No,10,Si,No,DSL,No,No,No,No,No,No,Month-to-month,Si,Tarjeta de Credito,44.85,435.4,Si
BF-7534,Masculino,1,No,No,24,Si,Si,Fiber optic,No,No,No,No,No,No,Month-to-month,Si,Cheque,76.1,1712.7,Si
OW-3727,Masculino,0,No,No,35,Si,No,DSL,Si,Si,Si,No,No,No,One year,No,Deposito bancario,61.2,2021.2,No
SA-2294,Masculino,0,Si,Si,23,Si,No,Fiber optic,No,Si,Si,Si,No,No,One year,No,Deposito bancario,86.8,1940.8,No
TA-4847,Femenino,1,No,No,6,Si,No,Fiber optic,No,No,No,No,Si,Si,Month-to-month,Si,Cheque,89.35,567.8,No
IW-1563,Femenino,0,No,No,12,Si,No,No,No internet service,No internet service,No internet service,No internet service,No internet service,No internet service,Month-to-month,No,Deposito bancario,19.7,220.35,No
XJ-8203,Masculino,0,No,No,1,Si,No,No,No internet service,No internet service,No internet service,No internet service,No internet service,No internet service,Month-to-month,No,Deposito bancario,20.25,20.25,No
DB-6556,Femenino,0,Si,Si,71,Si,No,Fiber optic,No,No,Si,No,No,No,Two year,No,Cheque,76.05,5436.45,No
WE-6851,Masculino,1,Si,No,35,Si,Si,Fiber optic,No,No,Si,No,Si,Si,Month-to-month,Si,Cheque,100.8,3437.5,No
JU-2985,Masculino,0,Si,Si,40,Si,Si,DSL,No,No,Si,No,Si,Si,Month-to-month,Si,Cheque,74.55,3015.75,No
DS-6390,Femenino,0,No,Si,1,Si,No,Fiber optic,Si,No,No,No,No,No,Month-to-month,Si,Deposito bancario,73.6,73.6,Si
LM-0895,Masculino,0,No,No,23,Si,No,DSL,No,No,No,No,Si,Si,One year,Si,Transferencia Bancaria,64.9,1509.8,No
LL-8098,Femenino,1,No,No,4,Si,Si,Fiber optic,No,No,No,No,Si,Si,Month-to-month,Si,Cheque,95.45,396.1,Si
VB-8266,Masculino,0,No,No,4,Si,No,Fiber optic,No,No,Si,Si,No,Si,Month-to-month,Si,Cheque,90.4,356.65,No
YH-8181,Femenino,0,Si,Si,68,No,No Servicio Telef nico,DSL,No,Si,Si,Si,Si,Si,Two year,No,Tarjeta de Credito,60.3,4109,No
HS-2240,Masculino,0,No,Si,38,Si,Si,Fiber optic,No,Si,No,No,No,No,Month-to-month,Si,Deposito bancario,81.85,3141.7,No
DY-1248,Masculino,0,Si,Si,52,Si,Si,No,No internet service,No internet service,No internet service,No internet service,No internet service,No internet service,Two year,No,Deposito bancario,24.8,1229.1,No
ED-0265,Masculino,1,Si,No,32,Si,Si,Fiber optic,No,No,No,No,No,No,Month-to-month,Si,Cheque,74.9,2303.35,Si
BN-4115,Masculino,0,Si,Si,29,Si,No,DSL,No,No,Si,Si,Si,Si,Two year,No,Deposito bancario,75.55,2054.4,No
SN-3167,Masculino,1,Si,Si,38,Si,Si,Fiber optic,No,Si,No,No,Si,Si,Month-to-month,No,Cheque,101.15,3741.85,No
TV-4091,Masculino,0,No,Si,48,Si,Si,DSL,Si,No,Si,No,Si,Si,One year,Si,Tarjeta de Credito,78.75,3682.45,No
TD-1098,Femenino,0,No,No,1,Si,No,No,No internet service,No internet service,No internet service,No internet service,No internet service,No internet service,Month-to-month,Si,Transferencia Bancaria,19.25,19.25,No
OZ-7277,Femenino,0,No,No,22,Si,No,Fiber optic,Si,No,No,Si,No,Si,Month-to-month,Si,Cheque,89.05,1886.25,No
EM-1557,Femenino,0,No,No,43,Si,Si,Fiber optic,Si,Si,Si,Si,Si,Si,Two year,No,Tarjeta de Credito,115.05,4895.1,No
AR-2799,Femenino,1,Si,No,5,Si,No,Fiber optic,No,No,No,No,No,No,Month-to-month,Si,Cheque,69.35,341.6,No
BI-7563,Masculino,0,No,No,5,Si,No,Fiber optic,No,No,No,No,Si,No,Month-to-month,Si,Cheque,80.6,415.55,Si
YO-5027,Masculino,0,Si,Si,51,Si,Si,Fiber optic,Si,Si,No,Si,Si,Si,One year,No,Tarjeta de Credito,110.05,5686.4,No
SK-3973,Masculino,0,No,No,71,Si,No,No,No internet service,No internet service,No internet service,No internet service,No internet service,No internet service,Two year,Si,Tarjeta de Credito,19.9,1355.1,No
OM-2321,Femenino,0,Si,Si,38,Si,No,DSL,Si,Si,No,Si,Si,Si,One year,No,Tarjeta de Credito,80.3,3058.65,Si
XA-2840,Masculino,1,Si,No,24,Si,No,Fiber optic,No,No,Si,No,Si,Si,Month-to-month,Si,Cheque,93.15,2231.05,Si
JE-6745,Masculino,0,Si,No,35,Si,Si,Fiber optic,No,No,No,Si,Si,No,Month-to-month,Si,Tarjeta de Credito,91.5,3236.35,No
ZS-5020,Femenino,1,No,No,54,Si,Si,DSL,Si,Si,No,Si,Si,Si,One year,No,Transferencia Bancaria,82.45,4350.1,Si
TD-9880,Femenino,0,Si,Si,72,No,No Servicio Telef nico,DSL,No,Si,Si,Si,Si,Si,Two year,Si,Cheque,60,4264,No
WZ-8705,Masculino,0,No,No,1,Si,No,DSL,No,No,No,No,No,No,Month-to-month,Si,Cheque,44.8,44.8,No
JJ-7102,Femenino,0,Si,Si,9,Si,No,DSL,Si,No,No,No,No,No,One year,No,Deposito bancario,48.6,422.3,No
PT-8626,Masculino,0,No,No,69,No,No Servicio Telef nico,DSL,Si,Si,No,Si,Si,Si,Two year,Si,Transferencia Bancaria,60.05,4176.7,No
CL-4983,Femenino,0,Si,No,52,Si,Si,Fiber optic,No,Si,No,Si,Si,Si,Month-to-month,Si,Tarjeta de Credito,102.7,5138.1,No
YV-5701,Femenino,1,Si,No,11,Si,No,Fiber optic,No,No,No,Si,Si,No,Month-to-month,Si,Cheque,82.9,880.05,No
LE-5804,Femenino,1,No,No,2,Si,No,Fiber optic,No,No,No,No,No,No,Month-to-month,Si,Cheque,70.35,139.05,Si
GO-5697,Femenino,1,Si,Si,28,No,No Servicio Telef nico,DSL,No,No,No,No,Si,No,Month-to-month,Si,Cheque,35.9,973.65,No
CA-2739,Femenino,1,No,No,17,Si,Si,Fiber optic,No,No,Si,No,No,No,Month-to-month,Si,Tarjeta de Credito,82.65,1470.05,No
EH-9385,Femenino,0,Si,Si,35,Si,No,No,No internet service,No internet service,No internet service,No internet service,No internet service,No internet service,Two year,Si,Deposito bancario,19.85,739.35,No
FI-9498,Femenino,0,No,No,8,Si,No,No,No internet service,No internet service,No internet service,No internet service,No internet service,No internet service,One year,Si,Deposito bancario,19.2,161.95,No
GY-2379,Masculino,0,No,No,46,Si,Si,Fiber optic,No,Si,Si,No,Si,No,One year,Si,Tarjeta de Credito,94.9,4422.95,No
OA-0122,Femenino,0,No,No,7,Si,Si,Fiber optic,No,No,No,No,No,No,Month-to-month,Si,Cheque,73.85,511.25,Si
SN-2868,Femenino,0,No,No,2,Si,Si,Fiber optic,No,No,Si,No,No,No,Month-to-month,No,Deposito bancario,80.6,155.8,Si
RC-4322,Masculino,0,Si,Si,68,Si,Si,DSL,No,Si,Si,Si,No,Si,One year,Si,Transferencia Bancaria,75.8,5293.95,Si
NE-6680,Femenino,0,No,No,43,Si,Si,Fiber optic,No,Si,Si,No,Si,Si,Two year,Si,Cheque,104.6,4759.85,Si
IE-2088,Femenino,0,No,No,68,Si,Si,DSL,Si,Si,Si,Si,Si,Si,Two year,Si,Cheque,88.15,6148.45,No
VC-7982,Femenino,0,No,No,36,Si,No,Fiber optic,No,Si,No,No,Si,Si,Month-to-month,Si,Tarjeta de Credito,94.8,3565.65,No
EH-1343,Masculino,0,Si,No,63,Si,Si,Fiber optic,No,Si,Si,No,Si,Si,Month-to-month,Si,Cheque,103.4,6603,Si
BX-6035,Femenino,1,No,No,32,Si,No,DSL,No,Si,No,Si,No,No,Month-to-month,No,Transferencia Bancaria,54.65,1830.1,No
PK-6885,Femenino,0,Si,No,71,Si,Si,DSL,Si,Si,Si,Si,Si,Si,Two year,No,Tarjeta de Credito,85.75,6223.8,No
HQ-7520,Femenino,0,Si,Si,66,Si,Si,DSL,Si,Si,Si,No,No,No,Month-to-month,Si,Transferencia Bancaria,67.45,4508.65,No
BU-9639,Masculino,0,No,No,63,Si,No,No,No internet service,No internet service,No internet service,No internet service,No internet service,No internet service,One year,No,Deposito bancario,20.5,1328.15,No
SN-5924,Femenino,0,No,Si,41,Si,No,No,No internet service,No internet service,No internet service,No internet service,No internet service,No internet service,One year,Si,Tarjeta de Credito,20.25,865,No
IK-0021,Femenino,1,No,No,1,Si,Si,Fiber optic,No,No,No,No,No,No,Month-to-month,Si,Cheque,72.1,72.1,No
GD-2034,Femenino,0,No,No,2,Si,No,Fiber optic,No,No,No,No,Si,Si,Month-to-month,Si,Cheque,90.4,168.2,Si
SN-8966,Femenino,0,Si,No,70,Si,No,No,No internet service,No internet service,No internet service,No internet service,No internet service,No internet service,Two year,No,Transferencia Bancaria,19.45,1303.5,No
OZ-6243,Femenino,0,No,No,23,No,No Servicio Telef nico,DSL,No,No,No,No,Si,Si,Month-to-month,Si,Cheque,44.95,996.85,No
DL-4654,Femenino,1,Si,No,64,Si,No,Fiber optic,Si,Si,Si,No,No,Si,One year,No,Transferencia Bancaria,97,6430.9,No
RB-0513,Masculino,0,Si,Si,37,Si,Si,DSL,Si,No,Si,Si,No,No,Two year,Si,Tarjeta de Credito,62.8,2278.75,No
UX-5160,Masculino,0,No,Si,17,Si,No,DSL,No,No,No,No,No,No,One year,No,Deposito bancario,44.6,681.4,No
NZ-4115,Femenino,1,No,No,7,Si,No,Fiber optic,No,No,No,No,Si,Si,Month-to-month,Si,Cheque,89.15,574.35,No
YT-0219,Masculino,0,Si,Si,4,Si,Si,Fiber optic,No,Si,Si,No,No,No,Month-to-month,Si,Transferencia Bancaria,84.8,371.9,Si
II-0623,Femenino,1,No,No,21,No,No Servicio Telef nico,DSL,Si,No,No,No,Si,No,Month-to-month,Si,Cheque,41.9,840.1,Si
DV-4572,Femenino,0,No,No,10,Si,No,Fiber optic,No,No,No,No,No,Si,Month-to-month,Si,Transferencia Bancaria,80.25,846,Si
NG-3351,Femenino,1,No,No,16,Si,Si,DSL,Si,No,No,No,No,No,Month-to-month,Si,Cheque,54.1,889,No
EY-8984,Masculino,0,Si,No,64,Si,Si,Fiber optic,No,Si,No,Si,Si,Si,Two year,Si,Cheque,105.25,6823.4,No
MS-9057,Masculino,1,Si,No,27,No,No Servicio Telef nico,DSL,Si,No,No,No,No,No,Month-to-month,No,Tarjeta de Credito,30.75,805.1,Si
TG-9833,Masculino,0,Si,Si,42,Si,Si,Fiber optic,Si,No,No,No,Si,Si,One year,No,Cheque,97.1,4016.75,No
TD-9294,Masculino,0,No,Si,5,Si,No,No,No internet service,No internet service,No internet service,No internet service,No internet service,No internet service,Month-to-month,No,Deposito bancario,20.2,83.75,No
DT-5229,Femenino,0,No,No,41,Si,No,Fiber optic,No,Si,No,Si,Si,Si,Two year,Si,Transferencia Bancaria,98.8,3959.15,No
PP-0104,Masculino,0,Si,No,58,Si,No,DSL,No,No,Si,No,No,No,One year,No,Tarjeta de Credito,50.3,2878.55,No
LM-5176,Femenino,0,No,No,47,Si,No,No,No internet service,No internet service,No internet service,No internet service,No internet service,No internet service,Two year,Si,Deposito bancario,20.55,945.7,No
KR-3583,Masculino,0,No,No,18,Si,No,Fiber optic,No,No,No,Si,No,No,Month-to-month,Si,Transferencia Bancaria,75.9,1373.05,No
DI-1010,Masculino,0,No,No,5,Si,No,Fiber optic,No,No,Si,No,Si,Si,Month-to-month,No,Transferencia Bancaria,96.5,492.55,Si
LG-9069,Masculino,0,Si,No,23,Si,No,DSL,Si,No,No,No,No,Si,Month-to-month,Si,Transferencia Bancaria,59.95,1406,No
ZH-7302,Femenino,0,No,No,1,Si,No,No,No internet service,No internet service,No internet service,No internet service,No internet service,No internet service,Month-to-month,No,Deposito bancario,19.15,19.15,No
ED-9571,Masculino,0,Si,No,71,Si,Si,Fiber optic,No,No,Si,No,Si,Si,One year,Si,Tarjeta de Credito,98.65,6962.85,No
FJ-3520,Masculino,0,Si,Si,72,Si,Si,Fiber optic,Si,Si,Si,Si,Si,Si,Two year,Si,Tarjeta de Credito,112.6,8126.65,No
VR-6563,Masculino,0,Si,Si,33,Si,No,No,No internet service,No internet service,No internet service,No internet service,,No internet service,One year,No,,20.6,690.25,No
GB-0259,Masculino,0,No,No,2,Si,Si,Fiber optic,No,No,,No,,No,Month-to-month,Si,Cheque,85.65,181.5,Si
EF-6122,Masculino,0,No,Si,24,No,No Servicio Telef nico,DSL,Si,No,No,Si,No,No,Two year,No,Deposito bancario,35.75,830.8,No
ED-2805,Femenino,0,Si,Si,56,Si,Si,Fiber optic,No,Si,Si,Si,No,Si,One year,Si,Tarjeta de Credito,99.75,5608.4,No
CQ-6862,Masculino,0,No,No,37,Si,No,Fiber optic,No,Si,No,No,Si,Si,Month-to-month,Si,Tarjeta de Credito,96.1,3646.8,No
MX-7156,Femenino,0,No,No,43,Si,Si,DSL,No,Si,Si,Si,Si,Si,One year,No,Tarjeta de Credito,85.1,3662.25,No
HD-6158,Masculino,0,No,No,1,No,No Servicio Telef nico,DSL,No,No,No,No,No,No,Month-to-month,No,Deposito bancario,25.35,25.35,No
BR-9601,Femenino,0,Si,No,25,Si,Si,Fiber optic,No,No,Si,Si,Si,Si,Month-to-month,Si,Transferencia Bancaria,104.95,2566.5,Si
IM-2863,Femenino,0,No,No,61,Si,Si,DSL,Si,Si,Si,Si,Si,Si,Two year,No,Cheque,89.65,5308.7,No
CM-5686,Masculino,0,No,No,17,Si,Si,Fiber optic,No,No,Si,Si,No,No,One year,No,Cheque,86.75,1410.25,No
CR-5651,Femenino,0,Si,No,41,Si,No,Fiber optic,No,Si,Si,Si,No,No,One year,Si,Transferencia Bancaria,86.2,3339.05,No
NI-6905,Masculino,0,No,No,1,Si,No,DSL,No,Si,No,No,No,No,Month-to-month,No,Deposito bancario,50.65,50.65,Si
YJ-8204,Masculino,1,Si,Si,72,No,No Servicio Telef nico,DSL,Si,Si,Si,Si,Si,Si,Two year,Si,Transferencia Bancaria,64.8,4732.35,No
ZF-5167,Masculino,0,No,No,1,Si,Si,Fiber optic,No,Si,No,No,No,Si,Month-to-month,Si,Tarjeta de Credito,90.85,90.85,Si
SZ-6583,Masculino,0,No,No,48,Si,Si,Fiber optic,No,Si,Si,No,Si,Si,Two year,Si,Transferencia Bancaria,108.1,5067.45,No
TM-4895,Masculino,1,Si,No,11,Si,No,No,No internet service,No internet service,No internet service,No internet service,No internet service,No internet service,Month-to-month,No,Deposito bancario,19.95,214.75,Si
BN-0533,Femenino,1,Si,No,55,Si,Si,Fiber optic,No,Si,Si,No,No,No,Month-to-month,Si,Cheque,85.45,4874.7,Si
PB-1708,Femenino,0,No,No,42,No,No Servicio Telef nico,DSL,Si,Si,Si,Si,No,Si,One year,Si,Cheque,54.75,2348.45,No
LK-8782,Masculino,0,No,No,44,Si,Si,Fiber optic,No,No,Si,No,No,Si,Month-to-month,Si,Deposito bancario,90.4,4063,No
JB-5522,Masculino,0,No,Si,1,Si,No,DSL,No,No,No,No,No,No,Month-to-month,No,Cheque,44,44,No
MV-3597,Femenino,0,No,No,27,Si,Si,Fiber optic,No,No,No,No,Si,Si,Month-to-month,Si,Transferencia Bancaria,95.6,2595.25,No
NR-9774,Masculino,1,Si,No,27,Si,Si,DSL,No,Si,Si,Si,Si,Si,Month-to-month,Si,Transferencia Bancaria,84.8,2309.55,No
RL-0224,Femenino,1,No,No,2,Si,No,DSL,No,No,No,No,No,No,Month-to-month,Si,Cheque,44.3,89.3,No
AT-9967,Femenino,0,No,No,19,Si,No,No,No internet service,No internet service,No internet service,No internet service,No internet service,No internet service,Month-to-month,No,Deposito bancario,19.9,367.55,No
NJ-3951,Femenino,1,Si,No,42,Si,Si,Fiber optic,No,No,No,No,Si,Si,Month-to-month,Si,Cheque,95.05,3944.5,No
CE-2977,Femenino,0,No,No,66,Si,Si,DSL,Si,Si,Si,Si,Si,Si,Two year,Si,Tarjeta de Credito,90.05,5965.95,No
PX-0177,Masculino,1,Si,No,33,Si,Si,Fiber optic,Si,No,Si,Si,Si,Si,Month-to-month,Si,Transferencia Bancaria,109.9,3694.7,No
CE-6599,Femenino,0,No,No,34,Si,No,Fiber optic,No,Si,No,No,No,No,Month-to-month,Si,Tarjeta de Credito,73.95,2524.45,Si
ER-2519,Masculino,1,No,No,33,No,No Servicio Telef nico,DSL,No,No,Si,Si,Si,Si,Month-to-month,Si,Cheque,54.6,1803.7,No
ON-6152,Femenino,0,Si,No,68,Si,Si,DSL,Si,No,No,Si,No,No,One year,No,Transferencia Bancaria,58.25,3975.7,No
ZG-9063,Femenino,0,Si,Si,61,Si,No,No,No internet service,No internet service,No internet service,No internet service,No internet service,No internet service,Month-to-month,Si,Deposito bancario,19.4,1182.55,Si
HV-7781,Femenino,0,Si,Si,72,No,No Servicio Telef nico,DSL,Si,Si,Si,Si,Si,Si,Two year,Si,Tarjeta de Credito,65.2,4784.45,No
HZ-4767,Masculino,0,Si,Si,30,Si,No,Fiber optic,No,Si,Si,No,No,No,Month-to-month,No,Transferencia Bancaria,82.05,2570.2,No
WV-2424,Masculino,1,No,No,1,Si,No,Fiber optic,No,No,No,Si,No,No,Month-to-month,No,Cheque,74.7,74.7,No
